band,a_min,s_max,top_n,selector,entry_id,repetition,eligible_count,status,selected_line_id,seed,reproducible,selected_weight,minimum_weight,maximum_weight,maximum_weight_ratio,selected_abstraction_similarity,selected_surface_similarity,selected_domain_primary
primary,0.425,0.425,10,uniform,E001,1,7,line,L105,10418858375838657071,true,1.0,1.0,1.0,1.0,0.45954306,0.31184876,expectation
primary,0.425,0.425,10,uniform,E001,2,7,line,L008,9586743709219150784,true,1.0,1.0,1.0,1.0,0.51076583,0.33863505,choice
primary,0.425,0.425,10,uniform,E001,3,7,line,L077,592022256592927774,true,1.0,1.0,1.0,1.0,0.47823804,0.34014468,loss
primary,0.425,0.425,10,uniform,E002,1,6,line,L014,1815355824330082398,true,1.0,1.0,1.0,1.0,0.49814276,0.35131283,uncertainty
primary,0.425,0.425,10,uniform,E002,2,5,line,L101,18076360836035844122,true,1.0,1.0,1.0,1.0,0.45774265,0.32990119,expectation
primary,0.425,0.425,10,uniform,E002,3,5,line,L033,3549279955528802194,true,1.0,1.0,1.0,1.0,0.50902639,0.15610312,relationship
primary,0.425,0.425,10,uniform,E003,1,9,line,L004,9795306835945811074,true,1.0,1.0,1.0,1.0,0.55661925,0.17748176,choice
primary,0.425,0.425,10,uniform,E003,2,5,line,L057,17565425801133371163,true,1.0,1.0,1.0,1.0,0.43294838,0.23557381,failure
primary,0.425,0.425,10,uniform,E003,3,9,line,L004,14691705969429648236,true,1.0,1.0,1.0,1.0,0.52711788,0.17748176,choice
primary,0.425,0.425,10,uniform,E004,1,6,line,L046,7307250828110910356,true,1.0,1.0,1.0,1.0,0.46008485,0.4008016,work
primary,0.425,0.425,10,uniform,E004,2,6,line,L015,1221977699985596942,true,1.0,1.0,1.0,1.0,0.42634336,0.33712419,uncertainty
primary,0.425,0.425,10,uniform,E004,3,6,line,L011,14426421530041133937,true,1.0,1.0,1.0,1.0,0.49460933,0.38158767,uncertainty
primary,0.425,0.425,10,uniform,E005,1,5,line,L107,7282619217601536890,true,1.0,1.0,1.0,1.0,0.51433535,0.35910134,expectation
primary,0.425,0.425,10,uniform,E005,2,7,line,L055,15748930167514970636,true,1.0,1.0,1.0,1.0,0.47846763,0.3950313,failure
primary,0.425,0.425,10,uniform,E005,3,6,line,L012,16753612837345930773,true,1.0,1.0,1.0,1.0,0.48708478,0.35046519,uncertainty
primary,0.425,0.425,10,uniform,E006,1,6,line,L055,10262907433805545832,true,1.0,1.0,1.0,1.0,0.46116804,0.31585709,failure
primary,0.425,0.425,10,uniform,E006,2,4,line,L023,18042843141699994572,true,1.0,1.0,1.0,1.0,0.49999514,0.35435937,relationship
primary,0.425,0.425,10,uniform,E006,3,4,line,L023,1163312150509658095,true,1.0,1.0,1.0,1.0,0.49999514,0.35435937,relationship
primary,0.425,0.425,10,uniform,E007,1,9,line,L071,1123868814260843555,true,1.0,1.0,1.0,1.0,0.55672482,0.36771435,loss
primary,0.425,0.425,10,uniform,E007,2,9,line,L022,17707032008760263518,true,1.0,1.0,1.0,1.0,0.45749242,0.29381087,relationship
primary,0.425,0.425,10,uniform,E007,3,9,line,L076,15890260528026092210,true,1.0,1.0,1.0,1.0,0.46465665,0.24737956,loss
primary,0.425,0.425,10,uniform,E008,1,2,line,L064,9089463680271204443,true,1.0,1.0,1.0,1.0,0.46620368,0.41759224,change
primary,0.425,0.425,10,uniform,E008,2,4,line,L101,1622075943198844954,true,1.0,1.0,1.0,1.0,0.42650536,0.34201367,expectation
primary,0.425,0.425,10,uniform,E008,3,3,line,L082,10835537203951822082,true,1.0,1.0,1.0,1.0,0.4420239,0.35274282,self
primary,0.425,0.425,10,uniform,E009,1,5,line,L045,15737626019537287687,true,1.0,1.0,1.0,1.0,0.45764067,0.33597565,work
primary,0.425,0.425,10,uniform,E009,2,3,line,L034,7017005612764680389,true,1.0,1.0,1.0,1.0,0.47160783,0.18616093,relationship
primary,0.425,0.425,10,uniform,E009,3,7,line,L045,16654790029986043526,true,1.0,1.0,1.0,1.0,0.54551964,0.33597565,work
primary,0.425,0.425,10,uniform,E010,1,7,line,L007,7474984048184739343,true,1.0,1.0,1.0,1.0,0.45563553,0.26188547,choice
primary,0.425,0.425,10,uniform,E010,2,5,line,L087,13968013845702785015,true,1.0,1.0,1.0,1.0,0.6279804,0.39540397,self
primary,0.425,0.425,10,uniform,E010,3,7,line,L031,2342842644922167404,true,1.0,1.0,1.0,1.0,0.4930794,0.35939074,relationship
primary,0.425,0.425,10,uniform,E011,1,6,line,L021,15445412766682343378,true,1.0,1.0,1.0,1.0,0.45114529,0.29820927,relationship
primary,0.425,0.425,10,uniform,E011,2,6,line,L082,16452615835445950093,true,1.0,1.0,1.0,1.0,0.44389351,0.32516403,self
primary,0.425,0.425,10,uniform,E011,3,9,line,L032,2807033777464634395,true,1.0,1.0,1.0,1.0,0.53023901,0.32661157,relationship
primary,0.425,0.425,10,uniform,E012,1,7,line,L082,9319747233651277781,true,1.0,1.0,1.0,1.0,0.51419189,0.36664174,self
primary,0.425,0.425,10,uniform,E012,2,5,line,L035,8099451354487219362,true,1.0,1.0,1.0,1.0,0.56304561,0.36599469,relationship
primary,0.425,0.425,10,uniform,E012,3,7,line,L022,6717569070870376100,true,1.0,1.0,1.0,1.0,0.58195648,0.24200782,relationship
primary,0.425,0.425,10,uniform,E013,1,3,line,L101,12514979856087306974,true,1.0,1.0,1.0,1.0,0.52363832,0.33099117,expectation
primary,0.425,0.425,10,uniform,E013,2,3,line,L041,10562541228388731142,true,1.0,1.0,1.0,1.0,0.67945298,0.40398528,work
primary,0.425,0.425,10,uniform,E013,3,3,line,L041,16840386472138250256,true,1.0,1.0,1.0,1.0,0.68906939,0.40398528,work
primary,0.425,0.425,10,uniform,E014,1,0,silence,,4994277167912552707,true,,,,,,,
primary,0.425,0.425,10,uniform,E014,2,0,silence,,17154228650628662984,true,,,,,,,
primary,0.425,0.425,10,uniform,E014,3,0,silence,,11828780811247916003,true,,,,,,,
primary,0.425,0.425,10,uniform,E015,1,9,line,L037,5108536779453357120,true,1.0,1.0,1.0,1.0,0.45500722,0.2336148,relationship
primary,0.425,0.425,10,uniform,E015,2,7,line,L004,4963155642254140804,true,1.0,1.0,1.0,1.0,0.4801776,0.34903811,choice
primary,0.425,0.425,10,uniform,E015,3,7,line,L088,16652227655731484285,true,1.0,1.0,1.0,1.0,0.46843045,0.23145982,self
primary,0.425,0.425,10,uniform,E016,1,9,line,L024,7643935400145056541,true,1.0,1.0,1.0,1.0,0.44371644,0.27476525,relationship
primary,0.425,0.425,10,uniform,E016,2,9,line,L106,17827920318451893469,true,1.0,1.0,1.0,1.0,0.4740658,0.35841907,expectation
primary,0.425,0.425,10,uniform,E016,3,9,line,L114,2023343022544715862,true,1.0,1.0,1.0,1.0,0.43326794,0.3460203,daily_life
primary,0.425,0.425,10,uniform,E017,1,5,line,L095,10219562820779695759,true,1.0,1.0,1.0,1.0,0.48292206,0.3584124,time
primary,0.425,0.425,10,uniform,E017,2,2,line,L064,11457425130941659040,true,1.0,1.0,1.0,1.0,0.48530162,0.38642203,change
primary,0.425,0.425,10,uniform,E017,3,7,line,L107,15934300896051240561,true,1.0,1.0,1.0,1.0,0.45115981,0.22011605,expectation
primary,0.425,0.425,10,uniform,E018,1,8,line,L118,15936931154767373137,true,1.0,1.0,1.0,1.0,0.4686331,0.27811751,daily_life
primary,0.425,0.425,10,uniform,E018,2,0,silence,,5212375706318490410,true,,,,,,,
primary,0.425,0.425,10,uniform,E018,3,8,line,L102,10842978474012102864,true,1.0,1.0,1.0,1.0,0.5916111,0.3536098,expectation
primary,0.425,0.425,10,uniform,E019,1,6,line,L062,2482854344084269788,true,1.0,1.0,1.0,1.0,0.44006104,0.31299574,change
primary,0.425,0.425,10,uniform,E019,2,9,line,L013,847488523742959676,true,1.0,1.0,1.0,1.0,0.50304362,0.19491762,uncertainty
primary,0.425,0.425,10,uniform,E019,3,5,line,L043,12999710830113562700,true,1.0,1.0,1.0,1.0,0.44744407,0.2539084,work
primary,0.425,0.425,10,uniform,E020,1,8,line,L042,17570569190978810571,true,1.0,1.0,1.0,1.0,0.55722802,0.33421199,work
primary,0.425,0.425,10,uniform,E020,2,8,line,L068,14777161230378505879,true,1.0,1.0,1.0,1.0,0.48590655,0.33357445,change
primary,0.425,0.425,10,uniform,E020,3,8,line,L115,14078745486532302547,true,1.0,1.0,1.0,1.0,0.50774336,0.24053052,daily_life
primary,0.425,0.425,10,uniform,E021,1,9,line,L033,4273160823726804535,true,1.0,1.0,1.0,1.0,0.46741523,0.21012102,relationship
primary,0.425,0.425,10,uniform,E021,2,10,line,L022,4780355652012951342,true,1.0,1.0,1.0,1.0,0.46066697,0.13873288,relationship
primary,0.425,0.425,10,uniform,E021,3,10,line,L031,9564867978829526387,true,1.0,1.0,1.0,1.0,0.47209261,0.25397302,relationship
primary,0.425,0.425,10,uniform,E022,1,5,line,L054,7567060495963791278,true,1.0,1.0,1.0,1.0,0.50542412,0.24516813,failure
primary,0.425,0.425,10,uniform,E022,2,5,line,L063,2550724108362446449,true,1.0,1.0,1.0,1.0,0.53843198,0.23077668,change
primary,0.425,0.425,10,uniform,E022,3,5,line,L027,10428351203441084270,true,1.0,1.0,1.0,1.0,0.51387328,0.25064178,relationship
primary,0.425,0.425,10,uniform,E023,1,8,line,L068,12225648772027476851,true,1.0,1.0,1.0,1.0,0.43495556,0.34937521,change
primary,0.425,0.425,10,uniform,E023,2,8,line,L057,15146102931498470855,true,1.0,1.0,1.0,1.0,0.4348515,0.26819181,failure
primary,0.425,0.425,10,uniform,E023,3,8,line,L048,11516105883259442250,true,1.0,1.0,1.0,1.0,0.43255274,0.35975242,work
primary,0.425,0.425,10,uniform,E024,1,7,line,L068,330473171419209412,true,1.0,1.0,1.0,1.0,0.51061319,0.38063633,change
primary,0.425,0.425,10,uniform,E024,2,6,line,L008,16825835966078418111,true,1.0,1.0,1.0,1.0,0.48515363,0.42318476,choice
primary,0.425,0.425,10,uniform,E024,3,7,line,L004,1150077449655025461,true,1.0,1.0,1.0,1.0,0.54731384,0.27197478,choice
primary,0.425,0.425,10,uniform,E025,1,10,line,L076,5288228495175161201,true,1.0,1.0,1.0,1.0,0.43309741,0.19088503,loss
primary,0.425,0.425,10,uniform,E025,2,10,line,L066,12352902315759129894,true,1.0,1.0,1.0,1.0,0.46094501,0.27486681,change
primary,0.425,0.425,10,uniform,E025,3,9,line,L085,17327024317641569776,true,1.0,1.0,1.0,1.0,0.45776486,0.2700306,self
primary,0.425,0.425,10,uniform,E026,1,3,line,L114,7461710069461762370,true,1.0,1.0,1.0,1.0,0.46057759,0.3418251,daily_life
primary,0.425,0.425,10,uniform,E026,2,4,line,L007,18098212098119025639,true,1.0,1.0,1.0,1.0,0.46068326,0.26683279,choice
primary,0.425,0.425,10,uniform,E026,3,5,line,L043,5106098356127507995,true,1.0,1.0,1.0,1.0,0.46338045,0.3131226,work
primary,0.425,0.425,10,uniform,E027,1,4,line,L031,12710915507337412627,true,1.0,1.0,1.0,1.0,0.47089164,0.24453802,relationship
primary,0.425,0.425,10,uniform,E027,2,8,line,L031,6417914055427047881,true,1.0,1.0,1.0,1.0,0.48899561,0.24453802,relationship
primary,0.425,0.425,10,uniform,E027,3,4,line,L031,2737858224479029675,true,1.0,1.0,1.0,1.0,0.46855269,0.24453802,relationship
primary,0.425,0.425,10,uniform,E028,1,8,line,L107,16856995648896496,true,1.0,1.0,1.0,1.0,0.48925781,0.22831233,expectation
primary,0.425,0.425,10,uniform,E028,2,9,line,L097,6279286373351141716,true,1.0,1.0,1.0,1.0,0.77156645,0.33459265,time
primary,0.425,0.425,10,uniform,E028,3,8,line,L014,10423223718057304698,true,1.0,1.0,1.0,1.0,0.48983729,0.34648482,uncertainty
primary,0.425,0.425,10,uniform,E029,1,8,line,L034,6883957246945208592,true,1.0,1.0,1.0,1.0,0.48242462,0.24938173,relationship
primary,0.425,0.425,10,uniform,E029,2,7,line,L117,5957727193249846668,true,1.0,1.0,1.0,1.0,0.46079717,0.25932428,daily_life
primary,0.425,0.425,10,uniform,E029,3,8,line,L033,15557198007359036769,true,1.0,1.0,1.0,1.0,0.45852667,0.20041477,relationship
primary,0.425,0.425,10,uniform,E030,1,7,line,L044,9683567800026816012,true,1.0,1.0,1.0,1.0,0.45699288,0.24722714,work
primary,0.425,0.425,10,uniform,E030,2,7,line,L117,15328553586266511351,true,1.0,1.0,1.0,1.0,0.48240944,0.28183646,daily_life
primary,0.425,0.425,10,uniform,E030,3,7,line,L098,10308303624880637439,true,1.0,1.0,1.0,1.0,0.62757694,0.40664635,time
primary,0.425,0.425,10,uniform,E031,1,7,line,L064,12794797496014467620,true,1.0,1.0,1.0,1.0,0.43045227,0.3131894,change
primary,0.425,0.425,10,uniform,E031,2,9,line,L105,12967263327635345140,true,1.0,1.0,1.0,1.0,0.4752235,0.31395301,expectation
primary,0.425,0.425,10,uniform,E031,3,8,line,L105,12688601981085555976,true,1.0,1.0,1.0,1.0,0.47269659,0.31395301,expectation
primary,0.425,0.425,10,uniform,E032,1,7,line,L042,15363036219394373628,true,1.0,1.0,1.0,1.0,0.55860899,0.3735743,work
primary,0.425,0.425,10,uniform,E032,2,6,line,L105,2250051636181321151,true,1.0,1.0,1.0,1.0,0.49785887,0.24185273,expectation
primary,0.425,0.425,10,uniform,E032,3,7,line,L042,9305075733112308375,true,1.0,1.0,1.0,1.0,0.57420882,0.3735743,work
primary,0.425,0.425,10,uniform,E033,1,8,line,L005,2334393918895814645,true,1.0,1.0,1.0,1.0,0.54972056,0.4087465,choice
primary,0.425,0.425,10,uniform,E033,2,7,line,L082,954997009096998732,true,1.0,1.0,1.0,1.0,0.42878421,0.27164553,self
primary,0.425,0.425,10,uniform,E033,3,6,line,L106,15871875286480241601,true,1.0,1.0,1.0,1.0,0.49865828,0.37847858,expectation
primary,0.425,0.425,10,uniform,E034,1,6,line,L046,1842886833937335187,true,1.0,1.0,1.0,1.0,0.56218715,0.34859445,work
primary,0.425,0.425,10,uniform,E034,2,6,line,L088,2770733435912147992,true,1.0,1.0,1.0,1.0,0.4435479,0.38110717,self
primary,0.425,0.425,10,uniform,E034,3,6,line,L117,13816464800827979821,true,1.0,1.0,1.0,1.0,0.4832939,0.37966494,daily_life
primary,0.425,0.425,10,uniform,E035,1,5,line,L111,14914593227553786428,true,1.0,1.0,1.0,1.0,0.43843297,0.38032982,daily_life
primary,0.425,0.425,10,uniform,E035,2,6,line,L111,6882861025263232741,true,1.0,1.0,1.0,1.0,0.43628085,0.38032982,daily_life
primary,0.425,0.425,10,uniform,E035,3,6,line,L111,10831108169839833784,true,1.0,1.0,1.0,1.0,0.49691849,0.38032982,daily_life
primary,0.425,0.425,10,uniform,E036,1,9,line,L117,2100214599939928499,true,1.0,1.0,1.0,1.0,0.4730362,0.21741543,daily_life
primary,0.425,0.425,10,uniform,E036,2,4,line,L114,4750442612808793486,true,1.0,1.0,1.0,1.0,0.46669447,0.358757,daily_life
primary,0.425,0.425,10,uniform,E036,3,9,line,L068,13410304871280061412,true,1.0,1.0,1.0,1.0,0.56108366,0.34173912,change
primary,0.425,0.425,10,abstraction_bounded_weighted,E001,1,7,line,L105,10418858375838657071,true,0.79595005,0.75,1.25,1.66666667,0.45954306,0.31184876,expectation
primary,0.425,0.425,10,abstraction_bounded_weighted,E001,2,7,line,L008,9586743709219150784,true,0.9306991,0.75,1.25,1.66666667,0.51076583,0.33863505,choice
primary,0.425,0.425,10,abstraction_bounded_weighted,E001,3,7,line,L077,592022256592927774,true,0.7781391,0.75,1.25,1.66666667,0.47823804,0.34014468,loss
primary,0.425,0.425,10,abstraction_bounded_weighted,E002,1,6,line,L014,1815355824330082398,true,1.25,0.75,1.25,1.66666667,0.49814276,0.35131283,uncertainty
primary,0.425,0.425,10,abstraction_bounded_weighted,E002,2,5,line,L101,18076360836035844122,true,0.93446504,0.75,1.25,1.66666667,0.45774265,0.32990119,expectation
primary,0.425,0.425,10,abstraction_bounded_weighted,E002,3,5,line,L033,3549279955528802194,true,1.25,0.75,1.25,1.66666667,0.50902639,0.15610312,relationship
primary,0.425,0.425,10,abstraction_bounded_weighted,E003,1,9,line,L004,9795306835945811074,true,1.25,0.75,1.25,1.66666667,0.55661925,0.17748176,choice
primary,0.425,0.425,10,abstraction_bounded_weighted,E003,2,5,line,L012,17565425801133371163,true,0.98904135,0.75,1.25,1.66666667,0.45609141,0.1963141,uncertainty
primary,0.425,0.425,10,abstraction_bounded_weighted,E003,3,9,line,L004,14691705969429648236,true,0.95030877,0.75,1.25,1.66666667,0.52711788,0.17748176,choice
primary,0.425,0.425,10,abstraction_bounded_weighted,E004,1,6,line,L046,7307250828110910356,true,0.78229327,0.75,1.25,1.66666667,0.46008485,0.4008016,work
primary,0.425,0.425,10,abstraction_bounded_weighted,E004,2,6,line,L091,1221977699985596942,true,1.18430257,0.75,1.25,1.66666667,0.49872228,0.40571526,time
primary,0.425,0.425,10,abstraction_bounded_weighted,E004,3,6,line,L011,14426421530041133937,true,1.00909024,0.75,1.25,1.66666667,0.49460933,0.38158767,uncertainty
primary,0.425,0.425,10,abstraction_bounded_weighted,E005,1,5,line,L107,7282619217601536890,true,1.24823323,0.75,1.25,1.66666667,0.51433535,0.35910134,expectation
primary,0.425,0.425,10,abstraction_bounded_weighted,E005,2,7,line,L067,15748930167514970636,true,0.90936642,0.75,1.25,1.66666667,0.47496179,0.35715443,change
primary,0.425,0.425,10,abstraction_bounded_weighted,E005,3,6,line,L012,16753612837345930773,true,1.07769757,0.75,1.25,1.66666667,0.48708478,0.35046519,uncertainty
primary,0.425,0.425,10,abstraction_bounded_weighted,E006,1,6,line,L055,10262907433805545832,true,0.84567647,0.75,1.25,1.66666667,0.46116804,0.31585709,failure
primary,0.425,0.425,10,abstraction_bounded_weighted,E006,2,4,line,L045,18042843141699994572,true,1.25,0.75,1.25,1.66666667,0.57768486,0.29981392,work
primary,0.425,0.425,10,abstraction_bounded_weighted,E006,3,4,line,L023,1163312150509658095,true,0.90137473,0.75,1.25,1.66666667,0.49999514,0.35435937,relationship
primary,0.425,0.425,10,abstraction_bounded_weighted,E007,1,9,line,L071,1123868814260843555,true,1.25,0.75,1.25,1.66666667,0.55672482,0.36771435,loss
primary,0.425,0.425,10,abstraction_bounded_weighted,E007,2,9,line,L022,17707032008760263518,true,0.81241604,0.75,1.25,1.66666667,0.45749242,0.29381087,relationship
primary,0.425,0.425,10,abstraction_bounded_weighted,E007,3,9,line,L076,15890260528026092210,true,0.83790425,0.75,1.25,1.66666667,0.46465665,0.24737956,loss
primary,0.425,0.425,10,abstraction_bounded_weighted,E008,1,2,line,L064,9089463680271204443,true,1.25,0.75,1.25,1.66666667,0.46620368,0.41759224,change
primary,0.425,0.425,10,abstraction_bounded_weighted,E008,2,4,line,L101,1622075943198844954,true,0.75,0.75,1.25,1.66666667,0.42650536,0.34201367,expectation
primary,0.425,0.425,10,abstraction_bounded_weighted,E008,3,3,line,L082,10835537203951822082,true,0.75846509,0.75,1.25,1.66666667,0.4420239,0.35274282,self
primary,0.425,0.425,10,abstraction_bounded_weighted,E009,1,5,line,L036,15737626019537287687,true,1.25,0.75,1.25,1.66666667,0.57557845,0.35841569,relationship
primary,0.425,0.425,10,abstraction_bounded_weighted,E009,2,3,line,L034,7017005612764680389,true,1.25,0.75,1.25,1.66666667,0.47160783,0.18616093,relationship
primary,0.425,0.425,10,abstraction_bounded_weighted,E009,3,7,line,L045,16654790029986043526,true,1.13722174,0.75,1.25,1.66666667,0.54551964,0.33597565,work
primary,0.425,0.425,10,abstraction_bounded_weighted,E010,1,7,line,L007,7474984048184739343,true,0.77121461,0.75,1.25,1.66666667,0.45563553,0.26188547,choice
primary,0.425,0.425,10,abstraction_bounded_weighted,E010,2,5,line,L087,13968013845702785015,true,1.25,0.75,1.25,1.66666667,0.6279804,0.39540397,self
primary,0.425,0.425,10,abstraction_bounded_weighted,E010,3,7,line,L031,2342842644922167404,true,0.92107245,0.75,1.25,1.66666667,0.4930794,0.35939074,relationship
primary,0.425,0.425,10,abstraction_bounded_weighted,E011,1,6,line,L021,15445412766682343378,true,0.78568796,0.75,1.25,1.66666667,0.45114529,0.29820927,relationship
primary,0.425,0.425,10,abstraction_bounded_weighted,E011,2,6,line,L082,16452615835445950093,true,0.75,0.75,1.25,1.66666667,0.44389351,0.32516403,self
primary,0.425,0.425,10,abstraction_bounded_weighted,E011,3,9,line,L032,2807033777464634395,true,1.25,0.75,1.25,1.66666667,0.53023901,0.32661157,relationship
primary,0.425,0.425,10,abstraction_bounded_weighted,E012,1,7,line,L082,9319747233651277781,true,0.88770621,0.75,1.25,1.66666667,0.51419189,0.36664174,self
primary,0.425,0.425,10,abstraction_bounded_weighted,E012,2,5,line,L082,8099451354487219362,true,1.25,0.75,1.25,1.66666667,0.64541229,0.36664174,self
primary,0.425,0.425,10,abstraction_bounded_weighted,E012,3,7,line,L022,6717569070870376100,true,1.22691949,0.75,1.25,1.66666667,0.58195648,0.24200782,relationship
primary,0.425,0.425,10,abstraction_bounded_weighted,E013,1,3,line,L101,12514979856087306974,true,0.91955289,0.75,1.25,1.66666667,0.52363832,0.33099117,expectation
primary,0.425,0.425,10,abstraction_bounded_weighted,E013,2,3,line,L041,10562541228388731142,true,1.25,0.75,1.25,1.66666667,0.67945298,0.40398528,work
primary,0.425,0.425,10,abstraction_bounded_weighted,E013,3,3,line,L041,16840386472138250256,true,1.25,0.75,1.25,1.66666667,0.68906939,0.40398528,work
primary,0.425,0.425,10,abstraction_bounded_weighted,E014,1,0,silence,,4994277167912552707,true,,,,,,,
primary,0.425,0.425,10,abstraction_bounded_weighted,E014,2,0,silence,,17154228650628662984,true,,,,,,,
primary,0.425,0.425,10,abstraction_bounded_weighted,E014,3,0,silence,,11828780811247916003,true,,,,,,,
primary,0.425,0.425,10,abstraction_bounded_weighted,E015,1,9,line,L037,5108536779453357120,true,0.83735648,0.75,1.25,1.66666667,0.45500722,0.2336148,relationship
primary,0.425,0.425,10,abstraction_bounded_weighted,E015,2,7,line,L004,4963155642254140804,true,0.89425374,0.75,1.25,1.66666667,0.4801776,0.34903811,choice
primary,0.425,0.425,10,abstraction_bounded_weighted,E015,3,7,line,L088,16652227655731484285,true,0.83061979,0.75,1.25,1.66666667,0.46843045,0.23145982,self
primary,0.425,0.425,10,abstraction_bounded_weighted,E016,1,9,line,L024,7643935400145056541,true,0.80743583,0.75,1.25,1.66666667,0.44371644,0.27476525,relationship
primary,0.425,0.425,10,abstraction_bounded_weighted,E016,2,9,line,L095,17827920318451893469,true,0.97621212,0.75,1.25,1.66666667,0.48255012,0.34405922,time
primary,0.425,0.425,10,abstraction_bounded_weighted,E016,3,9,line,L114,2023343022544715862,true,0.76426157,0.75,1.25,1.66666667,0.43326794,0.3460203,daily_life
primary,0.425,0.425,10,abstraction_bounded_weighted,E017,1,5,line,L095,10219562820779695759,true,1.06795136,0.75,1.25,1.66666667,0.48292206,0.3584124,time
primary,0.425,0.425,10,abstraction_bounded_weighted,E017,2,2,line,L064,11457425130941659040,true,1.25,0.75,1.25,1.66666667,0.48530162,0.38642203,change
primary,0.425,0.425,10,abstraction_bounded_weighted,E017,3,7,line,L107,15934300896051240561,true,0.89384418,0.75,1.25,1.66666667,0.45115981,0.22011605,expectation
primary,0.425,0.425,10,abstraction_bounded_weighted,E018,1,8,line,L118,15936931154767373137,true,0.99364122,0.75,1.25,1.66666667,0.4686331,0.27811751,daily_life
primary,0.425,0.425,10,abstraction_bounded_weighted,E018,2,0,silence,,5212375706318490410,true,,,,,,,
primary,0.425,0.425,10,abstraction_bounded_weighted,E018,3,8,line,L102,10842978474012102864,true,1.25,0.75,1.25,1.66666667,0.5916111,0.3536098,expectation
primary,0.425,0.425,10,abstraction_bounded_weighted,E019,1,6,line,L062,2482854344084269788,true,0.85897565,0.75,1.25,1.66666667,0.44006104,0.31299574,change
primary,0.425,0.425,10,abstraction_bounded_weighted,E019,2,9,line,L013,847488523742959676,true,1.25,0.75,1.25,1.66666667,0.50304362,0.19491762,uncertainty
primary,0.425,0.425,10,abstraction_bounded_weighted,E019,3,5,line,L043,12999710830113562700,true,0.85038848,0.75,1.25,1.66666667,0.44744407,0.2539084,work
primary,0.425,0.425,10,abstraction_bounded_weighted,E020,1,8,line,L042,17570569190978810571,true,1.25,0.75,1.25,1.66666667,0.55722802,0.33421199,work
primary,0.425,0.425,10,abstraction_bounded_weighted,E020,2,8,line,L068,14777161230378505879,true,0.92637275,0.75,1.25,1.66666667,0.48590655,0.33357445,change
primary,0.425,0.425,10,abstraction_bounded_weighted,E020,3,8,line,L115,14078745486532302547,true,1.04702437,0.75,1.25,1.66666667,0.50774336,0.24053052,daily_life
primary,0.425,0.425,10,abstraction_bounded_weighted,E021,1,9,line,L033,4273160823726804535,true,0.83185481,0.75,1.25,1.66666667,0.46741523,0.21012102,relationship
primary,0.425,0.425,10,abstraction_bounded_weighted,E021,2,10,line,L022,4780355652012951342,true,0.77659861,0.75,1.25,1.66666667,0.46066697,0.13873288,relationship
primary,0.425,0.425,10,abstraction_bounded_weighted,E021,3,10,line,L015,9564867978829526387,true,0.78659768,0.75,1.25,1.66666667,0.45536358,0.30368207,uncertainty
primary,0.425,0.425,10,abstraction_bounded_weighted,E022,1,5,line,L063,7567060495963791278,true,1.25,0.75,1.25,1.66666667,0.53175611,0.23077668,change
primary,0.425,0.425,10,abstraction_bounded_weighted,E022,2,5,line,L063,2550724108362446449,true,1.24506804,0.75,1.25,1.66666667,0.53843198,0.23077668,change
primary,0.425,0.425,10,abstraction_bounded_weighted,E022,3,5,line,L027,10428351203441084270,true,0.75036702,0.75,1.25,1.66666667,0.51387328,0.25064178,relationship
primary,0.425,0.425,10,abstraction_bounded_weighted,E023,1,8,line,L068,12225648772027476851,true,0.88778395,0.75,1.25,1.66666667,0.43495556,0.34937521,change
primary,0.425,0.425,10,abstraction_bounded_weighted,E023,2,8,line,L068,15146102931498470855,true,0.88778395,0.75,1.25,1.66666667,0.43495556,0.34937521,change
primary,0.425,0.425,10,abstraction_bounded_weighted,E023,3,8,line,L051,11516105883259442250,true,0.75,0.75,1.25,1.66666667,0.42603783,0.42254639,failure
primary,0.425,0.425,10,abstraction_bounded_weighted,E024,1,7,line,L068,330473171419209412,true,0.96812638,0.75,1.25,1.66666667,0.51061319,0.38063633,change
primary,0.425,0.425,10,abstraction_bounded_weighted,E024,2,6,line,L008,16825835966078418111,true,0.82842991,0.75,1.25,1.66666667,0.48515363,0.42318476,choice
primary,0.425,0.425,10,abstraction_bounded_weighted,E024,3,7,line,L004,1150077449655025461,true,0.9891562,0.75,1.25,1.66666667,0.54731384,0.27197478,choice
primary,0.425,0.425,10,abstraction_bounded_weighted,E025,1,10,line,L076,5288228495175161201,true,0.75,0.75,1.25,1.66666667,0.43309741,0.19088503,loss
primary,0.425,0.425,10,abstraction_bounded_weighted,E025,2,10,line,L066,12352902315759129894,true,0.75,0.75,1.25,1.66666667,0.46094501,0.27486681,change
primary,0.425,0.425,10,abstraction_bounded_weighted,E025,3,9,line,L085,17327024317641569776,true,0.97932083,0.75,1.25,1.66666667,0.45776486,0.2700306,self
primary,0.425,0.425,10,abstraction_bounded_weighted,E026,1,3,line,L114,7461710069461762370,true,1.01245357,0.75,1.25,1.66666667,0.46057759,0.3418251,daily_life
primary,0.425,0.425,10,abstraction_bounded_weighted,E026,2,4,line,L007,18098212098119025639,true,1.08553496,0.75,1.25,1.66666667,0.46068326,0.26683279,choice
primary,0.425,0.425,10,abstraction_bounded_weighted,E026,3,5,line,L043,5106098356127507995,true,0.94952209,0.75,1.25,1.66666667,0.46338045,0.3131226,work
primary,0.425,0.425,10,abstraction_bounded_weighted,E027,1,4,line,L031,12710915507337412627,true,0.75,0.75,1.25,1.66666667,0.47089164,0.24453802,relationship
primary,0.425,0.425,10,abstraction_bounded_weighted,E027,2,8,line,L031,6417914055427047881,true,0.99306688,0.75,1.25,1.66666667,0.48899561,0.24453802,relationship
primary,0.425,0.425,10,abstraction_bounded_weighted,E027,3,4,line,L031,2737858224479029675,true,0.75,0.75,1.25,1.66666667,0.46855269,0.24453802,relationship
primary,0.425,0.425,10,abstraction_bounded_weighted,E028,1,8,line,L107,16856995648896496,true,0.85859238,0.75,1.25,1.66666667,0.48925781,0.22831233,expectation
primary,0.425,0.425,10,abstraction_bounded_weighted,E028,2,9,line,L097,6279286373351141716,true,1.25,0.75,1.25,1.66666667,0.77156645,0.33459265,time
primary,0.425,0.425,10,abstraction_bounded_weighted,E028,3,8,line,L014,10423223718057304698,true,0.85966721,0.75,1.25,1.66666667,0.48983729,0.34648482,uncertainty
primary,0.425,0.425,10,abstraction_bounded_weighted,E029,1,8,line,L034,6883957246945208592,true,0.98931093,0.75,1.25,1.66666667,0.48242462,0.24938173,relationship
primary,0.425,0.425,10,abstraction_bounded_weighted,E029,2,7,line,L117,5957727193249846668,true,0.75,0.75,1.25,1.66666667,0.46079717,0.25932428,daily_life
primary,0.425,0.425,10,abstraction_bounded_weighted,E029,3,8,line,L017,15557198007359036769,true,1.25,0.75,1.25,1.66666667,0.55317611,0.10202789,uncertainty
primary,0.425,0.425,10,abstraction_bounded_weighted,E030,1,7,line,L065,9683567800026816012,true,1.1117049,0.75,1.25,1.66666667,0.58475348,0.27529016,change
primary,0.425,0.425,10,abstraction_bounded_weighted,E030,2,7,line,L117,15328553586266511351,true,0.78324543,0.75,1.25,1.66666667,0.48240944,0.28183646,daily_life
primary,0.425,0.425,10,abstraction_bounded_weighted,E030,3,7,line,L098,10308303624880637439,true,1.25,0.75,1.25,1.66666667,0.62757694,0.40664635,time
primary,0.425,0.425,10,abstraction_bounded_weighted,E031,1,7,line,L064,12794797496014467620,true,0.7866359,0.75,1.25,1.66666667,0.43045227,0.3131894,change
primary,0.425,0.425,10,abstraction_bounded_weighted,E031,2,9,line,L105,12967263327635345140,true,0.9448178,0.75,1.25,1.66666667,0.4752235,0.31395301,expectation
primary,0.425,0.425,10,abstraction_bounded_weighted,E031,3,8,line,L105,12688601981085555976,true,1.10236548,0.75,1.25,1.66666667,0.47269659,0.31395301,expectation
primary,0.425,0.425,10,abstraction_bounded_weighted,E032,1,7,line,L042,15363036219394373628,true,1.21231719,0.75,1.25,1.66666667,0.55860899,0.3735743,work
primary,0.425,0.425,10,abstraction_bounded_weighted,E032,2,6,line,L105,2250051636181321151,true,0.8043418,0.75,1.25,1.66666667,0.49785887,0.24185273,expectation
primary,0.425,0.425,10,abstraction_bounded_weighted,E032,3,7,line,L042,9305075733112308375,true,1.18818049,0.75,1.25,1.66666667,0.57420882,0.3735743,work
primary,0.425,0.425,10,abstraction_bounded_weighted,E033,1,8,line,L005,2334393918895814645,true,1.01528616,0.75,1.25,1.66666667,0.54972056,0.4087465,choice
primary,0.425,0.425,10,abstraction_bounded_weighted,E033,2,7,line,L082,954997009096998732,true,0.75154554,0.75,1.25,1.66666667,0.42878421,0.27164553,self
primary,0.425,0.425,10,abstraction_bounded_weighted,E033,3,6,line,L106,15871875286480241601,true,1.25,0.75,1.25,1.66666667,0.49865828,0.37847858,expectation
primary,0.425,0.425,10,abstraction_bounded_weighted,E034,1,6,line,L046,1842886833937335187,true,1.25,0.75,1.25,1.66666667,0.56218715,0.34859445,work
primary,0.425,0.425,10,abstraction_bounded_weighted,E034,2,6,line,L088,2770733435912147992,true,0.88749471,0.75,1.25,1.66666667,0.4435479,0.38110717,self
primary,0.425,0.425,10,abstraction_bounded_weighted,E034,3,6,line,L117,13816464800827979821,true,1.14510013,0.75,1.25,1.66666667,0.4832939,0.37966494,daily_life
primary,0.425,0.425,10,abstraction_bounded_weighted,E035,1,5,line,L111,14914593227553786428,true,0.88273074,0.75,1.25,1.66666667,0.43843297,0.38032982,daily_life
primary,0.425,0.425,10,abstraction_bounded_weighted,E035,2,6,line,L111,6882861025263232741,true,0.76417703,0.75,1.25,1.66666667,0.43628085,0.38032982,daily_life
primary,0.425,0.425,10,abstraction_bounded_weighted,E035,3,6,line,L111,10831108169839833784,true,1.25,0.75,1.25,1.66666667,0.49691849,0.38032982,daily_life
primary,0.425,0.425,10,abstraction_bounded_weighted,E036,1,9,line,L117,2100214599939928499,true,0.84524926,0.75,1.25,1.66666667,0.4730362,0.21741543,daily_life
primary,0.425,0.425,10,abstraction_bounded_weighted,E036,2,4,line,L114,4750442612808793486,true,0.92214189,0.75,1.25,1.66666667,0.46669447,0.358757,daily_life
primary,0.425,0.425,10,abstraction_bounded_weighted,E036,3,9,line,L068,13410304871280061412,true,1.25,0.75,1.25,1.66666667,0.56108366,0.34173912,change
primary,0.425,0.425,10,surface_band_center,E001,1,7,line,L105,10418858375838657071,true,1.14028076,0.75,1.21538042,1.62050723,0.45954306,0.31184876,expectation
primary,0.425,0.425,10,surface_band_center,E001,2,7,line,L008,9586743709219150784,true,1.21538042,0.75,1.21538042,1.62050723,0.51076583,0.33863505,choice
primary,0.425,0.425,10,surface_band_center,E001,3,7,line,L102,592022256592927774,true,0.98727858,0.75,1.21538042,1.62050723,0.67227799,0.28345473,expectation
primary,0.425,0.425,10,surface_band_center,E002,1,6,line,L014,1815355824330082398,true,1.0563996,0.75,1.14818779,1.53091705,0.49814276,0.35131283,uncertainty
primary,0.425,0.425,10,surface_band_center,E002,2,5,line,L101,18076360836035844122,true,1.10366275,0.75,1.18746703,1.58328938,0.45774265,0.32990119,expectation
primary,0.425,0.425,10,surface_band_center,E002,3,5,line,L033,3549279955528802194,true,0.75,0.75,1.18746703,1.58328938,0.50902639,0.15610312,relationship
primary,0.425,0.425,10,surface_band_center,E003,1,9,line,L004,9795306835945811074,true,0.75,0.75,1.24146633,1.65528843,0.55661925,0.17748176,choice
primary,0.425,0.425,10,surface_band_center,E003,2,5,line,L057,17565425801133371163,true,0.98469806,0.75,1.24146633,1.65528843,0.43294838,0.23557381,failure
primary,0.425,0.425,10,surface_band_center,E003,3,9,line,L004,14691705969429648236,true,0.75,0.75,1.24146633,1.65528843,0.52711788,0.17748176,choice
primary,0.425,0.425,10,surface_band_center,E004,1,6,line,L046,7307250828110910356,true,0.92445647,0.75,1.0629778,1.41730373,0.46008485,0.4008016,work
primary,0.425,0.425,10,surface_band_center,E004,2,6,line,L015,1221977699985596942,true,1.19694472,0.75,1.19694472,1.5959263,0.42634336,0.33712419,uncertainty
primary,0.425,0.425,10,surface_band_center,E004,3,6,line,L011,14426421530041133937,true,1.0629778,0.75,1.0629778,1.41730373,0.49460933,0.38158767,uncertainty
primary,0.425,0.425,10,surface_band_center,E005,1,5,line,L107,7282619217601536890,true,0.95084845,0.75,1.02262791,1.36350388,0.51433535,0.35910134,expectation
primary,0.425,0.425,10,surface_band_center,E005,2,7,line,L067,15748930167514970636,true,1.18722076,0.75,1.20337038,1.60449385,0.47496179,0.35715443,change
primary,0.425,0.425,10,surface_band_center,E005,3,6,line,L012,16753612837345930773,true,0.96419049,0.75,1.08988059,1.45317411,0.48708478,0.35046519,uncertainty
primary,0.425,0.425,10,surface_band_center,E006,1,6,line,L055,10262907433805545832,true,1.17537285,0.75,1.23789939,1.65053252,0.46116804,0.31585709,failure
primary,0.425,0.425,10,surface_band_center,E006,2,4,line,L023,18042843141699994572,true,1.02531432,0.75,1.23789939,1.65053252,0.49999514,0.35435937,relationship
primary,0.425,0.425,10,surface_band_center,E006,3,4,line,L023,1163312150509658095,true,1.02531432,0.75,1.23789939,1.65053252,0.49999514,0.35435937,relationship
primary,0.425,0.425,10,surface_band_center,E007,1,9,line,L071,1123868814260843555,true,1.04300324,0.75,1.10352894,1.47137192,0.55672482,0.36771435,loss
primary,0.425,0.425,10,surface_band_center,E007,2,9,line,L022,17707032008760263518,true,1.01463286,0.75,1.22798424,1.63731232,0.45749242,0.29381087,relationship
primary,0.425,0.425,10,surface_band_center,E007,3,9,line,L076,15890260528026092210,true,0.75436694,0.75,1.22798424,1.63731232,0.46465665,0.24737956,loss
primary,0.425,0.425,10,surface_band_center,E008,1,2,line,L064,9089463680271204443,true,0.83020905,0.75,0.83020905,1.1069454,0.46620368,0.41759224,change
primary,0.425,0.425,10,surface_band_center,E008,2,4,line,L101,1622075943198844954,true,1.05280655,0.75,1.22428894,1.63238525,0.42650536,0.34201367,expectation
primary,0.425,0.425,10,surface_band_center,E008,3,3,line,L082,10835537203951822082,true,1.04176242,0.75,1.04176242,1.38901656,0.4420239,0.35274282,self
primary,0.425,0.425,10,surface_band_center,E009,1,5,line,L045,15737626019537287687,true,1.1227378,0.75,1.19316966,1.59089288,0.45764067,0.33597565,work
primary,0.425,0.425,10,surface_band_center,E009,2,3,line,L036,7017005612764680389,true,1.02878316,0.75,1.1227378,1.49698374,0.45131463,0.35841569,relationship
primary,0.425,0.425,10,surface_band_center,E009,3,7,line,L045,16654790029986043526,true,1.1227378,0.75,1.2137083,1.61827774,0.54551964,0.33597565,work
primary,0.425,0.425,10,surface_band_center,E010,1,7,line,L007,7474984048184739343,true,0.75,0.75,1.18190309,1.57587079,0.45563553,0.26188547,choice
primary,0.425,0.425,10,surface_band_center,E010,2,5,line,L087,13968013845702785015,true,0.9836562,0.75,1.23202477,1.64269969,0.6279804,0.39540397,self
primary,0.425,0.425,10,surface_band_center,E010,3,7,line,L031,2342842644922167404,true,1.15222818,0.75,1.18190309,1.57587079,0.4930794,0.35939074,relationship
primary,0.425,0.425,10,surface_band_center,E011,1,6,line,L021,15445412766682343378,true,1.20348786,0.75,1.20348786,1.60465047,0.45114529,0.29820927,relationship
primary,0.425,0.425,10,surface_band_center,E011,2,6,line,L082,16452615835445950093,true,1.18032775,0.75,1.20348786,1.60465047,0.44389351,0.32516403,self
primary,0.425,0.425,10,surface_band_center,E011,3,9,line,L032,2807033777464634395,true,1.17408835,0.75,1.22971141,1.63961521,0.53023901,0.32661157,relationship
primary,0.425,0.425,10,surface_band_center,E012,1,7,line,L082,9319747233651277781,true,1.06891122,0.75,1.08580123,1.44773498,0.51419189,0.36664174,self
primary,0.425,0.425,10,surface_band_center,E012,2,5,line,L035,8099451354487219362,true,1.07244717,0.75,1.08580123,1.44773498,0.56304561,0.36599469,relationship
primary,0.425,0.425,10,surface_band_center,E012,3,7,line,L022,6717569070870376100,true,0.75,0.75,1.08580123,1.44773498,0.58195648,0.24200782,relationship
primary,0.425,0.425,10,surface_band_center,E013,1,3,line,L101,12514979856087306974,true,0.75,0.75,0.97353985,1.29805314,0.52363832,0.33099117,expectation
primary,0.425,0.425,10,surface_band_center,E013,2,3,line,L041,10562541228388731142,true,0.97353985,0.75,0.97353985,1.29805314,0.67945298,0.40398528,work
primary,0.425,0.425,10,surface_band_center,E013,3,3,line,L041,16840386472138250256,true,0.97353985,0.75,0.97353985,1.29805314,0.68906939,0.40398528,work
primary,0.425,0.425,10,surface_band_center,E014,1,0,silence,,4994277167912552707,true,,,,,,,
primary,0.425,0.425,10,surface_band_center,E014,2,0,silence,,17154228650628662984,true,,,,,,,
primary,0.425,0.425,10,surface_band_center,E014,3,0,silence,,11828780811247916003,true,,,,,,,
primary,0.425,0.425,10,surface_band_center,E015,1,9,line,L037,5108536779453357120,true,0.78233358,0.75,1.20664034,1.60885378,0.45500722,0.2336148,relationship
primary,0.425,0.425,10,surface_band_center,E015,2,7,line,L004,4963155642254140804,true,1.14248641,0.75,1.14248641,1.52331521,0.4801776,0.34903811,choice
primary,0.425,0.425,10,surface_band_center,E015,3,7,line,L088,16652227655731484285,true,0.75,0.75,1.14248641,1.52331521,0.46843045,0.23145982,self
primary,0.425,0.425,10,surface_band_center,E016,1,9,line,L024,7643935400145056541,true,1.08815028,0.75,1.15759059,1.54345411,0.44371644,0.27476525,relationship
primary,0.425,0.425,10,surface_band_center,E016,2,9,line,L106,17827920318451893469,true,1.20647743,0.75,1.23585193,1.64780258,0.4740658,0.35841907,expectation
primary,0.425,0.425,10,surface_band_center,E016,3,9,line,L114,2023343022544715862,true,1.21957555,0.75,1.23123519,1.64164692,0.43326794,0.3460203,daily_life
primary,0.425,0.425,10,surface_band_center,E017,1,5,line,L095,10219562820779695759,true,1.18087155,0.75,1.18087155,1.5744954,0.48292206,0.3584124,time
primary,0.425,0.425,10,surface_band_center,E017,2,2,line,L064,11457425130941659040,true,0.9998047,0.75,0.9998047,1.33307294,0.48530162,0.38642203,change
primary,0.425,0.425,10,surface_band_center,E017,3,7,line,L107,15934300896051240561,true,0.75,0.75,1.17521032,1.56694709,0.45115981,0.22011605,expectation
primary,0.425,0.425,10,surface_band_center,E018,1,8,line,L118,15936931154767373137,true,1.00244802,0.75,1.14414601,1.52552801,0.4686331,0.27811751,daily_life
primary,0.425,0.425,10,surface_band_center,E018,2,0,silence,,5212375706318490410,true,,,,,,,
primary,0.425,0.425,10,surface_band_center,E018,3,8,line,L105,10842978474012102864,true,1.18324952,0.75,1.19607322,1.59476429,0.51246766,0.29668746,expectation
primary,0.425,0.425,10,surface_band_center,E019,1,6,line,L062,2482854344084269788,true,1.23680068,0.75,1.23680068,1.64906758,0.44006104,0.31299574,change
primary,0.425,0.425,10,surface_band_center,E019,2,9,line,L013,847488523742959676,true,0.75,0.75,1.23680068,1.64906758,0.50304362,0.19491762,uncertainty
primary,0.425,0.425,10,surface_band_center,E019,3,5,line,L043,12999710830113562700,true,1.00638982,0.75,1.23680068,1.64906758,0.44744407,0.2539084,work
primary,0.425,0.425,10,surface_band_center,E020,1,8,line,L042,17570569190978810571,true,1.14337581,0.75,1.1691254,1.55883387,0.55722802,0.33421199,work
primary,0.425,0.425,10,surface_band_center,E020,2,8,line,L068,14777161230378505879,true,1.14613821,0.75,1.1691254,1.55883387,0.48590655,0.33357445,change
primary,0.425,0.425,10,surface_band_center,E020,3,8,line,L115,14078745486532302547,true,0.95071129,0.75,1.1691254,1.55883387,0.50774336,0.24053052,daily_life
primary,0.425,0.425,10,surface_band_center,E021,1,9,line,L033,4273160823726804535,true,0.75,0.75,1.15338464,1.53784619,0.46741523,0.21012102,relationship
primary,0.425,0.425,10,surface_band_center,E021,2,10,line,L022,4780355652012951342,true,0.75,0.75,1.15256157,1.53674875,0.46066697,0.13873288,relationship
primary,0.425,0.425,10,surface_band_center,E021,3,10,line,L015,9564867978829526387,true,1.16199359,0.75,1.1701171,1.56015614,0.45536358,0.30368207,uncertainty
primary,0.425,0.425,10,surface_band_center,E022,1,5,line,L054,7567060495963791278,true,0.82409744,0.75,1.12496486,1.49995315,0.50542412,0.24516813,failure
primary,0.425,0.425,10,surface_band_center,E022,2,5,line,L063,2550724108362446449,true,0.75,0.75,1.15312713,1.53750284,0.53843198,0.23077668,change
primary,0.425,0.425,10,surface_band_center,E022,3,5,line,L027,10428351203441084270,true,0.85227969,0.75,1.15312713,1.53750284,0.51387328,0.25064178,relationship
primary,0.425,0.425,10,surface_band_center,E023,1,8,line,L068,12225648772027476851,true,1.23227577,0.75,1.23227577,1.64303436,0.43495556,0.34937521,change
primary,0.425,0.425,10,surface_band_center,E023,2,8,line,L068,15146102931498470855,true,1.23227577,0.75,1.23227577,1.64303436,0.43495556,0.34937521,change
primary,0.425,0.425,10,surface_band_center,E023,3,8,line,L048,11516105883259442250,true,1.16609804,0.75,1.23227577,1.64303436,0.43255274,0.35975242,work
primary,0.425,0.425,10,surface_band_center,E024,1,7,line,L068,330473171419209412,true,1.03991084,0.75,1.20466218,1.60621624,0.51061319,0.38063633,change
primary,0.425,0.425,10,surface_band_center,E024,2,6,line,L008,16825835966078418111,true,0.75933011,0.75,1.23904897,1.6520653,0.48515363,0.42318476,choice
primary,0.425,0.425,10,surface_band_center,E024,3,7,line,L004,1150077449655025461,true,0.75,0.75,1.20466218,1.60621624,0.54731384,0.27197478,choice
primary,0.425,0.425,10,surface_band_center,E025,1,10,line,L085,5288228495175161201,true,1.08806283,0.75,1.19086228,1.58781638,0.4407128,0.2700306,self
primary,0.425,0.425,10,surface_band_center,E025,2,10,line,L066,12352902315759129894,true,1.10872025,0.75,1.19086228,1.58781638,0.46094501,0.27486681,change
primary,0.425,0.425,10,surface_band_center,E025,3,9,line,L085,17327024317641569776,true,1.08806283,0.75,1.21366142,1.61821523,0.45776486,0.2700306,self
primary,0.425,0.425,10,surface_band_center,E026,1,3,line,L114,7461710069461762370,true,1.2241331,0.75,1.2241331,1.63217747,0.46057759,0.3418251,daily_life
primary,0.425,0.425,10,surface_band_center,E026,2,4,line,L007,18098212098119025639,true,0.75,0.75,1.2241331,1.63217747,0.46068326,0.26683279,choice
primary,0.425,0.425,10,surface_band_center,E026,3,5,line,L043,5106098356127507995,true,1.04266376,0.75,1.2241331,1.63217747,0.46338045,0.3131226,work
primary,0.425,0.425,10,surface_band_center,E027,1,4,line,L031,12710915507337412627,true,0.81573564,0.75,1.09925961,1.46567948,0.47089164,0.24453802,relationship
primary,0.425,0.425,10,surface_band_center,E027,2,8,line,L031,6417914055427047881,true,1.16612049,0.75,1.19005473,1.58673964,0.48899561,0.24453802,relationship
primary,0.425,0.425,10,surface_band_center,E027,3,4,line,L031,2737858224479029675,true,0.81573564,0.75,1.09925961,1.46567948,0.46855269,0.24453802,relationship
primary,0.425,0.425,10,surface_band_center,E028,1,8,line,L107,16856995648896496,true,0.75,0.75,1.23265334,1.64353778,0.48925781,0.22831233,expectation
primary,0.425,0.425,10,surface_band_center,E028,2,9,line,L097,6279286373351141716,true,1.2096493,0.75,1.2096493,1.61286573,0.77156645,0.33459265,time
primary,0.425,0.425,10,surface_band_center,E028,3,8,line,L014,10423223718057304698,true,1.1491871,0.75,1.23265334,1.64353778,0.48983729,0.34648482,uncertainty
primary,0.425,0.425,10,surface_band_center,E029,1,8,line,L034,6883957246945208592,true,0.96803286,0.75,1.18986882,1.58649176,0.48242462,0.24938173,relationship
primary,0.425,0.425,10,surface_band_center,E029,2,7,line,L117,5957727193249846668,true,1.01230358,0.75,1.18350442,1.57800589,0.46079717,0.25932428,daily_life
primary,0.425,0.425,10,surface_band_center,E029,3,8,line,L033,15557198007359036769,true,1.05462965,0.75,1.20624323,1.60832431,0.45852667,0.20041477,relationship
primary,0.425,0.425,10,surface_band_center,E030,1,7,line,L044,9683567800026816012,true,0.75,0.75,1.24670456,1.66227275,0.45699288,0.24722714,work
primary,0.425,0.425,10,surface_band_center,E030,2,7,line,L117,15328553586266511351,true,0.79372658,0.75,1.1711456,1.56152746,0.48240944,0.28183646,daily_life
primary,0.425,0.425,10,surface_band_center,E030,3,7,line,L098,10308303624880637439,true,0.86517311,0.75,0.97278339,1.29704452,0.62757694,0.40664635,time
primary,0.425,0.425,10,surface_band_center,E031,1,7,line,L064,12794797496014467620,true,1.21124204,0.75,1.21124204,1.61498938,0.43045227,0.3131894,change
primary,0.425,0.425,10,surface_band_center,E031,2,9,line,L105,12967263327635345140,true,1.2289772,0.75,1.2289772,1.63863627,0.4752235,0.31395301,expectation
primary,0.425,0.425,10,surface_band_center,E031,3,8,line,L105,12688601981085555976,true,1.19183227,0.75,1.19183227,1.58910969,0.47269659,0.31395301,expectation
primary,0.425,0.425,10,surface_band_center,E032,1,7,line,L042,15363036219394373628,true,0.97134683,0.75,1.07045071,1.42726762,0.55860899,0.3735743,work
primary,0.425,0.425,10,surface_band_center,E032,2,6,line,L105,2250051636181321151,true,0.8190318,0.75,1.12085466,1.49447289,0.49785887,0.24185273,expectation
primary,0.425,0.425,10,surface_band_center,E032,3,7,line,L042,9305075733112308375,true,0.97134683,0.75,1.11020785,1.48027714,0.57420882,0.3735743,work
primary,0.425,0.425,10,surface_band_center,E033,1,8,line,L005,2334393918895814645,true,0.83827404,0.75,1.22650311,1.63533749,0.54972056,0.4087465,choice
primary,0.425,0.425,10,surface_band_center,E033,2,7,line,L082,954997009096998732,true,0.90294777,0.75,1.14542825,1.52723767,0.42878421,0.27164553,self
primary,0.425,0.425,10,surface_band_center,E033,3,6,line,L106,15871875286480241601,true,0.97175222,0.75,1.1682102,1.5576136,0.49865828,0.37847858,expectation
primary,0.425,0.425,10,surface_band_center,E034,1,6,line,L046,1842886833937335187,true,1.04827945,0.75,1.04827945,1.39770594,0.56218715,0.34859445,work
primary,0.425,0.425,10,surface_band_center,E034,2,6,line,L088,2770733435912147992,true,0.92135312,0.75,1.16398341,1.55197788,0.4435479,0.38110717,self
primary,0.425,0.425,10,surface_band_center,E034,3,6,line,L117,13816464800827979821,true,0.92698344,0.75,1.04827945,1.39770594,0.4832939,0.37966494,daily_life
primary,0.425,0.425,10,surface_band_center,E035,1,5,line,L111,14914593227553786428,true,0.9495658,0.75,1.18365987,1.57821316,0.43843297,0.38032982,daily_life
primary,0.425,0.425,10,surface_band_center,E035,2,6,line,L111,6882861025263232741,true,1.06239929,0.75,1.18296401,1.57728535,0.43628085,0.38032982,daily_life
primary,0.425,0.425,10,surface_band_center,E035,3,6,line,L072,10831108169839833784,true,0.75,0.75,1.18365987,1.57821316,0.45707621,0.20116315,loss
primary,0.425,0.425,10,surface_band_center,E036,1,9,line,L117,2100214599939928499,true,0.83727412,0.75,1.23072748,1.64096997,0.4730362,0.21741543,daily_life
primary,0.425,0.425,10,surface_band_center,E036,2,4,line,L114,4750442612808793486,true,1.06911331,0.75,1.21792712,1.62390283,0.46669447,0.358757,daily_life
primary,0.425,0.425,10,surface_band_center,E036,3,9,line,L068,13410304871280061412,true,1.11608868,0.75,1.23072748,1.64096997,0.56108366,0.34173912,change
primary,0.425,0.425,10,dual_margin_band_center,E001,1,7,line,L105,10418858375838657071,true,0.88776262,0.82105476,1.24134724,1.51189336,0.45954306,0.31184876,expectation
primary,0.425,0.425,10,dual_margin_band_center,E001,2,7,line,L008,9586743709219150784,true,0.97183149,0.82562101,1.25,1.51401186,0.51076583,0.33863505,choice
primary,0.425,0.425,10,dual_margin_band_center,E001,3,7,line,L102,592022256592927774,true,1.18269538,0.82544136,1.19804246,1.4513962,0.67227799,0.28345473,expectation
primary,0.425,0.425,10,dual_margin_band_center,E002,1,6,line,L014,1815355824330082398,true,0.98453743,0.77517674,0.98885132,1.27564626,0.49814276,0.35131283,uncertainty
primary,0.425,0.425,10,dual_margin_band_center,E002,2,5,line,L101,18076360836035844122,true,0.93539737,0.78122747,1.25,1.60004613,0.45774265,0.32990119,expectation
primary,0.425,0.425,10,dual_margin_band_center,E002,3,5,line,L033,3549279955528802194,true,1.25,0.78122747,1.25,1.60004613,0.50902639,0.15610312,relationship
primary,0.425,0.425,10,dual_margin_band_center,E003,1,9,line,L004,9795306835945811074,true,1.25,0.86931519,1.25,1.43791344,0.55661925,0.17748176,choice
primary,0.425,0.425,10,dual_margin_band_center,E003,2,5,line,L012,17565425801133371163,true,1.08972608,0.85188159,1.237603,1.45278758,0.45609141,0.1963141,uncertainty
primary,0.425,0.425,10,dual_margin_band_center,E003,3,9,line,L004,14691705969429648236,true,1.07803197,0.84666709,1.07951889,1.27502168,0.52711788,0.17748176,choice
primary,0.425,0.425,10,dual_margin_band_center,E004,1,6,line,L046,7307250828110910356,true,0.85465445,0.85465445,0.96007868,1.12335305,0.46008485,0.4008016,work
primary,0.425,0.425,10,dual_margin_band_center,E004,2,6,line,L091,1221977699985596942,true,0.85652177,0.76542317,1.25,1.63308356,0.49872228,0.40571526,time
primary,0.425,0.425,10,dual_margin_band_center,E004,3,6,line,L011,14426421530041133937,true,0.94898355,0.80518147,0.94898355,1.17859586,0.49460933,0.38158767,uncertainty
primary,0.425,0.425,10,dual_margin_band_center,E005,1,5,line,L107,7282619217601536890,true,1.19361766,0.90778699,1.19361766,1.31486535,0.51433535,0.35910134,expectation
primary,0.425,0.425,10,dual_margin_band_center,E005,2,7,line,L067,15748930167514970636,true,1.01461284,0.88058295,1.10343279,1.2530708,0.47496179,0.35715443,change
primary,0.425,0.425,10,dual_margin_band_center,E005,3,6,line,L012,16753612837345930773,true,1.12841465,0.92779016,1.12841465,1.21623908,0.48708478,0.35046519,uncertainty
primary,0.425,0.425,10,dual_margin_band_center,E006,1,6,line,L055,10262907433805545832,true,0.94788618,0.8725772,1.07791155,1.23531941,0.46116804,0.31585709,failure
primary,0.425,0.425,10,dual_margin_band_center,E006,2,4,line,L023,18042843141699994572,true,0.92642465,0.88536459,1.07791155,1.21747759,0.49999514,0.35435937,relationship
primary,0.425,0.425,10,dual_margin_band_center,E006,3,4,line,L023,1163312150509658095,true,0.92642465,0.88536459,1.07791155,1.21747759,0.49999514,0.35435937,relationship
primary,0.425,0.425,10,dual_margin_band_center,E007,1,9,line,L071,1123868814260843555,true,0.97660673,0.83982217,1.0965518,1.30569522,0.55672482,0.36771435,loss
primary,0.425,0.425,10,dual_margin_band_center,E007,2,9,line,L022,17707032008760263518,true,0.91272743,0.8377069,0.99306007,1.18545051,0.45749242,0.29381087,relationship
primary,0.425,0.425,10,dual_margin_band_center,E007,3,9,line,L076,15890260528026092210,true,0.95303511,0.8377069,0.99306007,1.18545051,0.46465665,0.24737956,loss
primary,0.425,0.425,10,dual_margin_band_center,E008,1,2,line,L064,9089463680271204443,true,0.82425327,0.82425327,1.16459023,1.41290339,0.46620368,0.41759224,change
primary,0.425,0.425,10,dual_margin_band_center,E008,2,4,line,L101,1622075943198844954,true,0.77201558,0.77201558,1.07170691,1.38819338,0.42650536,0.34201367,expectation
primary,0.425,0.425,10,dual_margin_band_center,E008,3,3,line,L082,10835537203951822082,true,0.92371397,0.92371397,1.25,1.35323275,0.4420239,0.35274282,self
primary,0.425,0.425,10,dual_margin_band_center,E009,1,5,line,L036,15737626019537287687,true,0.96800659,0.81618414,0.96800659,1.18601495,0.57557845,0.35841569,relationship
primary,0.425,0.425,10,dual_margin_band_center,E009,2,3,line,L034,7017005612764680389,true,1.25,0.78097189,1.25,1.60056977,0.47160783,0.18616093,relationship
primary,0.425,0.425,10,dual_margin_band_center,E009,3,7,line,L045,16654790029986043526,true,1.00932633,0.96385719,1.06531257,1.10525976,0.54551964,0.33597565,work
primary,0.425,0.425,10,dual_margin_band_center,E010,1,7,line,L007,7474984048184739343,true,0.91103818,0.75962266,0.96091908,1.26499529,0.45563553,0.26188547,choice
primary,0.425,0.425,10,dual_margin_band_center,E010,2,5,line,L087,13968013845702785015,true,0.93940139,0.76218514,1.02319232,1.3424459,0.6279804,0.39540397,self
primary,0.425,0.425,10,dual_margin_band_center,E010,3,7,line,L031,2342842644922167404,true,0.96247815,0.75964377,1.00622063,1.32459539,0.4930794,0.35939074,relationship
primary,0.425,0.425,10,dual_margin_band_center,E011,1,6,line,L021,15445412766682343378,true,0.90531832,0.86492525,1.04779638,1.21142998,0.45114529,0.29820927,relationship
primary,0.425,0.425,10,dual_margin_band_center,E011,2,6,line,L082,16452615835445950093,true,0.86492525,0.86492525,1.04779638,1.21142998,0.44389351,0.32516403,self
primary,0.425,0.425,10,dual_margin_band_center,E011,3,9,line,L032,2807033777464634395,true,1.04779638,0.86037634,1.05563203,1.2269422,0.53023901,0.32661157,relationship
primary,0.425,0.425,10,dual_margin_band_center,E012,1,7,line,L082,9319747233651277781,true,0.94754456,0.88840462,1.24970234,1.40668151,0.51419189,0.36664174,self
primary,0.425,0.425,10,dual_margin_band_center,E012,2,5,line,L035,8099451354487219362,true,0.96285898,0.83988444,1.06888539,1.27265769,0.56304561,0.36599469,relationship
primary,0.425,0.425,10,dual_margin_band_center,E012,3,7,line,L022,6717569070870376100,true,1.24458587,0.89360236,1.24458587,1.39277371,0.58195648,0.24200782,relationship
primary,0.425,0.425,10,dual_margin_band_center,E013,1,3,line,L101,12514979856087306974,true,1.02935642,0.81795677,1.02935642,1.25844843,0.52363832,0.33099117,expectation
primary,0.425,0.425,10,dual_margin_band_center,E013,2,3,line,L041,10562541228388731142,true,0.93269928,0.81795677,1.02935642,1.25844843,0.67945298,0.40398528,work
primary,0.425,0.425,10,dual_margin_band_center,E013,3,3,line,L041,16840386472138250256,true,0.93269928,0.79270211,1.00690368,1.27021699,0.68906939,0.40398528,work
primary,0.425,0.425,10,dual_margin_band_center,E014,1,0,silence,,4994277167912552707,true,,,,,,,
primary,0.425,0.425,10,dual_margin_band_center,E014,2,0,silence,,17154228650628662984,true,,,,,,,
primary,0.425,0.425,10,dual_margin_band_center,E014,3,0,silence,,11828780811247916003,true,,,,,,,
primary,0.425,0.425,10,dual_margin_band_center,E015,1,9,line,L037,5108536779453357120,true,0.93979458,0.81714665,1.16191314,1.42191507,0.45500722,0.2336148,relationship
primary,0.425,0.425,10,dual_margin_band_center,E015,2,7,line,L004,4963155642254140804,true,0.96093466,0.92648917,1.16717254,1.25978001,0.4801776,0.34903811,choice
primary,0.425,0.425,10,dual_margin_band_center,E015,3,7,line,L088,16652227655731484285,true,1.01414825,0.92666877,1.16717254,1.25953585,0.46843045,0.23145982,self
primary,0.425,0.425,10,dual_margin_band_center,E016,1,9,line,L024,7643935400145056541,true,0.86828378,0.78015004,1.00424195,1.28724206,0.44371644,0.27476525,relationship
primary,0.425,0.425,10,dual_margin_band_center,E016,2,9,line,L106,17827920318451893469,true,0.98268138,0.9076172,1.11123663,1.22434504,0.4740658,0.35841907,expectation
primary,0.425,0.425,10,dual_margin_band_center,E016,3,9,line,L114,2023343022544715862,true,0.80259897,0.78041012,1.06511442,1.36481369,0.43326794,0.3460203,daily_life
primary,0.425,0.425,10,dual_margin_band_center,E017,1,5,line,L095,10219562820779695759,true,1.01991159,0.94218257,1.2001093,1.27375451,0.48292206,0.3584124,time
primary,0.425,0.425,10,dual_margin_band_center,E017,2,2,line,L064,11457425130941659040,true,0.94987499,0.9136492,0.94987499,1.03964956,0.48530162,0.38642203,change
primary,0.425,0.425,10,dual_margin_band_center,E017,3,7,line,L107,15934300896051240561,true,1.05285343,0.87607996,1.1317306,1.29181199,0.45115981,0.22011605,expectation
primary,0.425,0.425,10,dual_margin_band_center,E018,1,8,line,L118,15936931154767373137,true,1.05261497,0.78879995,1.20640727,1.52942109,0.4686331,0.27811751,daily_life
primary,0.425,0.425,10,dual_margin_band_center,E018,2,0,silence,,5212375706318490410,true,,,,,,,
primary,0.425,0.425,10,dual_margin_band_center,E018,3,8,line,L102,10842978474012102864,true,0.98973288,0.92373742,1.13956058,1.23364125,0.5916111,0.3536098,expectation
primary,0.425,0.425,10,dual_margin_band_center,E019,1,6,line,L062,2482854344084269788,true,0.92380932,0.79049299,1.25,1.58129169,0.44006104,0.31299574,change
primary,0.425,0.425,10,dual_margin_band_center,E019,2,9,line,L013,847488523742959676,true,1.25,0.76935816,1.25,1.62473094,0.50304362,0.19491762,uncertainty
primary,0.425,0.425,10,dual_margin_band_center,E019,3,5,line,L043,12999710830113562700,true,0.97754495,0.88720705,1.17376139,1.32298473,0.44744407,0.2539084,work
primary,0.425,0.425,10,dual_margin_band_center,E020,1,8,line,L042,17570569190978810571,true,1.03231853,0.81525382,1.10098036,1.35047555,0.55722802,0.33421199,work
primary,0.425,0.425,10,dual_margin_band_center,E020,2,8,line,L068,14777161230378505879,true,0.97150437,0.92126951,1.05543228,1.14562815,0.48590655,0.33357445,change
primary,0.425,0.425,10,dual_margin_band_center,E020,3,8,line,L115,14078745486532302547,true,1.10098036,0.81525382,1.10098036,1.35047555,0.50774336,0.24053052,daily_life
primary,0.425,0.425,10,dual_margin_band_center,E021,1,9,line,L033,4273160823726804535,true,0.96651814,0.7990234,1.02256494,1.27976845,0.46741523,0.21012102,relationship
primary,0.425,0.425,10,dual_margin_band_center,E021,2,10,line,L022,4780355652012951342,true,0.93004251,0.84809502,1.16885066,1.37820721,0.46066697,0.13873288,relationship
primary,0.425,0.425,10,dual_margin_band_center,E021,3,10,line,L031,9564867978829526387,true,1.03921221,0.91152029,1.21512778,1.33307815,0.47209261,0.25397302,relationship
primary,0.425,0.425,10,dual_margin_band_center,E022,1,5,line,L054,7567060495963791278,true,1.16537876,1.01329487,1.25,1.23359946,0.50542412,0.24516813,failure
primary,0.425,0.425,10,dual_margin_band_center,E022,2,5,line,L063,2550724108362446449,true,1.24946096,1.02270869,1.24946096,1.22171737,0.53843198,0.23077668,change
primary,0.425,0.425,10,dual_margin_band_center,E022,3,5,line,L027,10428351203441084270,true,1.16788174,1.02270869,1.24946096,1.22171737,0.51387328,0.25064178,relationship
primary,0.425,0.425,10,dual_margin_band_center,E023,1,8,line,L068,12225648772027476851,true,0.93421898,0.76040682,1.14546956,1.50639044,0.43495556,0.34937521,change
primary,0.425,0.425,10,dual_margin_band_center,E023,2,8,line,L057,15146102931498470855,true,0.97777713,0.76040682,1.14546956,1.50639044,0.4348515,0.26819181,failure
primary,0.425,0.425,10,dual_margin_band_center,E023,3,8,line,L051,11516105883259442250,true,0.76040682,0.76040682,1.14546956,1.50639044,0.42603783,0.42254639,failure
primary,0.425,0.425,10,dual_margin_band_center,E024,1,7,line,L068,330473171419209412,true,0.94504777,0.76138597,1.21433615,1.59490218,0.51061319,0.38063633,change
primary,0.425,0.425,10,dual_margin_band_center,E024,2,6,line,L008,16825835966078418111,true,0.75907423,0.75907423,1.15539847,1.52211525,0.48515363,0.42318476,choice
primary,0.425,0.425,10,dual_margin_band_center,E024,3,7,line,L004,1150077449655025461,true,1.12461649,0.75920369,1.21433615,1.59948663,0.54731384,0.27197478,choice
primary,0.425,0.425,10,dual_margin_band_center,E025,1,10,line,L076,5288228495175161201,true,0.84113059,0.83158402,1.22210216,1.46960755,0.43309741,0.19088503,loss
primary,0.425,0.425,10,dual_margin_band_center,E025,2,10,line,L066,12352902315759129894,true,0.96370222,0.9425716,1.2363717,1.31170056,0.46094501,0.27486681,change
primary,0.425,0.425,10,dual_margin_band_center,E025,3,9,line,L085,17327024317641569776,true,1.03998784,0.8332285,1.24767622,1.49739985,0.45776486,0.2700306,self
primary,0.425,0.425,10,dual_margin_band_center,E026,1,3,line,L114,7461710069461762370,true,1.01619483,0.77796398,1.25,1.60675819,0.46057759,0.3418251,daily_life
primary,0.425,0.425,10,dual_margin_band_center,E026,2,4,line,L007,18098212098119025639,true,1.18836433,0.95378665,1.18836433,1.24594356,0.46068326,0.26683279,choice
primary,0.425,0.425,10,dual_margin_band_center,E026,3,5,line,L043,5106098356127507995,true,1.06633141,0.92544558,1.22587505,1.32463224,0.46338045,0.3131226,work
primary,0.425,0.425,10,dual_margin_band_center,E027,1,4,line,L031,12710915507337412627,true,1.00360792,0.97933757,1.24138801,1.26757928,0.47089164,0.24453802,relationship
primary,0.425,0.425,10,dual_margin_band_center,E027,2,8,line,L023,6417914055427047881,true,0.92580113,0.76091632,1.06512772,1.39979613,0.46308813,0.28899052,relationship
primary,0.425,0.425,10,dual_margin_band_center,E027,3,4,line,L031,2737858224479029675,true,0.9722543,0.95821215,1.1859206,1.23763886,0.46855269,0.24453802,relationship
primary,0.425,0.425,10,dual_margin_band_center,E028,1,8,line,L107,16856995648896496,true,0.936994,0.76587243,1.06490393,1.39044558,0.48925781,0.22831233,expectation
primary,0.425,0.425,10,dual_margin_band_center,E028,2,9,line,L097,6279286373351141716,true,1.06490393,0.82019699,1.06490393,1.29835142,0.77156645,0.33459265,time
primary,0.425,0.425,10,dual_margin_band_center,E028,3,8,line,L014,10423223718057304698,true,0.89677677,0.76588433,1.06490393,1.39042397,0.48983729,0.34648482,uncertainty
primary,0.425,0.425,10,dual_margin_band_center,E029,1,8,line,L034,6883957246945208592,true,1.12223386,0.90811053,1.12223386,1.23578995,0.48242462,0.24938173,relationship
primary,0.425,0.425,10,dual_margin_band_center,E029,2,7,line,L117,5957727193249846668,true,1.03093901,0.76994123,1.18357524,1.53722802,0.46079717,0.25932428,daily_life
primary,0.425,0.425,10,dual_margin_band_center,E029,3,8,line,L017,15557198007359036769,true,1.25,0.8589198,1.25,1.45531632,0.55317611,0.10202789,uncertainty
primary,0.425,0.425,10,dual_margin_band_center,E030,1,7,line,L044,9683567800026816012,true,0.88085843,0.8178133,1.14720803,1.40277496,0.45699288,0.24722714,work
primary,0.425,0.425,10,dual_margin_band_center,E030,2,7,line,L117,15328553586266511351,true,0.97970907,0.85920665,1.17183379,1.36385559,0.48240944,0.28183646,daily_life
primary,0.425,0.425,10,dual_margin_band_center,E030,3,7,line,L098,10308303624880637439,true,0.85327823,0.85327823,1.17551952,1.37765089,0.62757694,0.40664635,time
primary,0.425,0.425,10,dual_margin_band_center,E031,1,7,line,L064,12794797496014467620,true,0.83506267,0.78051842,1.2146931,1.55626448,0.43045227,0.3131894,change
primary,0.425,0.425,10,dual_margin_band_center,E031,2,9,line,L105,12967263327635345140,true,0.96495575,0.75053768,1.23236834,1.64198064,0.4752235,0.31395301,expectation
primary,0.425,0.425,10,dual_margin_band_center,E031,3,8,line,L105,12688601981085555976,true,1.02364875,0.79303947,1.21225232,1.52861537,0.47269659,0.31395301,expectation
primary,0.425,0.425,10,dual_margin_band_center,E032,1,7,line,L042,15363036219394373628,true,0.92954657,0.92195307,1.05797045,1.14753179,0.55860899,0.3735743,work
primary,0.425,0.425,10,dual_margin_band_center,E032,2,6,line,L105,2250051636181321151,true,1.074202,0.846299,1.074202,1.26929372,0.49785887,0.24185273,expectation
primary,0.425,0.425,10,dual_margin_band_center,E032,3,7,line,L042,9305075733112308375,true,0.92797037,0.82853158,1.04244313,1.25818152,0.57420882,0.3735743,work
primary,0.425,0.425,10,dual_margin_band_center,E033,1,8,line,L005,2334393918895814645,true,0.82809009,0.82809009,1.13563885,1.3713953,0.54972056,0.4087465,choice
primary,0.425,0.425,10,dual_margin_band_center,E033,2,7,line,L082,954997009096998732,true,0.78788974,0.78458747,1.14407677,1.45818895,0.42878421,0.27164553,self
primary,0.425,0.425,10,dual_margin_band_center,E033,3,6,line,L106,15871875286480241601,true,0.93150343,0.75585531,0.94185908,1.24608384,0.49865828,0.37847858,expectation
primary,0.425,0.425,10,dual_margin_band_center,E034,1,6,line,L046,1842886833937335187,true,0.97974981,0.75075442,1.08632748,1.44698114,0.56218715,0.34859445,work
primary,0.425,0.425,10,dual_margin_band_center,E034,2,6,line,L088,2770733435912147992,true,0.85580369,0.75219075,1.25,1.66181251,0.4435479,0.38110717,self
primary,0.425,0.425,10,dual_margin_band_center,E034,3,6,line,L088,13816464800827979821,true,0.8051112,0.8051112,1.24734548,1.54928347,0.43086661,0.38110717,self
primary,0.425,0.425,10,dual_margin_band_center,E035,1,5,line,L111,14914593227553786428,true,0.86682165,0.77134634,1.22285181,1.58534726,0.43843297,0.38032982,daily_life
primary,0.425,0.425,10,dual_margin_band_center,E035,2,6,line,L111,6882861025263232741,true,0.82570788,0.81669074,1.25,1.53056712,0.43628085,0.38032982,daily_life
primary,0.425,0.425,10,dual_margin_band_center,E035,3,6,line,L072,10831108169839833784,true,1.05844081,0.85781444,1.05844081,1.23388085,0.45707621,0.20116315,loss
primary,0.425,0.425,10,dual_margin_band_center,E036,1,9,line,L117,2100214599939928499,true,1.00454626,0.85128362,1.11105948,1.30515783,0.4730362,0.21741543,daily_life
primary,0.425,0.425,10,dual_margin_band_center,E036,2,4,line,L114,4750442612808793486,true,0.91770338,0.76379151,0.96292198,1.26071313,0.46669447,0.358757,daily_life
primary,0.425,0.425,10,dual_margin_band_center,E036,3,9,line,L068,13410304871280061412,true,1.0179831,0.85128362,1.11105948,1.30515783,0.56108366,0.34173912,change
primary,0.425,0.425,10,rank_fusion,E001,1,7,line,L105,10418858375838657071,true,0.93333333,0.81666667,1.21666667,1.48979592,0.45954306,0.31184876,expectation
primary,0.425,0.425,10,rank_fusion,E001,2,7,line,L008,9586743709219150784,true,0.95,0.86666667,1.25,1.44230769,0.51076583,0.33863505,choice
primary,0.425,0.425,10,rank_fusion,E001,3,7,line,L102,592022256592927774,true,1.21666667,0.86666667,1.21666667,1.40384615,0.67227799,0.28345473,expectation
primary,0.425,0.425,10,rank_fusion,E002,1,6,line,L014,1815355824330082398,true,1.09,0.81,1.13,1.39506173,0.49814276,0.35131283,uncertainty
primary,0.425,0.425,10,rank_fusion,E002,2,5,line,L101,18076360836035844122,true,0.95,0.9,1.25,1.38888889,0.45774265,0.32990119,expectation
primary,0.425,0.425,10,rank_fusion,E002,3,5,line,L033,3549279955528802194,true,1.25,0.9,1.25,1.38888889,0.50902639,0.15610312,relationship
primary,0.425,0.425,10,rank_fusion,E003,1,9,line,L004,9795306835945811074,true,1.25,0.85,1.25,1.47058824,0.55661925,0.17748176,choice
primary,0.425,0.425,10,rank_fusion,E003,2,5,line,L012,17565425801133371163,true,1.0,0.875,1.2,1.37142857,0.45609141,0.1963141,uncertainty
primary,0.425,0.425,10,rank_fusion,E003,3,9,line,L004,14691705969429648236,true,1.175,0.8625,1.175,1.36231884,0.52711788,0.17748176,choice
primary,0.425,0.425,10,rank_fusion,E004,1,6,line,L046,7307250828110910356,true,0.85,0.85,1.09,1.28235294,0.46008485,0.4008016,work
primary,0.425,0.425,10,rank_fusion,E004,2,6,line,L091,1221977699985596942,true,0.99,0.79,1.25,1.58227848,0.49872228,0.40571526,time
primary,0.425,0.425,10,rank_fusion,E004,3,6,line,L011,14426421530041133937,true,1.07,0.93,1.07,1.15053763,0.49460933,0.38158767,uncertainty
primary,0.425,0.425,10,rank_fusion,E005,1,5,line,L107,7282619217601536890,true,1.025,0.9,1.05,1.16666667,0.51433535,0.35910134,expectation
primary,0.425,0.425,10,rank_fusion,E005,2,7,line,L067,15748930167514970636,true,1.03333333,0.81666667,1.16666667,1.42857143,0.47496179,0.35715443,change
primary,0.425,0.425,10,rank_fusion,E005,3,6,line,L012,16753612837345930773,true,1.11,0.95,1.11,1.16842105,0.48708478,0.35046519,uncertainty
primary,0.425,0.425,10,rank_fusion,E006,1,6,line,L055,10262907433805545832,true,0.99,0.83,1.21,1.45783133,0.46116804,0.31585709,failure
primary,0.425,0.425,10,rank_fusion,E006,2,4,line,L023,18042843141699994572,true,0.91666667,0.91666667,1.18333333,1.29090909,0.49999514,0.35435937,relationship
primary,0.425,0.425,10,rank_fusion,E006,3,4,line,L023,1163312150509658095,true,0.91666667,0.91666667,1.18333333,1.29090909,0.49999514,0.35435937,relationship
primary,0.425,0.425,10,rank_fusion,E007,1,9,line,L071,1123868814260843555,true,1.075,0.75,1.1125,1.48333333,0.55672482,0.36771435,loss
primary,0.425,0.425,10,rank_fusion,E007,2,9,line,L022,17707032008760263518,true,1.025,0.8625,1.1125,1.28985507,0.45749242,0.29381087,relationship
primary,0.425,0.425,10,rank_fusion,E007,3,9,line,L076,15890260528026092210,true,1.1125,0.8625,1.1125,1.28985507,0.46465665,0.24737956,loss
primary,0.425,0.425,10,rank_fusion,E008,1,2,line,L064,9089463680271204443,true,1.05,0.95,1.05,1.10526316,0.46620368,0.41759224,change
primary,0.425,0.425,10,rank_fusion,E008,2,4,line,L101,1622075943198844954,true,0.81666667,0.81666667,1.15,1.40816327,0.42650536,0.34201367,expectation
primary,0.425,0.425,10,rank_fusion,E008,3,3,line,L082,10835537203951822082,true,0.9,0.85,1.25,1.47058824,0.4420239,0.35274282,self
primary,0.425,0.425,10,rank_fusion,E009,1,5,line,L036,15737626019537287687,true,1.05,0.875,1.1,1.25714286,0.57557845,0.35841569,relationship
primary,0.425,0.425,10,rank_fusion,E009,2,3,line,L034,7017005612764680389,true,1.25,0.85,1.25,1.47058824,0.47160783,0.18616093,relationship
primary,0.425,0.425,10,rank_fusion,E009,3,7,line,L045,16654790029986043526,true,1.03333333,0.9,1.1,1.22222222,0.54551964,0.33597565,work
primary,0.425,0.425,10,rank_fusion,E010,1,7,line,L007,7474984048184739343,true,1.0,0.88333333,1.08333333,1.22641509,0.45563553,0.26188547,choice
primary,0.425,0.425,10,rank_fusion,E010,2,5,line,L087,13968013845702785015,true,1.1,0.825,1.125,1.36363636,0.6279804,0.39540397,self
primary,0.425,0.425,10,rank_fusion,E010,3,7,line,L031,2342842644922167404,true,1.0,0.88333333,1.08333333,1.22641509,0.4930794,0.35939074,relationship
primary,0.425,0.425,10,rank_fusion,E011,1,6,line,L021,15445412766682343378,true,0.97,0.83,1.09,1.31325301,0.45114529,0.29820927,relationship
primary,0.425,0.425,10,rank_fusion,E011,2,6,line,L082,16452615835445950093,true,0.83,0.83,1.09,1.31325301,0.44389351,0.32516403,self
primary,0.425,0.425,10,rank_fusion,E011,3,9,line,L032,2807033777464634395,true,1.1,0.8125,1.1125,1.36923077,0.53023901,0.32661157,relationship
primary,0.425,0.425,10,rank_fusion,E012,1,7,line,L082,9319747233651277781,true,0.88333333,0.8,1.2,1.5,0.51419189,0.36664174,self
primary,0.425,0.425,10,rank_fusion,E012,2,5,line,L035,8099451354487219362,true,1.0,0.75,1.125,1.5,0.56304561,0.36599469,relationship
primary,0.425,0.425,10,rank_fusion,E012,3,7,line,L022,6717569070870376100,true,1.2,0.83333333,1.2,1.44,0.58195648,0.24200782,relationship
primary,0.425,0.425,10,rank_fusion,E013,1,3,line,L101,12514979856087306974,true,1.1,0.85,1.1,1.29411765,0.52363832,0.33099117,expectation
primary,0.425,0.425,10,rank_fusion,E013,2,3,line,L041,10562541228388731142,true,1.05,0.85,1.1,1.29411765,0.67945298,0.40398528,work
primary,0.425,0.425,10,rank_fusion,E013,3,3,line,L041,16840386472138250256,true,1.05,0.85,1.1,1.29411765,0.68906939,0.40398528,work
primary,0.425,0.425,10,rank_fusion,E014,1,0,silence,,4994277167912552707,true,,,,,,,
primary,0.425,0.425,10,rank_fusion,E014,2,0,silence,,17154228650628662984,true,,,,,,,
primary,0.425,0.425,10,rank_fusion,E014,3,0,silence,,11828780811247916003,true,,,,,,,
primary,0.425,0.425,10,rank_fusion,E015,1,9,line,L037,5108536779453357120,true,1.0125,0.8125,1.15,1.41538462,0.45500722,0.2336148,relationship
primary,0.425,0.425,10,rank_fusion,E015,2,7,line,L004,4963155642254140804,true,1.0,0.81666667,1.15,1.40816327,0.4801776,0.34903811,choice
primary,0.425,0.425,10,rank_fusion,E015,3,7,line,L088,16652227655731484285,true,1.05,0.81666667,1.15,1.40816327,0.46843045,0.23145982,self
primary,0.425,0.425,10,rank_fusion,E016,1,9,line,L024,7643935400145056541,true,1.0875,0.825,1.1875,1.43939394,0.44371644,0.27476525,relationship
primary,0.425,0.425,10,rank_fusion,E016,2,9,line,L095,17827920318451893469,true,1.075,0.825,1.2125,1.46969697,0.48255012,0.34405922,time
primary,0.425,0.425,10,rank_fusion,E016,3,9,line,L114,2023343022544715862,true,0.875,0.7875,1.1625,1.47619048,0.43326794,0.3460203,daily_life
primary,0.425,0.425,10,rank_fusion,E017,1,5,line,L095,10219562820779695759,true,0.975,0.95,1.15,1.21052632,0.48292206,0.3584124,time
primary,0.425,0.425,10,rank_fusion,E017,2,2,line,L064,11457425130941659040,true,1.05,0.95,1.05,1.10526316,0.48530162,0.38642203,change
primary,0.425,0.425,10,rank_fusion,E017,3,7,line,L107,15934300896051240561,true,1.0,0.78333333,1.18333333,1.5106383,0.45115981,0.22011605,expectation
primary,0.425,0.425,10,rank_fusion,E018,1,8,line,L118,15936931154767373137,true,1.06428571,0.86428571,1.20714286,1.39669421,0.4686331,0.27811751,daily_life
primary,0.425,0.425,10,rank_fusion,E018,2,0,silence,,5212375706318490410,true,,,,,,,
primary,0.425,0.425,10,rank_fusion,E018,3,8,line,L102,10842978474012102864,true,1.05,0.80714286,1.20714286,1.49557522,0.5916111,0.3536098,expectation
primary,0.425,0.425,10,rank_fusion,E019,1,6,line,L062,2482854344084269788,true,1.01,0.75,1.25,1.66666667,0.44006104,0.31299574,change
primary,0.425,0.425,10,rank_fusion,E019,2,9,line,L013,847488523742959676,true,1.25,0.825,1.25,1.51515152,0.50304362,0.19491762,uncertainty
primary,0.425,0.425,10,rank_fusion,E019,3,5,line,L043,12999710830113562700,true,0.925,0.925,1.1,1.18918919,0.44744407,0.2539084,work
primary,0.425,0.425,10,rank_fusion,E020,1,8,line,L042,17570569190978810571,true,1.05,0.77857143,1.17857143,1.51376147,0.55722802,0.33421199,work
primary,0.425,0.425,10,rank_fusion,E020,2,8,line,L068,14777161230378505879,true,0.99285714,0.89285714,1.15,1.288,0.48590655,0.33357445,change
primary,0.425,0.425,10,rank_fusion,E020,3,8,line,L115,14078745486532302547,true,1.17857143,0.77857143,1.17857143,1.51376147,0.50774336,0.24053052,daily_life
primary,0.425,0.425,10,rank_fusion,E021,1,9,line,L033,4273160823726804535,true,1.0625,0.7875,1.125,1.42857143,0.46741523,0.21012102,relationship
primary,0.425,0.425,10,rank_fusion,E021,2,10,line,L022,4780355652012951342,true,1.01666667,0.78333333,1.20555556,1.53900709,0.46066697,0.13873288,relationship
primary,0.425,0.425,10,rank_fusion,E021,3,10,line,L031,9564867978829526387,true,1.06111111,0.88333333,1.21666667,1.37735849,0.47209261,0.25397302,relationship
primary,0.425,0.425,10,rank_fusion,E022,1,5,line,L054,7567060495963791278,true,1.05,0.8,1.25,1.5625,0.50542412,0.24516813,failure
primary,0.425,0.425,10,rank_fusion,E022,2,5,line,L063,2550724108362446449,true,1.175,0.85,1.175,1.38235294,0.53843198,0.23077668,change
primary,0.425,0.425,10,rank_fusion,E022,3,5,line,L027,10428351203441084270,true,0.975,0.85,1.175,1.38235294,0.51387328,0.25064178,relationship
primary,0.425,0.425,10,rank_fusion,E023,1,8,line,L068,12225648772027476851,true,1.05,0.75,1.19285714,1.59047619,0.43495556,0.34937521,change
primary,0.425,0.425,10,rank_fusion,E023,2,8,line,L068,15146102931498470855,true,1.05,0.75,1.19285714,1.59047619,0.43495556,0.34937521,change
primary,0.425,0.425,10,rank_fusion,E023,3,8,line,L051,11516105883259442250,true,0.75,0.75,1.19285714,1.59047619,0.42603783,0.42254639,failure
primary,0.425,0.425,10,rank_fusion,E024,1,7,line,L068,330473171419209412,true,0.93333333,0.75,1.18333333,1.57777778,0.51061319,0.38063633,change
primary,0.425,0.425,10,rank_fusion,E024,2,6,line,L008,16825835966078418111,true,0.87,0.85,1.17,1.37647059,0.48515363,0.42318476,choice
primary,0.425,0.425,10,rank_fusion,E024,3,7,line,L004,1150077449655025461,true,1.2,0.75,1.2,1.6,0.54731384,0.27197478,choice
primary,0.425,0.425,10,rank_fusion,E025,1,10,line,L076,5288228495175161201,true,0.95,0.78333333,1.18333333,1.5106383,0.43309741,0.19088503,loss
primary,0.425,0.425,10,rank_fusion,E025,2,10,line,L066,12352902315759129894,true,0.81666667,0.81666667,1.20555556,1.47619048,0.46094501,0.27486681,change
primary,0.425,0.425,10,rank_fusion,E025,3,9,line,L085,17327024317641569776,true,1.025,0.8,1.225,1.53125,0.45776486,0.2700306,self
primary,0.425,0.425,10,rank_fusion,E026,1,3,line,L114,7461710069461762370,true,1.0,0.75,1.25,1.66666667,0.46057759,0.3418251,daily_life
primary,0.425,0.425,10,rank_fusion,E026,2,4,line,L007,18098212098119025639,true,1.15,0.81666667,1.15,1.40816327,0.46068326,0.26683279,choice
primary,0.425,0.425,10,rank_fusion,E026,3,5,line,L043,5106098356127507995,true,1.0,0.75,1.2,1.6,0.46338045,0.3131226,work
primary,0.425,0.425,10,rank_fusion,E027,1,4,line,L031,12710915507337412627,true,0.88333333,0.88333333,1.15,1.30188679,0.47089164,0.24453802,relationship
primary,0.425,0.425,10,rank_fusion,E027,2,8,line,L031,6417914055427047881,true,1.07857143,0.80714286,1.15,1.42477876,0.48899561,0.24453802,relationship
primary,0.425,0.425,10,rank_fusion,E027,3,4,line,L031,2737858224479029675,true,0.88333333,0.88333333,1.15,1.30188679,0.46855269,0.24453802,relationship
primary,0.425,0.425,10,rank_fusion,E028,1,8,line,L107,16856995648896496,true,1.16428571,0.83571429,1.16428571,1.39316239,0.48925781,0.22831233,expectation
primary,0.425,0.425,10,rank_fusion,E028,2,9,line,L097,6279286373351141716,true,1.15,0.9,1.2125,1.34722222,0.77156645,0.33459265,time
primary,0.425,0.425,10,rank_fusion,E028,3,8,line,L014,10423223718057304698,true,1.03571429,0.83571429,1.16428571,1.39316239,0.48983729,0.34648482,uncertainty
primary,0.425,0.425,10,rank_fusion,E029,1,8,line,L034,6883957246945208592,true,1.13571429,0.87857143,1.13571429,1.29268293,0.48242462,0.24938173,relationship
primary,0.425,0.425,10,rank_fusion,E029,2,7,line,L117,5957727193249846668,true,0.91666667,0.8,1.15,1.4375,0.46079717,0.25932428,daily_life
primary,0.425,0.425,10,rank_fusion,E029,3,8,line,L033,15557198007359036769,true,1.00714286,0.79285714,1.25,1.57657658,0.45852667,0.20041477,relationship
primary,0.425,0.425,10,rank_fusion,E030,1,7,line,L044,9683567800026816012,true,1.05,0.81666667,1.16666667,1.42857143,0.45699288,0.24722714,work
primary,0.425,0.425,10,rank_fusion,E030,2,7,line,L117,15328553586266511351,true,1.01666667,0.81666667,1.15,1.40816327,0.48240944,0.28183646,daily_life
primary,0.425,0.425,10,rank_fusion,E030,3,7,line,L098,10308303624880637439,true,1.05,0.81666667,1.16666667,1.42857143,0.62757694,0.40664635,time
primary,0.425,0.425,10,rank_fusion,E031,1,7,line,L064,12794797496014467620,true,0.91666667,0.75,1.16666667,1.55555556,0.43045227,0.3131894,change
primary,0.425,0.425,10,rank_fusion,E031,2,9,line,L105,12967263327635345140,true,1.0,0.825,1.225,1.48484848,0.4752235,0.31395301,expectation
primary,0.425,0.425,10,rank_fusion,E031,3,8,line,L105,12688601981085555976,true,1.07857143,0.83571429,1.19285714,1.42735043,0.47269659,0.31395301,expectation
primary,0.425,0.425,10,rank_fusion,E032,1,7,line,L042,15363036219394373628,true,1.0,0.91666667,1.1,1.2,0.55860899,0.3735743,work
primary,0.425,0.425,10,rank_fusion,E032,2,6,line,L105,2250051636181321151,true,1.03,0.81,1.13,1.39506173,0.49785887,0.24185273,expectation
primary,0.425,0.425,10,rank_fusion,E032,3,7,line,L042,9305075733112308375,true,1.03333333,0.85,1.11666667,1.31372549,0.57420882,0.3735743,work
primary,0.425,0.425,10,rank_fusion,E033,1,8,line,L005,2334393918895814645,true,0.92142857,0.77857143,1.13571429,1.4587156,0.54972056,0.4087465,choice
primary,0.425,0.425,10,rank_fusion,E033,2,7,line,L082,954997009096998732,true,0.93333333,0.81666667,1.15,1.40816327,0.42878421,0.27164553,self
primary,0.425,0.425,10,rank_fusion,E033,3,6,line,L106,15871875286480241601,true,1.09,0.75,1.13,1.50666667,0.49865828,0.37847858,expectation
primary,0.425,0.425,10,rank_fusion,E034,1,6,line,L046,1842886833937335187,true,1.13,0.81,1.13,1.39506173,0.56218715,0.34859445,work
primary,0.425,0.425,10,rank_fusion,E034,2,6,line,L088,2770733435912147992,true,0.81,0.81,1.25,1.54320988,0.4435479,0.38110717,self
primary,0.425,0.425,10,rank_fusion,E034,3,6,line,L117,13816464800827979821,true,0.97,0.75,1.19,1.58666667,0.4832939,0.37966494,daily_life
primary,0.425,0.425,10,rank_fusion,E035,1,5,line,L111,14914593227553786428,true,0.9,0.8,1.175,1.46875,0.43843297,0.38032982,daily_life
primary,0.425,0.425,10,rank_fusion,E035,2,6,line,L111,6882861025263232741,true,0.81,0.81,1.25,1.54320988,0.43628085,0.38032982,daily_life
primary,0.425,0.425,10,rank_fusion,E035,3,6,line,L111,10831108169839833784,true,1.05,0.85,1.19,1.4,0.49691849,0.38032982,daily_life
primary,0.425,0.425,10,rank_fusion,E036,1,9,line,L117,2100214599939928499,true,1.0,0.75,1.1375,1.51666667,0.4730362,0.21741543,daily_life
primary,0.425,0.425,10,rank_fusion,E036,2,4,line,L114,4750442612808793486,true,1.01666667,0.95,1.05,1.10526316,0.46669447,0.358757,daily_life
primary,0.425,0.425,10,rank_fusion,E036,3,9,line,L065,13410304871280061412,true,0.9375,0.75,1.1375,1.51666667,0.45793521,0.29351281,change
primary,0.425,0.425,10,bounded_domain_diversity,E001,1,7,line,L105,10418858375838657071,true,0.85342671,0.85,1.21666667,1.43137255,0.45954306,0.31184876,expectation
primary,0.425,0.425,10,bounded_domain_diversity,E001,2,7,line,L008,9586743709219150784,true,0.89455928,0.77026353,1.24901269,1.62153944,0.51076583,0.33863505,choice
primary,0.425,0.425,10,bounded_domain_diversity,E001,3,7,line,L077,592022256592927774,true,0.87251128,0.81666667,1.21666667,1.48979592,0.47823804,0.34014468,loss
primary,0.425,0.425,10,bounded_domain_diversity,E002,1,6,line,L014,1815355824330082398,true,1.15,0.75,1.15,1.53333333,0.49814276,0.35131283,uncertainty
primary,0.425,0.425,10,bounded_domain_diversity,E002,2,5,line,L101,18076360836035844122,true,0.99757203,0.75,1.25,1.66666667,0.45774265,0.32990119,expectation
primary,0.425,0.425,10,bounded_domain_diversity,E002,3,5,line,L033,3549279955528802194,true,1.25,0.75,1.25,1.66666667,0.50902639,0.15610312,relationship
primary,0.425,0.425,10,bounded_domain_diversity,E003,1,9,line,L004,9795306835945811074,true,1.15,0.85,1.24057057,1.45949478,0.55661925,0.17748176,choice
primary,0.425,0.425,10,bounded_domain_diversity,E003,2,5,line,L057,17565425801133371163,true,0.86079067,0.75,1.15,1.53333333,0.43294838,0.23557381,failure
primary,0.425,0.425,10,bounded_domain_diversity,E003,3,9,line,L004,14691705969429648236,true,0.91024702,0.81310837,1.25,1.53731045,0.52711788,0.17748176,choice
primary,0.425,0.425,10,bounded_domain_diversity,E004,1,6,line,L054,7307250828110910356,true,0.87808466,0.7759703,1.25,1.61088639,0.46068049,0.28640041,failure
primary,0.425,0.425,10,bounded_domain_diversity,E004,2,6,line,L091,1221977699985596942,true,1.19744205,0.75,1.2,1.6,0.49872228,0.40571526,time
primary,0.425,0.425,10,bounded_domain_diversity,E004,3,6,line,L011,14426421530041133937,true,0.95727219,0.75376951,1.25,1.65833187,0.49460933,0.38158767,uncertainty
primary,0.425,0.425,10,bounded_domain_diversity,E005,1,5,line,L107,7282619217601536890,true,1.24858658,0.75,1.24858658,1.66478211,0.51433535,0.35910134,expectation
primary,0.425,0.425,10,bounded_domain_diversity,E005,2,7,line,L055,15748930167514970636,true,0.99657288,0.85,1.25,1.47058824,0.47846763,0.3950313,failure
primary,0.425,0.425,10,bounded_domain_diversity,E005,3,6,line,L012,16753612837345930773,true,1.01215805,0.75,1.15,1.53333333,0.48708478,0.35046519,uncertainty
primary,0.425,0.425,10,bounded_domain_diversity,E006,1,6,line,L055,10262907433805545832,true,0.87654118,0.8,1.2,1.5,0.46116804,0.31585709,failure
primary,0.425,0.425,10,bounded_domain_diversity,E006,2,4,line,L045,18042843141699994572,true,1.2,0.8,1.2,1.5,0.57768486,0.29981392,work
primary,0.425,0.425,10,bounded_domain_diversity,E006,3,4,line,L023,1163312150509658095,true,0.92109978,0.8,1.2,1.5,0.49999514,0.35435937,relationship
primary,0.425,0.425,10,bounded_domain_diversity,E007,1,9,line,L071,1123868814260843555,true,1.2,0.85,1.2,1.41176471,0.55672482,0.36771435,loss
primary,0.425,0.425,10,bounded_domain_diversity,E007,2,9,line,L022,17707032008760263518,true,0.79993283,0.78528332,1.2,1.52811091,0.45749242,0.29381087,relationship
primary,0.425,0.425,10,bounded_domain_diversity,E007,3,9,line,L076,15890260528026092210,true,0.8703234,0.78528332,1.2,1.52811091,0.46465665,0.24737956,loss
primary,0.425,0.425,10,bounded_domain_diversity,E008,1,2,line,L064,9089463680271204443,true,1.2,0.8,1.2,1.5,0.46620368,0.41759224,change
primary,0.425,0.425,10,bounded_domain_diversity,E008,2,4,line,L101,1622075943198844954,true,0.75,0.75,1.15,1.53333333,0.42650536,0.34201367,expectation
primary,0.425,0.425,10,bounded_domain_diversity,E008,3,3,line,L082,10835537203951822082,true,0.80677207,0.8,1.2,1.5,0.4420239,0.35274282,self
primary,0.425,0.425,10,bounded_domain_diversity,E009,1,5,line,L045,15737626019537287687,true,0.91188421,0.75,1.15,1.53333333,0.45764067,0.33597565,work
primary,0.425,0.425,10,bounded_domain_diversity,E009,2,3,line,L034,7017005612764680389,true,1.15,0.85,1.15,1.35294118,0.47160783,0.18616093,relationship
primary,0.425,0.425,10,bounded_domain_diversity,E009,3,7,line,L045,16654790029986043526,true,1.15977739,0.75,1.15977739,1.54636985,0.54551964,0.33597565,work
primary,0.425,0.425,10,bounded_domain_diversity,E010,1,7,line,L007,7474984048184739343,true,0.86697168,0.81324561,1.25,1.53705103,0.45563553,0.26188547,choice
primary,0.425,0.425,10,bounded_domain_diversity,E010,2,5,line,L087,13968013845702785015,true,1.25,0.75,1.25,1.66666667,0.6279804,0.39540397,self
primary,0.425,0.425,10,bounded_domain_diversity,E010,3,7,line,L031,2342842644922167404,true,0.88685796,0.85,1.25,1.47058824,0.4930794,0.35939074,relationship
primary,0.425,0.425,10,bounded_domain_diversity,E011,1,6,line,L021,15445412766682343378,true,0.82855037,0.75,1.2,1.6,0.45114529,0.29820927,relationship
primary,0.425,0.425,10,bounded_domain_diversity,E011,2,6,line,L082,16452615835445950093,true,0.75,0.75,1.2,1.6,0.44389351,0.32516403,self
primary,0.425,0.425,10,bounded_domain_diversity,E011,3,9,line,L032,2807033777464634395,true,1.15,0.75,1.21041883,1.61389178,0.53023901,0.32661157,relationship
primary,0.425,0.425,10,bounded_domain_diversity,E012,1,7,line,L082,9319747233651277781,true,0.96016497,0.85,1.15,1.35294118,0.51419189,0.36664174,self
primary,0.425,0.425,10,bounded_domain_diversity,E012,2,5,line,L082,8099451354487219362,true,1.25,0.75,1.25,1.66666667,0.64541229,0.36664174,self
primary,0.425,0.425,10,bounded_domain_diversity,E012,3,7,line,L022,6717569070870376100,true,1.13153559,0.77276399,1.15,1.48816457,0.58195648,0.24200782,relationship
primary,0.425,0.425,10,bounded_domain_diversity,E013,1,3,line,L101,12514979856087306974,true,0.93564231,0.8,1.2,1.5,0.52363832,0.33099117,expectation
primary,0.425,0.425,10,bounded_domain_diversity,E013,2,3,line,L041,10562541228388731142,true,1.2,0.8,1.2,1.5,0.67945298,0.40398528,work
primary,0.425,0.425,10,bounded_domain_diversity,E013,3,3,line,L041,16840386472138250256,true,1.2,0.8,1.2,1.5,0.68906939,0.40398528,work
primary,0.425,0.425,10,bounded_domain_diversity,E014,1,0,silence,,4994277167912552707,true,,,,,,,
primary,0.425,0.425,10,bounded_domain_diversity,E014,2,0,silence,,17154228650628662984,true,,,,,,,
primary,0.425,0.425,10,bounded_domain_diversity,E014,3,0,silence,,11828780811247916003,true,,,,,,,
primary,0.425,0.425,10,bounded_domain_diversity,E015,1,9,line,L037,5108536779453357120,true,0.91988518,0.75,1.25,1.66666667,0.45500722,0.2336148,relationship
primary,0.425,0.425,10,bounded_domain_diversity,E015,2,7,line,L004,4963155642254140804,true,0.96540299,0.75,1.25,1.66666667,0.4801776,0.34903811,choice
primary,0.425,0.425,10,bounded_domain_diversity,E015,3,7,line,L088,16652227655731484285,true,0.91449583,0.75,1.25,1.66666667,0.46843045,0.23145982,self
primary,0.425,0.425,10,bounded_domain_diversity,E016,1,9,line,L024,7643935400145056541,true,0.89594866,0.77324506,1.25,1.61656383,0.44371644,0.27476525,relationship
primary,0.425,0.425,10,bounded_domain_diversity,E016,2,9,line,L095,17827920318451893469,true,1.0309697,0.77867746,1.2,1.54107453,0.48255012,0.34405922,time
primary,0.425,0.425,10,bounded_domain_diversity,E016,3,9,line,L114,2023343022544715862,true,0.76140926,0.75,1.25,1.66666667,0.43326794,0.3460203,daily_life
primary,0.425,0.425,10,bounded_domain_diversity,E017,1,5,line,L095,10219562820779695759,true,1.05436108,0.8,1.2,1.5,0.48292206,0.3584124,time
primary,0.425,0.425,10,bounded_domain_diversity,E017,2,2,line,L064,11457425130941659040,true,1.15,0.75,1.15,1.53333333,0.48530162,0.38642203,change
primary,0.425,0.425,10,bounded_domain_diversity,E017,3,7,line,L107,15934300896051240561,true,0.96507534,0.75,1.25,1.66666667,0.45115981,0.22011605,expectation
primary,0.425,0.425,10,bounded_domain_diversity,E018,1,8,line,L118,15936931154767373137,true,0.94491298,0.78271512,1.15,1.46924464,0.4686331,0.27811751,daily_life
primary,0.425,0.425,10,bounded_domain_diversity,E018,2,0,silence,,5212375706318490410,true,,,,,,,
primary,0.425,0.425,10,bounded_domain_diversity,E018,3,8,line,L102,10842978474012102864,true,1.15,0.75,1.15,1.53333333,0.5916111,0.3536098,expectation
primary,0.425,0.425,10,bounded_domain_diversity,E019,1,6,line,L062,2482854344084269788,true,0.93718052,0.82629084,1.25,1.51278453,0.44006104,0.31299574,change
primary,0.425,0.425,10,bounded_domain_diversity,E019,2,9,line,L013,847488523742959676,true,1.25,0.85,1.25,1.47058824,0.50304362,0.19491762,uncertainty
primary,0.425,0.425,10,bounded_domain_diversity,E019,3,5,line,L043,12999710830113562700,true,0.83031079,0.83031079,1.15,1.38502356,0.44744407,0.2539084,work
primary,0.425,0.425,10,bounded_domain_diversity,E020,1,8,line,L042,17570569190978810571,true,1.15,0.84600785,1.15,1.35932545,0.55722802,0.33421199,work
primary,0.425,0.425,10,bounded_domain_diversity,E020,2,8,line,L068,14777161230378505879,true,0.9910982,0.75,1.15,1.53333333,0.48590655,0.33357445,change
primary,0.425,0.425,10,bounded_domain_diversity,E020,3,8,line,L115,14078745486532302547,true,1.08761949,0.84600785,1.15,1.35932545,0.50774336,0.24053052,daily_life
primary,0.425,0.425,10,bounded_domain_diversity,E021,1,9,line,L033,4273160823726804535,true,0.81548385,0.75,1.18643721,1.58191628,0.46741523,0.21012102,relationship
primary,0.425,0.425,10,bounded_domain_diversity,E021,2,10,line,L022,4780355652012951342,true,0.77127889,0.75,1.25,1.66666667,0.46066697,0.13873288,relationship
primary,0.425,0.425,10,bounded_domain_diversity,E021,3,10,line,L031,9564867978829526387,true,0.91125178,0.75,1.18225924,1.57634566,0.47209261,0.25397302,relationship
primary,0.425,0.425,10,bounded_domain_diversity,E022,1,5,line,L063,7567060495963791278,true,1.2,0.8,1.2,1.5,0.53175611,0.23077668,change
primary,0.425,0.425,10,bounded_domain_diversity,E022,2,5,line,L063,2550724108362446449,true,1.14605443,0.85,1.25,1.47058824,0.53843198,0.23077668,change
primary,0.425,0.425,10,bounded_domain_diversity,E022,3,5,line,L027,10428351203441084270,true,0.85029361,0.85,1.25,1.47058824,0.51387328,0.25064178,relationship
primary,0.425,0.425,10,bounded_domain_diversity,E023,1,8,line,L068,12225648772027476851,true,0.96022716,0.75,1.15,1.53333333,0.43495556,0.34937521,change
primary,0.425,0.425,10,bounded_domain_diversity,E023,2,8,line,L068,15146102931498470855,true,0.96022716,0.75,1.15,1.53333333,0.43495556,0.34937521,change
primary,0.425,0.425,10,bounded_domain_diversity,E023,3,8,line,L048,11516105883259442250,true,0.93052722,0.75,1.15,1.53333333,0.43255274,0.35975242,work
primary,0.425,0.425,10,bounded_domain_diversity,E024,1,7,line,L068,330473171419209412,true,1.0245011,0.75,1.20123825,1.60165099,0.51061319,0.38063633,change
primary,0.425,0.425,10,bounded_domain_diversity,E024,2,6,line,L008,16825835966078418111,true,0.81274393,0.81274393,1.15,1.41495981,0.48515363,0.42318476,choice
primary,0.425,0.425,10,bounded_domain_diversity,E024,3,7,line,L004,1150077449655025461,true,0.94132496,0.85,1.15,1.35294118,0.54731384,0.27197478,choice
primary,0.425,0.425,10,bounded_domain_diversity,E025,1,10,line,L076,5288228495175161201,true,0.85,0.77753172,1.25,1.60765146,0.43309741,0.19088503,loss
primary,0.425,0.425,10,bounded_domain_diversity,E025,2,10,line,L052,12352902315759129894,true,1.0456939,0.76950418,1.25,1.62442262,0.49822684,0.2156296,failure
primary,0.425,0.425,10,bounded_domain_diversity,E025,3,9,line,L085,17327024317641569776,true,1.03345666,0.84527764,1.2,1.41965189,0.45776486,0.2700306,self
primary,0.425,0.425,10,bounded_domain_diversity,E026,1,3,line,L114,7461710069461762370,true,1.00996286,0.8,1.2,1.5,0.46057759,0.3418251,daily_life
primary,0.425,0.425,10,bounded_domain_diversity,E026,2,4,line,L007,18098212098119025639,true,1.06842797,0.8,1.2,1.5,0.46068326,0.26683279,choice
primary,0.425,0.425,10,bounded_domain_diversity,E026,3,5,line,L043,5106098356127507995,true,0.95961767,0.8,1.2,1.5,0.46338045,0.3131226,work
primary,0.425,0.425,10,bounded_domain_diversity,E027,1,4,line,L031,12710915507337412627,true,0.85,0.85,1.15,1.35294118,0.47089164,0.24453802,relationship
primary,0.425,0.425,10,bounded_domain_diversity,E027,2,8,line,L031,6417914055427047881,true,0.9444535,0.75951447,1.15,1.51412521,0.48899561,0.24453802,relationship
primary,0.425,0.425,10,bounded_domain_diversity,E027,3,4,line,L031,2737858224479029675,true,0.85,0.75821386,1.15,1.51672248,0.46855269,0.24453802,relationship
primary,0.425,0.425,10,bounded_domain_diversity,E028,1,8,line,L107,16856995648896496,true,0.88687391,0.75039524,1.2,1.59915727,0.48925781,0.22831233,expectation
primary,0.425,0.425,10,bounded_domain_diversity,E028,2,9,line,L097,6279286373351141716,true,1.2,0.76155479,1.2,1.5757238,0.77156645,0.33459265,time
primary,0.425,0.425,10,bounded_domain_diversity,E028,3,8,line,L014,10423223718057304698,true,0.83773376,0.75036699,1.2,1.59921746,0.48983729,0.34648482,uncertainty
primary,0.425,0.425,10,bounded_domain_diversity,E029,1,8,line,L034,6883957246945208592,true,0.94144874,0.78051499,1.23005184,1.57594902,0.48242462,0.24938173,relationship
primary,0.425,0.425,10,bounded_domain_diversity,E029,2,7,line,L117,5957727193249846668,true,0.85,0.85,1.25,1.47058824,0.46079717,0.25932428,daily_life
primary,0.425,0.425,10,bounded_domain_diversity,E029,3,8,line,L017,15557198007359036769,true,1.15,0.75,1.15,1.53333333,0.55317611,0.10202789,uncertainty
primary,0.425,0.425,10,bounded_domain_diversity,E030,1,7,line,L065,9683567800026816012,true,1.13936392,0.75,1.15,1.53333333,0.58475348,0.27529016,change
primary,0.425,0.425,10,bounded_domain_diversity,E030,2,7,line,L117,15328553586266511351,true,0.87659634,0.75,1.15,1.53333333,0.48240944,0.28183646,daily_life
primary,0.425,0.425,10,bounded_domain_diversity,E030,3,7,line,L098,10308303624880637439,true,1.15,0.75,1.15,1.53333333,0.62757694,0.40664635,time
primary,0.425,0.425,10,bounded_domain_diversity,E031,1,7,line,L064,12794797496014467620,true,0.87930872,0.78115054,1.15,1.47218742,0.43045227,0.3131894,change
primary,0.425,0.425,10,bounded_domain_diversity,E031,2,9,line,L105,12967263327635345140,true,1.00585424,0.85,1.25,1.47058824,0.4752235,0.31395301,expectation
primary,0.425,0.425,10,bounded_domain_diversity,E031,3,8,line,L105,12688601981085555976,true,1.03189239,0.81808325,1.25,1.52796186,0.47269659,0.31395301,expectation
primary,0.425,0.425,10,bounded_domain_diversity,E032,1,7,line,L042,15363036219394373628,true,1.21985375,0.75,1.25,1.66666667,0.55860899,0.3735743,work
primary,0.425,0.425,10,bounded_domain_diversity,E032,2,6,line,L105,2250051636181321151,true,0.89347344,0.75,1.15,1.53333333,0.49785887,0.24185273,expectation
primary,0.425,0.425,10,bounded_domain_diversity,E032,3,7,line,L042,9305075733112308375,true,1.1005444,0.75,1.15,1.53333333,0.57420882,0.3735743,work
primary,0.425,0.425,10,bounded_domain_diversity,E033,1,8,line,L005,2334393918895814645,true,1.06222892,0.8,1.15,1.4375,0.54972056,0.4087465,choice
primary,0.425,0.425,10,bounded_domain_diversity,E033,2,7,line,L082,954997009096998732,true,0.85123643,0.85,1.25,1.47058824,0.42878421,0.27164553,self
primary,0.425,0.425,10,bounded_domain_diversity,E033,3,6,line,L106,15871875286480241601,true,1.15,0.78594966,1.15,1.46319804,0.49865828,0.37847858,expectation
primary,0.425,0.425,10,bounded_domain_diversity,E034,1,6,line,L046,1842886833937335187,true,1.25,0.75,1.25,1.66666667,0.56218715,0.34859445,work
primary,0.425,0.425,10,bounded_domain_diversity,E034,2,6,line,L088,2770733435912147992,true,0.95999577,0.85,1.18894492,1.39875873,0.4435479,0.38110717,self
primary,0.425,0.425,10,bounded_domain_diversity,E034,3,6,line,L117,13816464800827979821,true,1.1660801,0.85,1.25,1.47058824,0.4832939,0.37966494,daily_life
primary,0.425,0.425,10,bounded_domain_diversity,E035,1,5,line,L111,14914593227553786428,true,0.90618459,0.8,1.2,1.5,0.43843297,0.38032982,daily_life
primary,0.425,0.425,10,bounded_domain_diversity,E035,2,6,line,L095,6882861025263232741,true,0.96902777,0.76134163,1.25,1.6418385,0.46443512,0.37298217,time
primary,0.425,0.425,10,bounded_domain_diversity,E035,3,6,line,L111,10831108169839833784,true,1.25,0.75,1.25,1.66666667,0.49691849,0.38032982,daily_life
primary,0.425,0.425,10,bounded_domain_diversity,E036,1,9,line,L117,2100214599939928499,true,0.82619941,0.82066448,1.2,1.46222973,0.4730362,0.21741543,daily_life
primary,0.425,0.425,10,bounded_domain_diversity,E036,2,4,line,L114,4750442612808793486,true,0.88771351,0.75,1.25,1.66666667,0.46669447,0.358757,daily_life
primary,0.425,0.425,10,bounded_domain_diversity,E036,3,9,line,L068,13410304871280061412,true,1.2,0.82066448,1.2,1.46222973,0.56108366,0.34173912,change
neighbor,0.425,0.4,10,uniform,E001,1,5,line,L105,10418858375838657071,true,1.0,1.0,1.0,1.0,0.45954306,0.31184876,expectation
neighbor,0.425,0.4,10,uniform,E001,2,5,line,L045,9586743709219150784,true,1.0,1.0,1.0,1.0,0.44479735,0.27583983,work
neighbor,0.425,0.4,10,uniform,E001,3,5,line,L102,592022256592927774,true,1.0,1.0,1.0,1.0,0.67227799,0.28345473,expectation
neighbor,0.425,0.4,10,uniform,E002,1,6,line,L014,1815355824330082398,true,1.0,1.0,1.0,1.0,0.49814276,0.35131283,uncertainty
neighbor,0.425,0.4,10,uniform,E002,2,5,line,L101,18076360836035844122,true,1.0,1.0,1.0,1.0,0.45774265,0.32990119,expectation
neighbor,0.425,0.4,10,uniform,E002,3,5,line,L033,3549279955528802194,true,1.0,1.0,1.0,1.0,0.50902639,0.15610312,relationship
neighbor,0.425,0.4,10,uniform,E003,1,9,line,L004,9795306835945811074,true,1.0,1.0,1.0,1.0,0.55661925,0.17748176,choice
neighbor,0.425,0.4,10,uniform,E003,2,5,line,L057,17565425801133371163,true,1.0,1.0,1.0,1.0,0.43294838,0.23557381,failure
neighbor,0.425,0.4,10,uniform,E003,3,9,line,L004,14691705969429648236,true,1.0,1.0,1.0,1.0,0.52711788,0.17748176,choice
neighbor,0.425,0.4,10,uniform,E004,1,4,line,L014,7307250828110910356,true,1.0,1.0,1.0,1.0,0.46012077,0.29672754,uncertainty
neighbor,0.425,0.4,10,uniform,E004,2,5,line,L015,1221977699985596942,true,1.0,1.0,1.0,1.0,0.42634336,0.33712419,uncertainty
neighbor,0.425,0.4,10,uniform,E004,3,4,line,L011,14426421530041133937,true,1.0,1.0,1.0,1.0,0.49460933,0.38158767,uncertainty
neighbor,0.425,0.4,10,uniform,E005,1,4,line,L107,7282619217601536890,true,1.0,1.0,1.0,1.0,0.51433535,0.35910134,expectation
neighbor,0.425,0.4,10,uniform,E005,2,6,line,L067,15748930167514970636,true,1.0,1.0,1.0,1.0,0.47496179,0.35715443,change
neighbor,0.425,0.4,10,uniform,E005,3,5,line,L012,16753612837345930773,true,1.0,1.0,1.0,1.0,0.48708478,0.35046519,uncertainty
neighbor,0.425,0.4,10,uniform,E006,1,6,line,L055,10262907433805545832,true,1.0,1.0,1.0,1.0,0.46116804,0.31585709,failure
neighbor,0.425,0.4,10,uniform,E006,2,4,line,L023,18042843141699994572,true,1.0,1.0,1.0,1.0,0.49999514,0.35435937,relationship
neighbor,0.425,0.4,10,uniform,E006,3,4,line,L023,1163312150509658095,true,1.0,1.0,1.0,1.0,0.49999514,0.35435937,relationship
neighbor,0.425,0.4,10,uniform,E007,1,9,line,L071,1123868814260843555,true,1.0,1.0,1.0,1.0,0.55672482,0.36771435,loss
neighbor,0.425,0.4,10,uniform,E007,2,9,line,L022,17707032008760263518,true,1.0,1.0,1.0,1.0,0.45749242,0.29381087,relationship
neighbor,0.425,0.4,10,uniform,E007,3,9,line,L076,15890260528026092210,true,1.0,1.0,1.0,1.0,0.46465665,0.24737956,loss
neighbor,0.425,0.4,10,uniform,E008,1,1,line,L024,9089463680271204443,true,1.0,1.0,1.0,1.0,0.45418066,0.33264434,relationship
neighbor,0.425,0.4,10,uniform,E008,2,4,line,L101,1622075943198844954,true,1.0,1.0,1.0,1.0,0.42650536,0.34201367,expectation
neighbor,0.425,0.4,10,uniform,E008,3,3,line,L082,10835537203951822082,true,1.0,1.0,1.0,1.0,0.4420239,0.35274282,self
neighbor,0.425,0.4,10,uniform,E009,1,5,line,L045,15737626019537287687,true,1.0,1.0,1.0,1.0,0.45764067,0.33597565,work
neighbor,0.425,0.4,10,uniform,E009,2,3,line,L034,7017005612764680389,true,1.0,1.0,1.0,1.0,0.47160783,0.18616093,relationship
neighbor,0.425,0.4,10,uniform,E009,3,7,line,L045,16654790029986043526,true,1.0,1.0,1.0,1.0,0.54551964,0.33597565,work
neighbor,0.425,0.4,10,uniform,E010,1,6,line,L007,7474984048184739343,true,1.0,1.0,1.0,1.0,0.45563553,0.26188547,choice
neighbor,0.425,0.4,10,uniform,E010,2,4,line,L087,13968013845702785015,true,1.0,1.0,1.0,1.0,0.6279804,0.39540397,self
neighbor,0.425,0.4,10,uniform,E010,3,6,line,L031,2342842644922167404,true,1.0,1.0,1.0,1.0,0.4930794,0.35939074,relationship
neighbor,0.425,0.4,10,uniform,E011,1,6,line,L021,15445412766682343378,true,1.0,1.0,1.0,1.0,0.45114529,0.29820927,relationship
neighbor,0.425,0.4,10,uniform,E011,2,6,line,L082,16452615835445950093,true,1.0,1.0,1.0,1.0,0.44389351,0.32516403,self
neighbor,0.425,0.4,10,uniform,E011,3,9,line,L032,2807033777464634395,true,1.0,1.0,1.0,1.0,0.53023901,0.32661157,relationship
neighbor,0.425,0.4,10,uniform,E012,1,7,line,L082,9319747233651277781,true,1.0,1.0,1.0,1.0,0.51419189,0.36664174,self
neighbor,0.425,0.4,10,uniform,E012,2,5,line,L035,8099451354487219362,true,1.0,1.0,1.0,1.0,0.56304561,0.36599469,relationship
neighbor,0.425,0.4,10,uniform,E012,3,7,line,L022,6717569070870376100,true,1.0,1.0,1.0,1.0,0.58195648,0.24200782,relationship
neighbor,0.425,0.4,10,uniform,E013,1,2,line,L101,12514979856087306974,true,1.0,1.0,1.0,1.0,0.52363832,0.33099117,expectation
neighbor,0.425,0.4,10,uniform,E013,2,2,line,L032,10562541228388731142,true,1.0,1.0,1.0,1.0,0.44368959,0.33957991,relationship
neighbor,0.425,0.4,10,uniform,E013,3,2,line,L032,16840386472138250256,true,1.0,1.0,1.0,1.0,0.43683239,0.33957991,relationship
neighbor,0.425,0.4,10,uniform,E014,1,0,silence,,4994277167912552707,true,,,,,,,
neighbor,0.425,0.4,10,uniform,E014,2,0,silence,,17154228650628662984,true,,,,,,,
neighbor,0.425,0.4,10,uniform,E014,3,0,silence,,11828780811247916003,true,,,,,,,
neighbor,0.425,0.4,10,uniform,E015,1,9,line,L037,5108536779453357120,true,1.0,1.0,1.0,1.0,0.45500722,0.2336148,relationship
neighbor,0.425,0.4,10,uniform,E015,2,7,line,L004,4963155642254140804,true,1.0,1.0,1.0,1.0,0.4801776,0.34903811,choice
neighbor,0.425,0.4,10,uniform,E015,3,7,line,L088,16652227655731484285,true,1.0,1.0,1.0,1.0,0.46843045,0.23145982,self
neighbor,0.425,0.4,10,uniform,E016,1,9,line,L024,7643935400145056541,true,1.0,1.0,1.0,1.0,0.44371644,0.27476525,relationship
neighbor,0.425,0.4,10,uniform,E016,2,9,line,L106,17827920318451893469,true,1.0,1.0,1.0,1.0,0.4740658,0.35841907,expectation
neighbor,0.425,0.4,10,uniform,E016,3,9,line,L114,2023343022544715862,true,1.0,1.0,1.0,1.0,0.43326794,0.3460203,daily_life
neighbor,0.425,0.4,10,uniform,E017,1,5,line,L095,10219562820779695759,true,1.0,1.0,1.0,1.0,0.48292206,0.3584124,time
neighbor,0.425,0.4,10,uniform,E017,2,2,line,L064,11457425130941659040,true,1.0,1.0,1.0,1.0,0.48530162,0.38642203,change
neighbor,0.425,0.4,10,uniform,E017,3,7,line,L107,15934300896051240561,true,1.0,1.0,1.0,1.0,0.45115981,0.22011605,expectation
neighbor,0.425,0.4,10,uniform,E018,1,8,line,L118,15936931154767373137,true,1.0,1.0,1.0,1.0,0.4686331,0.27811751,daily_life
neighbor,0.425,0.4,10,uniform,E018,2,0,silence,,5212375706318490410,true,,,,,,,
neighbor,0.425,0.4,10,uniform,E018,3,8,line,L102,10842978474012102864,true,1.0,1.0,1.0,1.0,0.5916111,0.3536098,expectation
neighbor,0.425,0.4,10,uniform,E019,1,5,line,L062,2482854344084269788,true,1.0,1.0,1.0,1.0,0.44006104,0.31299574,change
neighbor,0.425,0.4,10,uniform,E019,2,8,line,L013,847488523742959676,true,1.0,1.0,1.0,1.0,0.50304362,0.19491762,uncertainty
neighbor,0.425,0.4,10,uniform,E019,3,5,line,L043,12999710830113562700,true,1.0,1.0,1.0,1.0,0.44744407,0.2539084,work
neighbor,0.425,0.4,10,uniform,E020,1,8,line,L042,17570569190978810571,true,1.0,1.0,1.0,1.0,0.55722802,0.33421199,work
neighbor,0.425,0.4,10,uniform,E020,2,8,line,L068,14777161230378505879,true,1.0,1.0,1.0,1.0,0.48590655,0.33357445,change
neighbor,0.425,0.4,10,uniform,E020,3,8,line,L115,14078745486532302547,true,1.0,1.0,1.0,1.0,0.50774336,0.24053052,daily_life
neighbor,0.425,0.4,10,uniform,E021,1,8,line,L033,4273160823726804535,true,1.0,1.0,1.0,1.0,0.46741523,0.21012102,relationship
neighbor,0.425,0.4,10,uniform,E021,2,10,line,L022,4780355652012951342,true,1.0,1.0,1.0,1.0,0.46066697,0.13873288,relationship
neighbor,0.425,0.4,10,uniform,E021,3,10,line,L031,9564867978829526387,true,1.0,1.0,1.0,1.0,0.47209261,0.25397302,relationship
neighbor,0.425,0.4,10,uniform,E022,1,5,line,L054,7567060495963791278,true,1.0,1.0,1.0,1.0,0.50542412,0.24516813,failure
neighbor,0.425,0.4,10,uniform,E022,2,5,line,L063,2550724108362446449,true,1.0,1.0,1.0,1.0,0.53843198,0.23077668,change
neighbor,0.425,0.4,10,uniform,E022,3,5,line,L027,10428351203441084270,true,1.0,1.0,1.0,1.0,0.51387328,0.25064178,relationship
neighbor,0.425,0.4,10,uniform,E023,1,6,line,L068,12225648772027476851,true,1.0,1.0,1.0,1.0,0.43495556,0.34937521,change
neighbor,0.425,0.4,10,uniform,E023,2,6,line,L068,15146102931498470855,true,1.0,1.0,1.0,1.0,0.43495556,0.34937521,change
neighbor,0.425,0.4,10,uniform,E023,3,6,line,L048,11516105883259442250,true,1.0,1.0,1.0,1.0,0.43255274,0.35975242,work
neighbor,0.425,0.4,10,uniform,E024,1,6,line,L068,330473171419209412,true,1.0,1.0,1.0,1.0,0.51061319,0.38063633,change
neighbor,0.425,0.4,10,uniform,E024,2,5,line,L032,16825835966078418111,true,1.0,1.0,1.0,1.0,0.51159863,0.28990894,relationship
neighbor,0.425,0.4,10,uniform,E024,3,6,line,L004,1150077449655025461,true,1.0,1.0,1.0,1.0,0.54731384,0.27197478,choice
neighbor,0.425,0.4,10,uniform,E025,1,10,line,L076,5288228495175161201,true,1.0,1.0,1.0,1.0,0.43309741,0.19088503,loss
neighbor,0.425,0.4,10,uniform,E025,2,10,line,L066,12352902315759129894,true,1.0,1.0,1.0,1.0,0.46094501,0.27486681,change
neighbor,0.425,0.4,10,uniform,E025,3,9,line,L085,17327024317641569776,true,1.0,1.0,1.0,1.0,0.45776486,0.2700306,self
neighbor,0.425,0.4,10,uniform,E026,1,3,line,L114,7461710069461762370,true,1.0,1.0,1.0,1.0,0.46057759,0.3418251,daily_life
neighbor,0.425,0.4,10,uniform,E026,2,4,line,L007,18098212098119025639,true,1.0,1.0,1.0,1.0,0.46068326,0.26683279,choice
neighbor,0.425,0.4,10,uniform,E026,3,5,line,L043,5106098356127507995,true,1.0,1.0,1.0,1.0,0.46338045,0.3131226,work
neighbor,0.425,0.4,10,uniform,E027,1,4,line,L031,12710915507337412627,true,1.0,1.0,1.0,1.0,0.47089164,0.24453802,relationship
neighbor,0.425,0.4,10,uniform,E027,2,8,line,L031,6417914055427047881,true,1.0,1.0,1.0,1.0,0.48899561,0.24453802,relationship
neighbor,0.425,0.4,10,uniform,E027,3,4,line,L031,2737858224479029675,true,1.0,1.0,1.0,1.0,0.46855269,0.24453802,relationship
neighbor,0.425,0.4,10,uniform,E028,1,8,line,L107,16856995648896496,true,1.0,1.0,1.0,1.0,0.48925781,0.22831233,expectation
neighbor,0.425,0.4,10,uniform,E028,2,9,line,L097,6279286373351141716,true,1.0,1.0,1.0,1.0,0.77156645,0.33459265,time
neighbor,0.425,0.4,10,uniform,E028,3,8,line,L014,10423223718057304698,true,1.0,1.0,1.0,1.0,0.48983729,0.34648482,uncertainty
neighbor,0.425,0.4,10,uniform,E029,1,8,line,L034,6883957246945208592,true,1.0,1.0,1.0,1.0,0.48242462,0.24938173,relationship
neighbor,0.425,0.4,10,uniform,E029,2,6,line,L117,5957727193249846668,true,1.0,1.0,1.0,1.0,0.46079717,0.25932428,daily_life
neighbor,0.425,0.4,10,uniform,E029,3,8,line,L033,15557198007359036769,true,1.0,1.0,1.0,1.0,0.45852667,0.20041477,relationship
neighbor,0.425,0.4,10,uniform,E030,1,6,line,L044,9683567800026816012,true,1.0,1.0,1.0,1.0,0.45699288,0.24722714,work
neighbor,0.425,0.4,10,uniform,E030,2,6,line,L117,15328553586266511351,true,1.0,1.0,1.0,1.0,0.48240944,0.28183646,daily_life
neighbor,0.425,0.4,10,uniform,E030,3,6,line,L117,10308303624880637439,true,1.0,1.0,1.0,1.0,0.48312128,0.28183646,daily_life
neighbor,0.425,0.4,10,uniform,E031,1,7,line,L064,12794797496014467620,true,1.0,1.0,1.0,1.0,0.43045227,0.3131894,change
neighbor,0.425,0.4,10,uniform,E031,2,8,line,L105,12967263327635345140,true,1.0,1.0,1.0,1.0,0.4752235,0.31395301,expectation
neighbor,0.425,0.4,10,uniform,E031,3,7,line,L105,12688601981085555976,true,1.0,1.0,1.0,1.0,0.47269659,0.31395301,expectation
neighbor,0.425,0.4,10,uniform,E032,1,7,line,L042,15363036219394373628,true,1.0,1.0,1.0,1.0,0.55860899,0.3735743,work
neighbor,0.425,0.4,10,uniform,E032,2,5,line,L105,2250051636181321151,true,1.0,1.0,1.0,1.0,0.49785887,0.24185273,expectation
neighbor,0.425,0.4,10,uniform,E032,3,6,line,L042,9305075733112308375,true,1.0,1.0,1.0,1.0,0.57420882,0.3735743,work
neighbor,0.425,0.4,10,uniform,E033,1,7,line,L035,2334393918895814645,true,1.0,1.0,1.0,1.0,0.58995538,0.35108554,relationship
neighbor,0.425,0.4,10,uniform,E033,2,7,line,L082,954997009096998732,true,1.0,1.0,1.0,1.0,0.42878421,0.27164553,self
neighbor,0.425,0.4,10,uniform,E033,3,6,line,L106,15871875286480241601,true,1.0,1.0,1.0,1.0,0.49865828,0.37847858,expectation
neighbor,0.425,0.4,10,uniform,E034,1,6,line,L046,1842886833937335187,true,1.0,1.0,1.0,1.0,0.56218715,0.34859445,work
neighbor,0.425,0.4,10,uniform,E034,2,6,line,L088,2770733435912147992,true,1.0,1.0,1.0,1.0,0.4435479,0.38110717,self
neighbor,0.425,0.4,10,uniform,E034,3,6,line,L117,13816464800827979821,true,1.0,1.0,1.0,1.0,0.4832939,0.37966494,daily_life
neighbor,0.425,0.4,10,uniform,E035,1,5,line,L111,14914593227553786428,true,1.0,1.0,1.0,1.0,0.43843297,0.38032982,daily_life
neighbor,0.425,0.4,10,uniform,E035,2,6,line,L111,6882861025263232741,true,1.0,1.0,1.0,1.0,0.43628085,0.38032982,daily_life
neighbor,0.425,0.4,10,uniform,E035,3,6,line,L111,10831108169839833784,true,1.0,1.0,1.0,1.0,0.49691849,0.38032982,daily_life
neighbor,0.425,0.4,10,uniform,E036,1,9,line,L117,2100214599939928499,true,1.0,1.0,1.0,1.0,0.4730362,0.21741543,daily_life
neighbor,0.425,0.4,10,uniform,E036,2,4,line,L114,4750442612808793486,true,1.0,1.0,1.0,1.0,0.46669447,0.358757,daily_life
neighbor,0.425,0.4,10,uniform,E036,3,9,line,L068,13410304871280061412,true,1.0,1.0,1.0,1.0,0.56108366,0.34173912,change
neighbor,0.425,0.4,10,abstraction_bounded_weighted,E001,1,5,line,L105,10418858375838657071,true,0.79595005,0.75,1.25,1.66666667,0.45954306,0.31184876,expectation
neighbor,0.425,0.4,10,abstraction_bounded_weighted,E001,2,5,line,L045,9586743709219150784,true,0.75,0.75,1.25,1.66666667,0.44479735,0.27583983,work
neighbor,0.425,0.4,10,abstraction_bounded_weighted,E001,3,5,line,L102,592022256592927774,true,1.25,0.75,1.25,1.66666667,0.67227799,0.28345473,expectation
neighbor,0.425,0.4,10,abstraction_bounded_weighted,E002,1,6,line,L014,1815355824330082398,true,1.25,0.75,1.25,1.66666667,0.49814276,0.35131283,uncertainty
neighbor,0.425,0.4,10,abstraction_bounded_weighted,E002,2,5,line,L101,18076360836035844122,true,0.93446504,0.75,1.25,1.66666667,0.45774265,0.32990119,expectation
neighbor,0.425,0.4,10,abstraction_bounded_weighted,E002,3,5,line,L033,3549279955528802194,true,1.25,0.75,1.25,1.66666667,0.50902639,0.15610312,relationship
neighbor,0.425,0.4,10,abstraction_bounded_weighted,E003,1,9,line,L004,9795306835945811074,true,1.25,0.75,1.25,1.66666667,0.55661925,0.17748176,choice
neighbor,0.425,0.4,10,abstraction_bounded_weighted,E003,2,5,line,L012,17565425801133371163,true,0.98904135,0.75,1.25,1.66666667,0.45609141,0.1963141,uncertainty
neighbor,0.425,0.4,10,abstraction_bounded_weighted,E003,3,9,line,L004,14691705969429648236,true,0.95030877,0.75,1.25,1.66666667,0.52711788,0.17748176,choice
neighbor,0.425,0.4,10,abstraction_bounded_weighted,E004,1,4,line,L014,7307250828110910356,true,0.82841331,0.75,1.25,1.66666667,0.46012077,0.29672754,uncertainty
neighbor,0.425,0.4,10,abstraction_bounded_weighted,E004,2,5,line,L015,1221977699985596942,true,0.75,0.75,1.25,1.66666667,0.42634336,0.33712419,uncertainty
neighbor,0.425,0.4,10,abstraction_bounded_weighted,E004,3,4,line,L011,14426421530041133937,true,1.25,0.75,1.25,1.66666667,0.49460933,0.38158767,uncertainty
neighbor,0.425,0.4,10,abstraction_bounded_weighted,E005,1,4,line,L107,7282619217601536890,true,1.25,0.75,1.25,1.66666667,0.51433535,0.35910134,expectation
neighbor,0.425,0.4,10,abstraction_bounded_weighted,E005,2,6,line,L067,15748930167514970636,true,0.90936642,0.75,1.25,1.66666667,0.47496179,0.35715443,change
neighbor,0.425,0.4,10,abstraction_bounded_weighted,E005,3,5,line,L012,16753612837345930773,true,1.25,0.75,1.25,1.66666667,0.48708478,0.35046519,uncertainty
neighbor,0.425,0.4,10,abstraction_bounded_weighted,E006,1,6,line,L055,10262907433805545832,true,0.84567647,0.75,1.25,1.66666667,0.46116804,0.31585709,failure
neighbor,0.425,0.4,10,abstraction_bounded_weighted,E006,2,4,line,L045,18042843141699994572,true,1.25,0.75,1.25,1.66666667,0.57768486,0.29981392,work
neighbor,0.425,0.4,10,abstraction_bounded_weighted,E006,3,4,line,L023,1163312150509658095,true,0.90137473,0.75,1.25,1.66666667,0.49999514,0.35435937,relationship
neighbor,0.425,0.4,10,abstraction_bounded_weighted,E007,1,9,line,L071,1123868814260843555,true,1.25,0.75,1.25,1.66666667,0.55672482,0.36771435,loss
neighbor,0.425,0.4,10,abstraction_bounded_weighted,E007,2,9,line,L022,17707032008760263518,true,0.81241604,0.75,1.25,1.66666667,0.45749242,0.29381087,relationship
neighbor,0.425,0.4,10,abstraction_bounded_weighted,E007,3,9,line,L076,15890260528026092210,true,0.83790425,0.75,1.25,1.66666667,0.46465665,0.24737956,loss
neighbor,0.425,0.4,10,abstraction_bounded_weighted,E008,1,1,line,L024,9089463680271204443,true,1.0,1.0,1.0,1.0,0.45418066,0.33264434,relationship
neighbor,0.425,0.4,10,abstraction_bounded_weighted,E008,2,4,line,L101,1622075943198844954,true,0.75,0.75,1.25,1.66666667,0.42650536,0.34201367,expectation
neighbor,0.425,0.4,10,abstraction_bounded_weighted,E008,3,3,line,L082,10835537203951822082,true,0.75846509,0.75,1.25,1.66666667,0.4420239,0.35274282,self
neighbor,0.425,0.4,10,abstraction_bounded_weighted,E009,1,5,line,L036,15737626019537287687,true,1.25,0.75,1.25,1.66666667,0.57557845,0.35841569,relationship
neighbor,0.425,0.4,10,abstraction_bounded_weighted,E009,2,3,line,L034,7017005612764680389,true,1.25,0.75,1.25,1.66666667,0.47160783,0.18616093,relationship
neighbor,0.425,0.4,10,abstraction_bounded_weighted,E009,3,7,line,L045,16654790029986043526,true,1.13722174,0.75,1.25,1.66666667,0.54551964,0.33597565,work
neighbor,0.425,0.4,10,abstraction_bounded_weighted,E010,1,6,line,L007,7474984048184739343,true,0.77121461,0.75,1.25,1.66666667,0.45563553,0.26188547,choice
neighbor,0.425,0.4,10,abstraction_bounded_weighted,E010,2,4,line,L087,13968013845702785015,true,1.25,0.75,1.25,1.66666667,0.6279804,0.39540397,self
neighbor,0.425,0.4,10,abstraction_bounded_weighted,E010,3,6,line,L031,2342842644922167404,true,0.92107245,0.75,1.25,1.66666667,0.4930794,0.35939074,relationship
neighbor,0.425,0.4,10,abstraction_bounded_weighted,E011,1,6,line,L021,15445412766682343378,true,0.78568796,0.75,1.25,1.66666667,0.45114529,0.29820927,relationship
neighbor,0.425,0.4,10,abstraction_bounded_weighted,E011,2,6,line,L082,16452615835445950093,true,0.75,0.75,1.25,1.66666667,0.44389351,0.32516403,self
neighbor,0.425,0.4,10,abstraction_bounded_weighted,E011,3,9,line,L032,2807033777464634395,true,1.25,0.75,1.25,1.66666667,0.53023901,0.32661157,relationship
neighbor,0.425,0.4,10,abstraction_bounded_weighted,E012,1,7,line,L082,9319747233651277781,true,0.88770621,0.75,1.25,1.66666667,0.51419189,0.36664174,self
neighbor,0.425,0.4,10,abstraction_bounded_weighted,E012,2,5,line,L082,8099451354487219362,true,1.25,0.75,1.25,1.66666667,0.64541229,0.36664174,self
neighbor,0.425,0.4,10,abstraction_bounded_weighted,E012,3,7,line,L022,6717569070870376100,true,1.22691949,0.75,1.25,1.66666667,0.58195648,0.24200782,relationship
neighbor,0.425,0.4,10,abstraction_bounded_weighted,E013,1,2,line,L101,12514979856087306974,true,1.25,0.75,1.25,1.66666667,0.52363832,0.33099117,expectation
neighbor,0.425,0.4,10,abstraction_bounded_weighted,E013,2,2,line,L101,10562541228388731142,true,1.25,0.75,1.25,1.66666667,0.52363832,0.33099117,expectation
neighbor,0.425,0.4,10,abstraction_bounded_weighted,E013,3,2,line,L101,16840386472138250256,true,1.25,0.75,1.25,1.66666667,0.51629422,0.33099117,expectation
neighbor,0.425,0.4,10,abstraction_bounded_weighted,E014,1,0,silence,,4994277167912552707,true,,,,,,,
neighbor,0.425,0.4,10,abstraction_bounded_weighted,E014,2,0,silence,,17154228650628662984,true,,,,,,,
neighbor,0.425,0.4,10,abstraction_bounded_weighted,E014,3,0,silence,,11828780811247916003,true,,,,,,,
neighbor,0.425,0.4,10,abstraction_bounded_weighted,E015,1,9,line,L037,5108536779453357120,true,0.83735648,0.75,1.25,1.66666667,0.45500722,0.2336148,relationship
neighbor,0.425,0.4,10,abstraction_bounded_weighted,E015,2,7,line,L004,4963155642254140804,true,0.89425374,0.75,1.25,1.66666667,0.4801776,0.34903811,choice
neighbor,0.425,0.4,10,abstraction_bounded_weighted,E015,3,7,line,L088,16652227655731484285,true,0.83061979,0.75,1.25,1.66666667,0.46843045,0.23145982,self
neighbor,0.425,0.4,10,abstraction_bounded_weighted,E016,1,9,line,L024,7643935400145056541,true,0.80743583,0.75,1.25,1.66666667,0.44371644,0.27476525,relationship
neighbor,0.425,0.4,10,abstraction_bounded_weighted,E016,2,9,line,L095,17827920318451893469,true,0.97621212,0.75,1.25,1.66666667,0.48255012,0.34405922,time
neighbor,0.425,0.4,10,abstraction_bounded_weighted,E016,3,9,line,L114,2023343022544715862,true,0.76426157,0.75,1.25,1.66666667,0.43326794,0.3460203,daily_life
neighbor,0.425,0.4,10,abstraction_bounded_weighted,E017,1,5,line,L095,10219562820779695759,true,1.06795136,0.75,1.25,1.66666667,0.48292206,0.3584124,time
neighbor,0.425,0.4,10,abstraction_bounded_weighted,E017,2,2,line,L064,11457425130941659040,true,1.25,0.75,1.25,1.66666667,0.48530162,0.38642203,change
neighbor,0.425,0.4,10,abstraction_bounded_weighted,E017,3,7,line,L107,15934300896051240561,true,0.89384418,0.75,1.25,1.66666667,0.45115981,0.22011605,expectation
neighbor,0.425,0.4,10,abstraction_bounded_weighted,E018,1,8,line,L118,15936931154767373137,true,0.99364122,0.75,1.25,1.66666667,0.4686331,0.27811751,daily_life
neighbor,0.425,0.4,10,abstraction_bounded_weighted,E018,2,0,silence,,5212375706318490410,true,,,,,,,
neighbor,0.425,0.4,10,abstraction_bounded_weighted,E018,3,8,line,L102,10842978474012102864,true,1.25,0.75,1.25,1.66666667,0.5916111,0.3536098,expectation
neighbor,0.425,0.4,10,abstraction_bounded_weighted,E019,1,5,line,L055,2482854344084269788,true,0.79911544,0.75,1.25,1.66666667,0.43864586,0.32009608,failure
neighbor,0.425,0.4,10,abstraction_bounded_weighted,E019,2,8,line,L013,847488523742959676,true,1.25,0.75,1.25,1.66666667,0.50304362,0.19491762,uncertainty
neighbor,0.425,0.4,10,abstraction_bounded_weighted,E019,3,5,line,L043,12999710830113562700,true,0.85038848,0.75,1.25,1.66666667,0.44744407,0.2539084,work
neighbor,0.425,0.4,10,abstraction_bounded_weighted,E020,1,8,line,L042,17570569190978810571,true,1.25,0.75,1.25,1.66666667,0.55722802,0.33421199,work
neighbor,0.425,0.4,10,abstraction_bounded_weighted,E020,2,8,line,L068,14777161230378505879,true,0.92637275,0.75,1.25,1.66666667,0.48590655,0.33357445,change
neighbor,0.425,0.4,10,abstraction_bounded_weighted,E020,3,8,line,L115,14078745486532302547,true,1.04702437,0.75,1.25,1.66666667,0.50774336,0.24053052,daily_life
neighbor,0.425,0.4,10,abstraction_bounded_weighted,E021,1,8,line,L033,4273160823726804535,true,0.83185481,0.75,1.25,1.66666667,0.46741523,0.21012102,relationship
neighbor,0.425,0.4,10,abstraction_bounded_weighted,E021,2,10,line,L022,4780355652012951342,true,0.77659861,0.75,1.25,1.66666667,0.46066697,0.13873288,relationship
neighbor,0.425,0.4,10,abstraction_bounded_weighted,E021,3,10,line,L015,9564867978829526387,true,0.78659768,0.75,1.25,1.66666667,0.45536358,0.30368207,uncertainty
neighbor,0.425,0.4,10,abstraction_bounded_weighted,E022,1,5,line,L063,7567060495963791278,true,1.25,0.75,1.25,1.66666667,0.53175611,0.23077668,change
neighbor,0.425,0.4,10,abstraction_bounded_weighted,E022,2,5,line,L063,2550724108362446449,true,1.24506804,0.75,1.25,1.66666667,0.53843198,0.23077668,change
neighbor,0.425,0.4,10,abstraction_bounded_weighted,E022,3,5,line,L027,10428351203441084270,true,0.75036702,0.75,1.25,1.66666667,0.51387328,0.25064178,relationship
neighbor,0.425,0.4,10,abstraction_bounded_weighted,E023,1,6,line,L068,12225648772027476851,true,0.86598294,0.75,1.25,1.66666667,0.43495556,0.34937521,change
neighbor,0.425,0.4,10,abstraction_bounded_weighted,E023,2,6,line,L068,15146102931498470855,true,0.86598294,0.75,1.25,1.66666667,0.43495556,0.34937521,change
neighbor,0.425,0.4,10,abstraction_bounded_weighted,E023,3,6,line,L048,11516105883259442250,true,0.82662355,0.75,1.25,1.66666667,0.43255274,0.35975242,work
neighbor,0.425,0.4,10,abstraction_bounded_weighted,E024,1,6,line,L068,330473171419209412,true,0.91372422,0.75,1.25,1.66666667,0.51061319,0.38063633,change
neighbor,0.425,0.4,10,abstraction_bounded_weighted,E024,2,5,line,L032,16825835966078418111,true,0.92007348,0.75,1.25,1.66666667,0.51159863,0.28990894,relationship
neighbor,0.425,0.4,10,abstraction_bounded_weighted,E024,3,6,line,L004,1150077449655025461,true,0.95759064,0.75,1.25,1.66666667,0.54731384,0.27197478,choice
neighbor,0.425,0.4,10,abstraction_bounded_weighted,E025,1,10,line,L076,5288228495175161201,true,0.75,0.75,1.25,1.66666667,0.43309741,0.19088503,loss
neighbor,0.425,0.4,10,abstraction_bounded_weighted,E025,2,10,line,L066,12352902315759129894,true,0.75,0.75,1.25,1.66666667,0.46094501,0.27486681,change
neighbor,0.425,0.4,10,abstraction_bounded_weighted,E025,3,9,line,L085,17327024317641569776,true,0.97932083,0.75,1.25,1.66666667,0.45776486,0.2700306,self
neighbor,0.425,0.4,10,abstraction_bounded_weighted,E026,1,3,line,L114,7461710069461762370,true,1.01245357,0.75,1.25,1.66666667,0.46057759,0.3418251,daily_life
neighbor,0.425,0.4,10,abstraction_bounded_weighted,E026,2,4,line,L007,18098212098119025639,true,1.08553496,0.75,1.25,1.66666667,0.46068326,0.26683279,choice
neighbor,0.425,0.4,10,abstraction_bounded_weighted,E026,3,5,line,L043,5106098356127507995,true,0.94952209,0.75,1.25,1.66666667,0.46338045,0.3131226,work
neighbor,0.425,0.4,10,abstraction_bounded_weighted,E027,1,4,line,L031,12710915507337412627,true,0.75,0.75,1.25,1.66666667,0.47089164,0.24453802,relationship
neighbor,0.425,0.4,10,abstraction_bounded_weighted,E027,2,8,line,L031,6417914055427047881,true,0.99306688,0.75,1.25,1.66666667,0.48899561,0.24453802,relationship
neighbor,0.425,0.4,10,abstraction_bounded_weighted,E027,3,4,line,L031,2737858224479029675,true,0.75,0.75,1.25,1.66666667,0.46855269,0.24453802,relationship
neighbor,0.425,0.4,10,abstraction_bounded_weighted,E028,1,8,line,L107,16856995648896496,true,0.85859238,0.75,1.25,1.66666667,0.48925781,0.22831233,expectation
neighbor,0.425,0.4,10,abstraction_bounded_weighted,E028,2,9,line,L097,6279286373351141716,true,1.25,0.75,1.25,1.66666667,0.77156645,0.33459265,time
neighbor,0.425,0.4,10,abstraction_bounded_weighted,E028,3,8,line,L014,10423223718057304698,true,0.85966721,0.75,1.25,1.66666667,0.48983729,0.34648482,uncertainty
neighbor,0.425,0.4,10,abstraction_bounded_weighted,E029,1,8,line,L034,6883957246945208592,true,0.98931093,0.75,1.25,1.66666667,0.48242462,0.24938173,relationship
neighbor,0.425,0.4,10,abstraction_bounded_weighted,E029,2,6,line,L117,5957727193249846668,true,0.75,0.75,1.25,1.66666667,0.46079717,0.25932428,daily_life
neighbor,0.425,0.4,10,abstraction_bounded_weighted,E029,3,8,line,L017,15557198007359036769,true,1.25,0.75,1.25,1.66666667,0.55317611,0.10202789,uncertainty
neighbor,0.425,0.4,10,abstraction_bounded_weighted,E030,1,6,line,L044,9683567800026816012,true,0.78688043,0.75,1.25,1.66666667,0.45699288,0.24722714,work
neighbor,0.425,0.4,10,abstraction_bounded_weighted,E030,2,6,line,L117,15328553586266511351,true,0.7983613,0.75,1.25,1.66666667,0.48240944,0.28183646,daily_life
neighbor,0.425,0.4,10,abstraction_bounded_weighted,E030,3,6,line,L096,10308303624880637439,true,0.83737131,0.75,1.25,1.66666667,0.49168786,0.38949789,time
neighbor,0.425,0.4,10,abstraction_bounded_weighted,E031,1,7,line,L064,12794797496014467620,true,0.7866359,0.75,1.25,1.66666667,0.43045227,0.3131894,change
neighbor,0.425,0.4,10,abstraction_bounded_weighted,E031,2,8,line,L105,12967263327635345140,true,0.9448178,0.75,1.25,1.66666667,0.4752235,0.31395301,expectation
neighbor,0.425,0.4,10,abstraction_bounded_weighted,E031,3,7,line,L105,12688601981085555976,true,1.10236548,0.75,1.25,1.66666667,0.47269659,0.31395301,expectation
neighbor,0.425,0.4,10,abstraction_bounded_weighted,E032,1,7,line,L042,15363036219394373628,true,1.21231719,0.75,1.25,1.66666667,0.55860899,0.3735743,work
neighbor,0.425,0.4,10,abstraction_bounded_weighted,E032,2,5,line,L105,2250051636181321151,true,0.8043418,0.75,1.25,1.66666667,0.49785887,0.24185273,expectation
neighbor,0.425,0.4,10,abstraction_bounded_weighted,E032,3,6,line,L042,9305075733112308375,true,1.18818049,0.75,1.25,1.66666667,0.57420882,0.3735743,work
neighbor,0.425,0.4,10,abstraction_bounded_weighted,E033,1,7,line,L035,2334393918895814645,true,1.17390414,0.75,1.25,1.66666667,0.58995538,0.35108554,relationship
neighbor,0.425,0.4,10,abstraction_bounded_weighted,E033,2,7,line,L082,954997009096998732,true,0.75154554,0.75,1.25,1.66666667,0.42878421,0.27164553,self
neighbor,0.425,0.4,10,abstraction_bounded_weighted,E033,3,6,line,L106,15871875286480241601,true,1.25,0.75,1.25,1.66666667,0.49865828,0.37847858,expectation
neighbor,0.425,0.4,10,abstraction_bounded_weighted,E034,1,6,line,L046,1842886833937335187,true,1.25,0.75,1.25,1.66666667,0.56218715,0.34859445,work
neighbor,0.425,0.4,10,abstraction_bounded_weighted,E034,2,6,line,L088,2770733435912147992,true,0.88749471,0.75,1.25,1.66666667,0.4435479,0.38110717,self
neighbor,0.425,0.4,10,abstraction_bounded_weighted,E034,3,6,line,L117,13816464800827979821,true,1.14510013,0.75,1.25,1.66666667,0.4832939,0.37966494,daily_life
neighbor,0.425,0.4,10,abstraction_bounded_weighted,E035,1,5,line,L111,14914593227553786428,true,0.88273074,0.75,1.25,1.66666667,0.43843297,0.38032982,daily_life
neighbor,0.425,0.4,10,abstraction_bounded_weighted,E035,2,6,line,L111,6882861025263232741,true,0.76417703,0.75,1.25,1.66666667,0.43628085,0.38032982,daily_life
neighbor,0.425,0.4,10,abstraction_bounded_weighted,E035,3,6,line,L111,10831108169839833784,true,1.25,0.75,1.25,1.66666667,0.49691849,0.38032982,daily_life
neighbor,0.425,0.4,10,abstraction_bounded_weighted,E036,1,9,line,L117,2100214599939928499,true,0.84524926,0.75,1.25,1.66666667,0.4730362,0.21741543,daily_life
neighbor,0.425,0.4,10,abstraction_bounded_weighted,E036,2,4,line,L114,4750442612808793486,true,0.92214189,0.75,1.25,1.66666667,0.46669447,0.358757,daily_life
neighbor,0.425,0.4,10,abstraction_bounded_weighted,E036,3,9,line,L068,13410304871280061412,true,1.25,0.75,1.25,1.66666667,0.56108366,0.34173912,change
neighbor,0.425,0.4,10,surface_band_center,E001,1,5,line,L105,10418858375838657071,true,1.20104215,0.75,1.20104215,1.60138953,0.45954306,0.31184876,expectation
neighbor,0.425,0.4,10,surface_band_center,E001,2,5,line,L045,9586743709219150784,true,0.97679817,0.75,1.13214744,1.50952993,0.44479735,0.27583983,work
neighbor,0.425,0.4,10,surface_band_center,E001,3,5,line,L102,592022256592927774,true,1.02421961,0.75,1.20104215,1.60138953,0.67227799,0.28345473,expectation
neighbor,0.425,0.4,10,surface_band_center,E002,1,6,line,L013,1815355824330082398,true,1.08457249,0.75,1.08457249,1.44609665,0.433903,0.25660457,uncertainty
neighbor,0.425,0.4,10,surface_band_center,E002,2,5,line,L101,18076360836035844122,true,1.03741167,0.75,1.16206534,1.54942045,0.45774265,0.32990119,expectation
neighbor,0.425,0.4,10,surface_band_center,E002,3,5,line,L033,3549279955528802194,true,0.75,0.75,1.16206534,1.54942045,0.50902639,0.15610312,relationship
neighbor,0.425,0.4,10,surface_band_center,E003,1,9,line,L004,9795306835945811074,true,0.75,0.75,1.24877529,1.66503372,0.55661925,0.17748176,choice
neighbor,0.425,0.4,10,surface_band_center,E003,2,5,line,L057,17565425801133371163,true,1.01106646,0.75,1.18433239,1.57910986,0.43294838,0.23557381,failure
neighbor,0.425,0.4,10,surface_band_center,E003,3,9,line,L004,14691705969429648236,true,0.75,0.75,1.23424039,1.64565386,0.52711788,0.17748176,choice
neighbor,0.425,0.4,10,surface_band_center,E004,1,4,line,L014,7307250828110910356,true,0.84176994,0.75,0.91192731,1.21590308,0.46012077,0.29672754,uncertainty
neighbor,0.425,0.4,10,surface_band_center,E004,2,5,line,L015,1221977699985596942,true,1.21960253,0.75,1.21960253,1.6261367,0.42634336,0.33712419,uncertainty
neighbor,0.425,0.4,10,surface_band_center,E004,3,4,line,L011,14426421530041133937,true,0.91192731,0.75,0.91192731,1.21590308,0.49460933,0.38158767,uncertainty
neighbor,0.425,0.4,10,surface_band_center,E005,1,4,line,L107,7282619217601536890,true,1.03823347,0.75,1.03823347,1.38431129,0.51433535,0.35910134,expectation
neighbor,0.425,0.4,10,surface_band_center,E005,2,6,line,L067,15748930167514970636,true,1.19838883,0.75,1.19838883,1.59785177,0.47496179,0.35715443,change
neighbor,0.425,0.4,10,surface_band_center,E005,3,5,line,L012,16753612837345930773,true,1.04085028,0.75,1.21152546,1.61536727,0.48708478,0.35046519,uncertainty
neighbor,0.425,0.4,10,surface_band_center,E006,1,6,line,L055,10262907433805545832,true,1.11333999,0.75,1.18261647,1.57682196,0.46116804,0.31585709,failure
neighbor,0.425,0.4,10,surface_band_center,E006,2,4,line,L023,18042843141699994572,true,0.94708215,0.75,1.18261647,1.57682196,0.49999514,0.35435937,relationship
neighbor,0.425,0.4,10,surface_band_center,E006,3,4,line,L023,1163312150509658095,true,0.94708215,0.75,1.18261647,1.57682196,0.49999514,0.35435937,relationship
neighbor,0.425,0.4,10,surface_band_center,E007,1,9,line,L071,1123868814260843555,true,0.93934532,0.75,1.12723368,1.50297825,0.55672482,0.36771435,loss
neighbor,0.425,0.4,10,surface_band_center,E007,2,9,line,L022,17707032008760263518,true,1.05776091,0.75,1.2349641,1.6466188,0.45749242,0.29381087,relationship
neighbor,0.425,0.4,10,surface_band_center,E007,3,9,line,L076,15890260528026092210,true,0.75507863,0.75,1.2349641,1.6466188,0.46465665,0.24737956,loss
neighbor,0.425,0.4,10,surface_band_center,E008,1,1,line,L024,9089463680271204443,true,0.75,0.75,0.75,1.0,0.45418066,0.33264434,relationship
neighbor,0.425,0.4,10,surface_band_center,E008,2,4,line,L101,1622075943198844954,true,1.13331526,0.75,1.13331526,1.51108701,0.42650536,0.34201367,expectation
neighbor,0.425,0.4,10,surface_band_center,E008,3,3,line,L082,10835537203951822082,true,0.96224149,0.75,0.96224149,1.28298865,0.4420239,0.35274282,self
neighbor,0.425,0.4,10,surface_band_center,E009,1,5,line,L045,15737626019537287687,true,1.04940436,0.75,1.12807043,1.50409391,0.45764067,0.33597565,work
neighbor,0.425,0.4,10,surface_band_center,E009,2,3,line,L036,7017005612764680389,true,0.94446545,0.75,1.04940436,1.39920581,0.45131463,0.35841569,relationship
neighbor,0.425,0.4,10,surface_band_center,E009,3,7,line,L045,16654790029986043526,true,1.04940436,0.75,1.15101026,1.53468034,0.54551964,0.33597565,work
neighbor,0.425,0.4,10,surface_band_center,E010,1,6,line,L007,7474984048184739343,true,0.75,0.75,1.07907233,1.4387631,0.45563553,0.26188547,choice
neighbor,0.425,0.4,10,surface_band_center,E010,2,4,line,L087,13968013845702785015,true,0.79520766,0.75,1.14944244,1.53258992,0.6279804,0.39540397,self
neighbor,0.425,0.4,10,surface_band_center,E010,3,6,line,L031,2342842644922167404,true,1.04402598,0.75,1.07907233,1.4387631,0.4930794,0.35939074,relationship
neighbor,0.425,0.4,10,surface_band_center,E011,1,6,line,L021,15445412766682343378,true,1.24174304,0.75,1.24174304,1.65565738,0.45114529,0.29820927,relationship
neighbor,0.425,0.4,10,surface_band_center,E011,2,6,line,L082,16452615835445950093,true,1.1115267,0.75,1.24174304,1.65565738,0.44389351,0.32516403,self
neighbor,0.425,0.4,10,surface_band_center,E011,3,9,line,L032,2807033777464634395,true,1.10453375,0.75,1.16687457,1.55583276,0.53023901,0.32661157,relationship
neighbor,0.425,0.4,10,surface_band_center,E012,1,7,line,L082,9319747233651277781,true,0.96113868,0.75,1.1247012,1.4996016,0.51419189,0.36664174,self
neighbor,0.425,0.4,10,surface_band_center,E012,2,5,line,L035,8099451354487219362,true,0.96523413,0.75,0.98070129,1.30760172,0.56304561,0.36599469,relationship
neighbor,0.425,0.4,10,surface_band_center,E012,3,7,line,L022,6717569070870376100,true,0.75,0.75,1.1247012,1.4996016,0.58195648,0.24200782,relationship
neighbor,0.425,0.4,10,surface_band_center,E013,1,2,line,L101,12514979856087306974,true,0.75,0.75,0.87445857,1.16594475,0.52363832,0.33099117,expectation
neighbor,0.425,0.4,10,surface_band_center,E013,2,2,line,L032,10562541228388731142,true,0.87445857,0.75,0.87445857,1.16594475,0.44368959,0.33957991,relationship
neighbor,0.425,0.4,10,surface_band_center,E013,3,2,line,L032,16840386472138250256,true,0.87445857,0.75,0.87445857,1.16594475,0.43683239,0.33957991,relationship
neighbor,0.425,0.4,10,surface_band_center,E014,1,0,silence,,4994277167912552707,true,,,,,,,
neighbor,0.425,0.4,10,surface_band_center,E014,2,0,silence,,17154228650628662984,true,,,,,,,
neighbor,0.425,0.4,10,surface_band_center,E014,3,0,silence,,11828780811247916003,true,,,,,,,
neighbor,0.425,0.4,10,surface_band_center,E015,1,9,line,L037,5108536779453357120,true,0.78701201,0.75,1.17390219,1.56520292,0.45500722,0.2336148,relationship
neighbor,0.425,0.4,10,surface_band_center,E015,2,7,line,L004,4963155642254140804,true,1.05237235,0.75,1.15940932,1.54587909,0.4801776,0.34903811,choice
neighbor,0.425,0.4,10,surface_band_center,E015,3,7,line,L088,16652227655731484285,true,0.75,0.75,1.15940932,1.54587909,0.46843045,0.23145982,self
neighbor,0.425,0.4,10,surface_band_center,E016,1,9,line,L024,7643935400145056541,true,1.13000217,0.75,1.2080369,1.61071587,0.44371644,0.27476525,relationship
neighbor,0.425,0.4,10,surface_band_center,E016,2,9,line,L106,17827920318451893469,true,1.09404752,0.75,1.21286331,1.61715108,0.4740658,0.35841907,expectation
neighbor,0.425,0.4,10,surface_band_center,E016,3,9,line,L114,2023343022544715862,true,1.12696951,0.75,1.14066479,1.52088639,0.43326794,0.3460203,daily_life
neighbor,0.425,0.4,10,surface_band_center,E017,1,5,line,L095,10219562820779695759,true,1.07103652,0.75,1.07103652,1.42804869,0.48292206,0.3584124,time
neighbor,0.425,0.4,10,surface_band_center,E017,2,2,line,L064,11457425130941659040,true,0.85490385,0.75,0.85490385,1.1398718,0.48530162,0.38642203,change
neighbor,0.425,0.4,10,surface_band_center,E017,3,7,line,L107,15934300896051240561,true,0.75,0.75,1.23430541,1.64574055,0.45115981,0.22011605,expectation
neighbor,0.425,0.4,10,surface_band_center,E018,1,8,line,L118,15936931154767373137,true,1.03925131,0.75,1.19997648,1.59996865,0.4686331,0.27811751,daily_life
neighbor,0.425,0.4,10,surface_band_center,E018,2,0,silence,,5212375706318490410,true,,,,,,,
neighbor,0.425,0.4,10,surface_band_center,E018,3,8,line,L105,10842978474012102864,true,1.23702915,0.75,1.24855534,1.66474045,0.51246766,0.29668746,expectation
neighbor,0.425,0.4,10,surface_band_center,E019,1,5,line,L062,2482854344084269788,true,1.17424054,0.75,1.17424054,1.56565406,0.44006104,0.31299574,change
neighbor,0.425,0.4,10,surface_band_center,E019,2,8,line,L013,847488523742959676,true,0.75,0.75,1.17424054,1.56565406,0.50304362,0.19491762,uncertainty
neighbor,0.425,0.4,10,surface_band_center,E019,3,5,line,L043,12999710830113562700,true,1.03764431,0.75,1.17424054,1.56565406,0.44744407,0.2539084,work
neighbor,0.425,0.4,10,surface_band_center,E020,1,8,line,L042,17570569190978810571,true,1.06968198,0.75,1.22004153,1.62672204,0.55722802,0.33421199,work
neighbor,0.425,0.4,10,surface_band_center,E020,2,8,line,L068,14777161230378505879,true,1.07277996,0.75,1.22004153,1.62672204,0.48590655,0.33357445,change
neighbor,0.425,0.4,10,surface_band_center,E020,3,8,line,L115,14078745486532302547,true,0.97509407,0.75,1.22004153,1.62672204,0.50774336,0.24053052,daily_life
neighbor,0.425,0.4,10,surface_band_center,E021,1,8,line,L033,4273160823726804535,true,0.75,0.75,1.07483259,1.43311011,0.46741523,0.21012102,relationship
neighbor,0.425,0.4,10,surface_band_center,E021,2,10,line,L022,4780355652012951342,true,0.75,0.75,1.19108168,1.58810891,0.46066697,0.13873288,relationship
neighbor,0.425,0.4,10,surface_band_center,E021,3,10,line,L015,9564867978829526387,true,1.21879811,0.75,1.21879811,1.62506415,0.45536358,0.30368207,uncertainty
neighbor,0.425,0.4,10,surface_band_center,E022,1,5,line,L054,7567060495963791278,true,0.83504413,0.75,1.03262606,1.37683475,0.50542412,0.24516813,failure
neighbor,0.425,0.4,10,surface_band_center,E022,2,5,line,L063,2550724108362446449,true,0.75,0.75,1.21268263,1.61691017,0.53843198,0.23077668,change
neighbor,0.425,0.4,10,surface_band_center,E022,3,5,line,L027,10428351203441084270,true,0.86738985,0.75,1.21268263,1.61691017,0.51387328,0.25064178,relationship
neighbor,0.425,0.4,10,surface_band_center,E023,1,6,line,L077,12225648772027476851,true,1.22760621,0.75,1.22760621,1.63680828,0.42787501,0.33704759,loss
neighbor,0.425,0.4,10,surface_band_center,E023,2,6,line,L068,15146102931498470855,true,1.13407924,0.75,1.22760621,1.63680828,0.43495556,0.34937521,change
neighbor,0.425,0.4,10,surface_band_center,E023,3,6,line,L048,11516105883259442250,true,1.05534961,0.75,1.22760621,1.63680828,0.43255274,0.35975242,work
neighbor,0.425,0.4,10,surface_band_center,E024,1,6,line,L068,330473171419209412,true,0.90124887,0.75,1.09817187,1.46422916,0.51061319,0.38063633,change
neighbor,0.425,0.4,10,surface_band_center,E024,2,5,line,L032,16825835966078418111,true,1.10071395,0.75,1.22846949,1.63795933,0.51159863,0.28990894,relationship
neighbor,0.425,0.4,10,surface_band_center,E024,3,6,line,L004,1150077449655025461,true,0.75,0.75,1.09817187,1.46422916,0.54731384,0.27197478,choice
neighbor,0.425,0.4,10,surface_band_center,E025,1,10,line,L085,5288228495175161201,true,1.12847874,0.75,1.24356801,1.65809068,0.4407128,0.2700306,self
neighbor,0.425,0.4,10,surface_band_center,E025,2,10,line,L066,12352902315759129894,true,1.15160578,0.75,1.24356801,1.65809068,0.46094501,0.27486681,change
neighbor,0.425,0.4,10,surface_band_center,E025,3,9,line,L085,17327024317641569776,true,1.12847874,0.75,1.24356801,1.65809068,0.45776486,0.2700306,self
neighbor,0.425,0.4,10,surface_band_center,E026,1,3,line,L114,7461710069461762370,true,1.18685604,0.75,1.18685604,1.58247472,0.46057759,0.3418251,daily_life
neighbor,0.425,0.4,10,surface_band_center,E026,2,4,line,L007,18098212098119025639,true,0.75,0.75,1.18685604,1.58247472,0.46068326,0.26683279,choice
neighbor,0.425,0.4,10,surface_band_center,E026,3,5,line,L043,5106098356127507995,true,1.09760667,0.75,1.18685604,1.58247472,0.46338045,0.3131226,work
neighbor,0.425,0.4,10,surface_band_center,E027,1,4,line,L031,12710915507337412627,true,0.82550846,0.75,1.15118348,1.53491131,0.47089164,0.24453802,relationship
neighbor,0.425,0.4,10,surface_band_center,E027,2,8,line,L031,6417914055427047881,true,1.20274128,0.75,1.20274128,1.60365504,0.48899561,0.24453802,relationship
neighbor,0.425,0.4,10,surface_band_center,E027,3,4,line,L031,2737858224479029675,true,0.82550846,0.75,1.15118348,1.53491131,0.46855269,0.24453802,relationship
neighbor,0.425,0.4,10,surface_band_center,E028,1,8,line,L107,16856995648896496,true,0.75,0.75,1.20558426,1.60744568,0.48925781,0.22831233,expectation
neighbor,0.425,0.4,10,surface_band_center,E028,2,9,line,L097,6279286373351141716,true,1.13096708,0.75,1.20558426,1.60744568,0.77156645,0.33459265,time
neighbor,0.425,0.4,10,surface_band_center,E028,3,8,line,L014,10423223718057304698,true,1.06170078,0.75,1.20558426,1.60744568,0.48983729,0.34648482,uncertainty
neighbor,0.425,0.4,10,surface_band_center,E029,1,8,line,L034,6883957246945208592,true,0.99534361,0.75,1.24496669,1.65995558,0.48242462,0.24938173,relationship
neighbor,0.425,0.4,10,surface_band_center,E029,2,6,line,L117,5957727193249846668,true,1.04515967,0.75,1.23780508,1.65040678,0.46079717,0.25932428,daily_life
neighbor,0.425,0.4,10,surface_band_center,E029,3,8,line,L033,15557198007359036769,true,1.08018822,0.75,1.24452226,1.65936301,0.45852667,0.20041477,relationship
neighbor,0.425,0.4,10,surface_band_center,E030,1,6,line,L044,9683567800026816012,true,0.75,0.75,1.16434447,1.5524593,0.45699288,0.24722714,work
neighbor,0.425,0.4,10,surface_band_center,E030,2,6,line,L117,15328553586266511351,true,0.80249225,0.75,1.24442931,1.65923908,0.48240944,0.28183646,daily_life
neighbor,0.425,0.4,10,surface_band_center,E030,3,6,line,L117,10308303624880637439,true,0.87052614,0.75,0.87052614,1.16070152,0.48312128,0.28183646,daily_life
neighbor,0.425,0.4,10,surface_band_center,E031,1,7,line,L064,12794797496014467620,true,1.14929077,0.75,1.14929077,1.53238769,0.43045227,0.3131894,change
neighbor,0.425,0.4,10,surface_band_center,E031,2,8,line,L105,12967263327635345140,true,1.16600365,0.75,1.24863473,1.66484631,0.4752235,0.31395301,expectation
neighbor,0.425,0.4,10,surface_band_center,E031,3,7,line,L105,12688601981085555976,true,1.13017887,0.75,1.13017887,1.50690516,0.47269659,0.31395301,expectation
neighbor,0.425,0.4,10,surface_band_center,E032,1,7,line,L042,15363036219394373628,true,0.87745667,0.75,1.08025952,1.44034602,0.55860899,0.3735743,work
neighbor,0.425,0.4,10,surface_band_center,E032,2,5,line,L105,2250051636181321151,true,0.8290814,0.75,1.02926414,1.37235219,0.49785887,0.24185273,expectation
neighbor,0.425,0.4,10,surface_band_center,E032,3,6,line,L042,9305075733112308375,true,0.87745667,0.75,1.10078087,1.46770783,0.57420882,0.3735743,work
neighbor,0.425,0.4,10,surface_band_center,E033,1,7,line,L035,2334393918895814645,true,1.05739554,0.75,1.14425719,1.52567625,0.58995538,0.35108554,relationship
neighbor,0.425,0.4,10,surface_band_center,E033,2,7,line,L082,954997009096998732,true,0.92745158,0.75,1.20877994,1.61170658,0.42878421,0.27164553,self
neighbor,0.425,0.4,10,surface_band_center,E033,3,6,line,L106,15871875286480241601,true,0.86646414,0.75,1.08950066,1.45266754,0.49865828,0.37847858,expectation
neighbor,0.425,0.4,10,surface_band_center,E034,1,6,line,L046,1842886833937335187,true,0.97238635,0.75,1.02452937,1.36603916,0.56218715,0.34859445,work
neighbor,0.425,0.4,10,surface_band_center,E034,2,6,line,L088,2770733435912147992,true,0.83173257,0.75,1.20875691,1.61167588,0.4435479,0.38110717,self
neighbor,0.425,0.4,10,surface_band_center,E034,3,6,line,L117,13816464800827979821,true,0.83797182,0.75,1.02452937,1.36603916,0.4832939,0.37966494,daily_life
neighbor,0.425,0.4,10,surface_band_center,E035,1,5,line,L111,14914593227553786428,true,0.84892623,0.75,1.23818446,1.65091261,0.43843297,0.38032982,daily_life
neighbor,0.425,0.4,10,surface_band_center,E035,2,6,line,L111,6882861025263232741,true,0.91670964,0.75,1.22529906,1.63373208,0.43628085,0.38032982,daily_life
neighbor,0.425,0.4,10,surface_band_center,E035,3,6,line,L072,10831108169839833784,true,0.75,0.75,1.23818446,1.65091261,0.45707621,0.20116315,loss
neighbor,0.425,0.4,10,surface_band_center,E036,1,9,line,L117,2100214599939928499,true,0.84805223,0.75,1.22396495,1.63195327,0.4730362,0.21741543,daily_life
neighbor,0.425,0.4,10,surface_band_center,E036,2,4,line,L114,4750442612808793486,true,0.97588437,0.75,1.14507418,1.52676558,0.46669447,0.358757,daily_life
neighbor,0.425,0.4,10,surface_band_center,E036,3,9,line,L065,13410304871280061412,true,1.22396495,0.75,1.22396495,1.63195327,0.45793521,0.29351281,change
neighbor,0.425,0.4,10,dual_margin_band_center,E001,1,5,line,L105,10418858375838657071,true,0.88440142,0.82455835,1.24134724,1.50546925,0.45954306,0.31184876,expectation
neighbor,0.425,0.4,10,dual_margin_band_center,E001,2,5,line,L045,9586743709219150784,true,0.83685389,0.78780925,1.25,1.58667851,0.44479735,0.27583983,work
neighbor,0.425,0.4,10,dual_margin_band_center,E001,3,5,line,L102,592022256592927774,true,1.170552,0.87892721,1.19804246,1.36307358,0.67227799,0.28345473,expectation
neighbor,0.425,0.4,10,dual_margin_band_center,E002,1,6,line,L014,1815355824330082398,true,0.93429484,0.77484277,0.96132871,1.24067585,0.49814276,0.35131283,uncertainty
neighbor,0.425,0.4,10,dual_margin_band_center,E002,2,5,line,L101,18076360836035844122,true,0.91540963,0.78112634,1.25,1.6002533,0.45774265,0.32990119,expectation
neighbor,0.425,0.4,10,dual_margin_band_center,E002,3,5,line,L033,3549279955528802194,true,1.25,0.78112634,1.25,1.6002533,0.50902639,0.15610312,relationship
neighbor,0.425,0.4,10,dual_margin_band_center,E003,1,9,line,L004,9795306835945811074,true,1.25,0.79023075,1.25,1.58181645,0.55661925,0.17748176,choice
neighbor,0.425,0.4,10,dual_margin_band_center,E003,2,5,line,L012,17565425801133371163,true,1.08856353,0.85188159,1.23617167,1.45110739,0.45609141,0.1963141,uncertainty
neighbor,0.425,0.4,10,dual_margin_band_center,E003,3,9,line,L004,14691705969429648236,true,1.07803197,0.78728529,1.07803197,1.36930282,0.52711788,0.17748176,choice
neighbor,0.425,0.4,10,dual_margin_band_center,E004,1,4,line,L014,7307250828110910356,true,1.06710844,0.88936096,1.08099379,1.21547249,0.46012077,0.29672754,uncertainty
neighbor,0.425,0.4,10,dual_margin_band_center,E004,2,5,line,L015,1221977699985596942,true,0.76534712,0.76534712,1.25,1.63324585,0.42634336,0.33712419,uncertainty
neighbor,0.425,0.4,10,dual_margin_band_center,E004,3,4,line,L011,14426421530041133937,true,0.88936096,0.84657992,0.98929186,1.16857468,0.49460933,0.38158767,uncertainty
neighbor,0.425,0.4,10,dual_margin_band_center,E005,1,4,line,L107,7282619217601536890,true,1.16580818,0.90682891,1.16580818,1.2855878,0.51433535,0.35910134,expectation
neighbor,0.425,0.4,10,dual_margin_band_center,E005,2,6,line,L067,15748930167514970636,true,0.98627157,0.79738839,1.04972673,1.316456,0.47496179,0.35715443,change
neighbor,0.425,0.4,10,dual_margin_band_center,E005,3,5,line,L012,16753612837345930773,true,1.16491375,0.97854267,1.16491375,1.1904578,0.48708478,0.35046519,uncertainty
neighbor,0.425,0.4,10,dual_margin_band_center,E006,1,6,line,L055,10262907433805545832,true,0.93332564,0.82440882,1.05197648,1.27603738,0.46116804,0.31585709,failure
neighbor,0.425,0.4,10,dual_margin_band_center,E006,2,4,line,L023,18042843141699994572,true,0.89064784,0.82479455,1.05197648,1.27544062,0.49999514,0.35435937,relationship
neighbor,0.425,0.4,10,dual_margin_band_center,E006,3,4,line,L023,1163312150509658095,true,0.89064784,0.82479455,1.05197648,1.27544062,0.49999514,0.35435937,relationship
neighbor,0.425,0.4,10,dual_margin_band_center,E007,1,9,line,L071,1123868814260843555,true,0.9092013,0.81085276,1.08322183,1.33590447,0.55672482,0.36771435,loss
neighbor,0.425,0.4,10,dual_margin_band_center,E007,2,9,line,L022,17707032008760263518,true,0.91051447,0.82180566,0.95852648,1.16636636,0.45749242,0.29381087,relationship
neighbor,0.425,0.4,10,dual_margin_band_center,E007,3,9,line,L076,15890260528026092210,true,0.95300549,0.82180566,0.95852648,1.16636636,0.46465665,0.24737956,loss
neighbor,0.425,0.4,10,dual_margin_band_center,E008,1,1,line,L024,9089463680271204443,true,1.25,1.25,1.25,1.0,0.45418066,0.33264434,relationship
neighbor,0.425,0.4,10,dual_margin_band_center,E008,2,4,line,L101,1622075943198844954,true,0.77192519,0.77192519,1.00066437,1.29632299,0.42650536,0.34201367,expectation
neighbor,0.425,0.4,10,dual_margin_band_center,E008,3,3,line,L082,10835537203951822082,true,0.89203018,0.89203018,1.25,1.40129789,0.4420239,0.35274282,self
neighbor,0.425,0.4,10,dual_margin_band_center,E009,1,5,line,L036,15737626019537287687,true,0.91280542,0.81579166,0.93217884,1.14266777,0.57557845,0.35841569,relationship
neighbor,0.425,0.4,10,dual_margin_band_center,E009,2,3,line,L034,7017005612764680389,true,1.25,0.78035412,1.25,1.60183687,0.47160783,0.18616093,relationship
neighbor,0.425,0.4,10,dual_margin_band_center,E009,3,7,line,L045,16654790029986043526,true,0.97156939,0.91280542,1.06531257,1.1670752,0.54551964,0.33597565,work
neighbor,0.425,0.4,10,dual_margin_band_center,E010,1,6,line,L007,7474984048184739343,true,0.91103818,0.78220526,0.95781735,1.22450897,0.45563553,0.26188547,choice
neighbor,0.425,0.4,10,dual_margin_band_center,E010,2,4,line,L087,13968013845702785015,true,0.79325232,0.79325232,1.02319232,1.28986994,0.6279804,0.39540397,self
neighbor,0.425,0.4,10,dual_margin_band_center,E010,3,6,line,L031,2342842644922167404,true,0.92789558,0.78220526,1.00165784,1.28055626,0.4930794,0.35939074,relationship
neighbor,0.425,0.4,10,dual_margin_band_center,E011,1,6,line,L021,15445412766682343378,true,0.90055281,0.82791536,1.01173859,1.22203142,0.45114529,0.29820927,relationship
neighbor,0.425,0.4,10,dual_margin_band_center,E011,2,6,line,L082,16452615835445950093,true,0.85936677,0.82791536,1.01173859,1.22203142,0.44389351,0.32516403,self
neighbor,0.425,0.4,10,dual_margin_band_center,E011,3,9,line,L032,2807033777464634395,true,1.01173859,0.83131878,1.05288361,1.26652211,0.53023901,0.32661157,relationship
neighbor,0.425,0.4,10,dual_margin_band_center,E012,1,7,line,L082,9319747233651277781,true,0.90008922,0.80597239,1.24970234,1.5505523,0.51419189,0.36664174,self
neighbor,0.425,0.4,10,dual_margin_band_center,E012,2,5,line,L035,8099451354487219362,true,0.9101854,0.79594289,1.06888539,1.3429172,0.56304561,0.36599469,relationship
neighbor,0.425,0.4,10,dual_margin_band_center,E012,3,7,line,L022,6717569070870376100,true,1.24458587,0.80680387,1.24458587,1.54261266,0.58195648,0.24200782,relationship
neighbor,0.425,0.4,10,dual_margin_band_center,E013,1,2,line,L101,12514979856087306974,true,1.25,0.90576652,1.25,1.3800466,0.52363832,0.33099117,expectation
neighbor,0.425,0.4,10,dual_margin_band_center,E013,2,2,line,L101,10562541228388731142,true,1.25,0.90576652,1.25,1.3800466,0.52363832,0.33099117,expectation
neighbor,0.425,0.4,10,dual_margin_band_center,E013,3,2,line,L101,16840386472138250256,true,1.25,0.86289523,1.25,1.44861155,0.51629422,0.33099117,expectation
neighbor,0.425,0.4,10,dual_margin_band_center,E014,1,0,silence,,4994277167912552707,true,,,,,,,
neighbor,0.425,0.4,10,dual_margin_band_center,E014,2,0,silence,,17154228650628662984,true,,,,,,,
neighbor,0.425,0.4,10,dual_margin_band_center,E014,3,0,silence,,11828780811247916003,true,,,,,,,
neighbor,0.425,0.4,10,dual_margin_band_center,E015,1,9,line,L037,5108536779453357120,true,0.9396139,0.81551003,1.14653007,1.40590554,0.45500722,0.2336148,relationship
neighbor,0.425,0.4,10,dual_margin_band_center,E015,2,7,line,L004,4963155642254140804,true,0.931814,0.92361379,1.15249052,1.24780567,0.4801776,0.34903811,choice
neighbor,0.425,0.4,10,dual_margin_band_center,E015,3,7,line,L088,16652227655731484285,true,1.01414825,0.92378758,1.15249052,1.24757091,0.46843045,0.23145982,self
neighbor,0.425,0.4,10,dual_margin_band_center,E016,1,9,line,L024,7643935400145056541,true,0.86687382,0.7794344,0.95593624,1.22644861,0.44371644,0.27476525,relationship
neighbor,0.425,0.4,10,dual_margin_band_center,E016,2,9,line,L106,17827920318451893469,true,0.94945712,0.90709504,1.11123663,1.22504983,0.4740658,0.35841907,expectation
neighbor,0.425,0.4,10,dual_margin_band_center,E016,3,9,line,L114,2023343022544715862,true,0.80119035,0.78035726,1.01784831,1.30433632,0.43326794,0.3460203,daily_life
neighbor,0.425,0.4,10,dual_margin_band_center,E017,1,5,line,L095,10219562820779695759,true,0.97227409,0.94218257,1.18931235,1.262295,0.48292206,0.3584124,time
neighbor,0.425,0.4,10,dual_margin_band_center,E017,2,2,line,L064,11457425130941659040,true,0.84494387,0.84494387,0.9136492,1.08131348,0.48530162,0.38642203,change
neighbor,0.425,0.4,10,dual_margin_band_center,E017,3,7,line,L107,15934300896051240561,true,1.05285343,0.81855738,1.11071486,1.35691754,0.45115981,0.22011605,expectation
neighbor,0.425,0.4,10,dual_margin_band_center,E018,1,8,line,L118,15936931154767373137,true,1.04640198,0.78860736,1.20640727,1.52979459,0.4686331,0.27811751,daily_life
neighbor,0.425,0.4,10,dual_margin_band_center,E018,2,0,silence,,5212375706318490410,true,,,,,,,
neighbor,0.425,0.4,10,dual_margin_band_center,E018,3,8,line,L102,10842978474012102864,true,0.93721533,0.9045483,1.13956058,1.25981176,0.5916111,0.3536098,expectation
neighbor,0.425,0.4,10,dual_margin_band_center,E019,1,5,line,L055,2482854344084269788,true,0.90038837,0.88211149,1.25,1.41705444,0.43864586,0.32009608,failure
neighbor,0.425,0.4,10,dual_margin_band_center,E019,2,8,line,L013,847488523742959676,true,1.25,0.76934212,1.25,1.62476481,0.50304362,0.19491762,uncertainty
neighbor,0.425,0.4,10,dual_margin_band_center,E019,3,5,line,L043,12999710830113562700,true,0.97453047,0.88720705,1.1628478,1.31068368,0.44744407,0.2539084,work
neighbor,0.425,0.4,10,dual_margin_band_center,E020,1,8,line,L042,17570569190978810571,true,0.99224168,0.81289907,1.09619696,1.34850316,0.55722802,0.33421199,work
neighbor,0.425,0.4,10,dual_margin_band_center,E020,2,8,line,L068,14777161230378505879,true,0.94652937,0.91799973,1.0479191,1.14152441,0.48590655,0.33357445,change
neighbor,0.425,0.4,10,dual_margin_band_center,E020,3,8,line,L115,14078745486532302547,true,1.09619696,0.81289907,1.09619696,1.34850316,0.50774336,0.24053052,daily_life
neighbor,0.425,0.4,10,dual_margin_band_center,E021,1,8,line,L033,4273160823726804535,true,0.96651814,0.86461999,1.01860954,1.17810085,0.46741523,0.21012102,relationship
neighbor,0.425,0.4,10,dual_margin_band_center,E021,2,10,line,L022,4780355652012951342,true,0.93004251,0.82383081,1.15968307,1.4076714,0.46066697,0.13873288,relationship
neighbor,0.425,0.4,10,dual_margin_band_center,E021,3,10,line,L031,9564867978829526387,true,1.03628699,0.88669557,1.21512778,1.37040019,0.47209261,0.25397302,relationship
neighbor,0.425,0.4,10,dual_margin_band_center,E022,1,5,line,L054,7567060495963791278,true,1.16316117,0.96416254,1.25,1.2964619,0.50542412,0.24516813,failure
neighbor,0.425,0.4,10,dual_margin_band_center,E022,2,5,line,L063,2550724108362446449,true,1.24946096,0.97034954,1.24946096,1.28764009,0.53843198,0.23077668,change
neighbor,0.425,0.4,10,dual_margin_band_center,E022,3,5,line,L027,10428351203441084270,true,1.1645779,0.97034954,1.24946096,1.28764009,0.51387328,0.25064178,relationship
neighbor,0.425,0.4,10,dual_margin_band_center,E023,1,6,line,L068,12225648772027476851,true,0.9178289,0.82293512,1.12050866,1.36160025,0.43495556,0.34937521,change
neighbor,0.425,0.4,10,dual_margin_band_center,E023,2,6,line,L068,15146102931498470855,true,0.9178289,0.82293512,1.12050866,1.36160025,0.43495556,0.34937521,change
neighbor,0.425,0.4,10,dual_margin_band_center,E023,3,6,line,L048,11516105883259442250,true,0.87991986,0.82293512,1.12050866,1.36160025,0.43255274,0.35975242,work
neighbor,0.425,0.4,10,dual_margin_band_center,E024,1,6,line,L068,330473171419209412,true,0.87063843,0.87063843,1.20676979,1.38607457,0.51061319,0.38063633,change
neighbor,0.425,0.4,10,dual_margin_band_center,E024,2,5,line,L032,16825835966078418111,true,1.02476052,0.89419144,1.13833506,1.27303282,0.51159863,0.28990894,relationship
neighbor,0.425,0.4,10,dual_margin_band_center,E024,3,6,line,L004,1150077449655025461,true,1.12461649,0.856586,1.20676979,1.40881335,0.54731384,0.27197478,choice
neighbor,0.425,0.4,10,dual_margin_band_center,E025,1,10,line,L076,5288228495175161201,true,0.84113059,0.79600736,1.21855719,1.53083659,0.43309741,0.19088503,loss
neighbor,0.425,0.4,10,dual_margin_band_center,E025,2,10,line,L066,12352902315759129894,true,0.95871747,0.88911077,1.23469253,1.38868247,0.46094501,0.27486681,change
neighbor,0.425,0.4,10,dual_margin_band_center,E025,3,9,line,L085,17327024317641569776,true,1.03195554,0.80542358,1.24739696,1.54874651,0.45776486,0.2700306,self
neighbor,0.425,0.4,10,dual_margin_band_center,E026,1,3,line,L114,7461710069461762370,true,0.99130642,0.7774499,1.25,1.60782065,0.46057759,0.3418251,daily_life
neighbor,0.425,0.4,10,dual_margin_band_center,E026,2,4,line,L007,18098212098119025639,true,1.18836433,0.89622497,1.18836433,1.32596655,0.46068326,0.26683279,choice
neighbor,0.425,0.4,10,dual_margin_band_center,E026,3,5,line,L043,5106098356127507995,true,1.05484975,0.90699841,1.22587505,1.35157353,0.46338045,0.3131226,work
neighbor,0.425,0.4,10,dual_margin_band_center,E027,1,4,line,L031,12710915507337412627,true,1.00288227,0.91188807,1.24138801,1.36133815,0.47089164,0.24453802,relationship
neighbor,0.425,0.4,10,dual_margin_band_center,E027,2,8,line,L023,6417914055427047881,true,0.9173694,0.76087942,1.05808288,1.3906052,0.46308813,0.28899052,relationship
neighbor,0.425,0.4,10,dual_margin_band_center,E027,3,4,line,L031,2737858224479029675,true,0.97169679,0.91188807,1.1859206,1.30051114,0.46855269,0.24453802,relationship
neighbor,0.425,0.4,10,dual_margin_band_center,E028,1,8,line,L107,16856995648896496,true,0.936994,0.76579624,1.02586978,1.33961193,0.48925781,0.22831233,expectation
neighbor,0.425,0.4,10,dual_margin_band_center,E028,2,9,line,L097,6279286373351141716,true,1.02586978,0.79527594,1.02586978,1.28995449,0.77156645,0.33459265,time
neighbor,0.425,0.4,10,dual_margin_band_center,E028,3,8,line,L014,10423223718057304698,true,0.88304628,0.76580803,1.02586978,1.33959131,0.48983729,0.34648482,uncertainty
neighbor,0.425,0.4,10,dual_margin_band_center,E029,1,8,line,L034,6883957246945208592,true,1.11592996,0.85763808,1.11592996,1.30116652,0.48242462,0.24938173,relationship
neighbor,0.425,0.4,10,dual_margin_band_center,E029,2,6,line,L117,5957727193249846668,true,1.02603863,0.86637595,1.18357524,1.366122,0.46079717,0.25932428,daily_life
neighbor,0.425,0.4,10,dual_margin_band_center,E029,3,8,line,L017,15557198007359036769,true,1.25,0.83983818,1.25,1.48838196,0.55317611,0.10202789,uncertainty
neighbor,0.425,0.4,10,dual_margin_band_center,E030,1,6,line,L044,9683567800026816012,true,0.91685,0.79572738,1.19943285,1.50734143,0.45699288,0.24722714,work
neighbor,0.425,0.4,10,dual_margin_band_center,E030,2,6,line,L117,15328553586266511351,true,1.02852324,0.81169436,1.2377013,1.52483664,0.48240944,0.28183646,daily_life
neighbor,0.425,0.4,10,dual_margin_band_center,E030,3,6,line,L117,10308303624880637439,true,1.00986824,0.80709146,1.2313808,1.52570168,0.48312128,0.28183646,daily_life
neighbor,0.425,0.4,10,dual_margin_band_center,E031,1,7,line,L064,12794797496014467620,true,0.83269644,0.77978364,1.21357461,1.55629657,0.43045227,0.3131894,change
neighbor,0.425,0.4,10,dual_margin_band_center,E031,2,8,line,L105,12967263327635345140,true,0.95128163,0.75053757,1.23015269,1.63902879,0.4752235,0.31395301,expectation
neighbor,0.425,0.4,10,dual_margin_band_center,E031,3,7,line,L105,12688601981085555976,true,0.99867221,0.7922482,1.20773034,1.52443432,0.47269659,0.31395301,expectation
neighbor,0.425,0.4,10,dual_margin_band_center,E032,1,7,line,L042,15363036219394373628,true,0.86238995,0.86238995,1.05797045,1.22678894,0.55860899,0.3735743,work
neighbor,0.425,0.4,10,dual_margin_band_center,E032,2,5,line,L105,2250051636181321151,true,1.07297463,0.87158723,1.07297463,1.23105822,0.49785887,0.24185273,expectation
neighbor,0.425,0.4,10,dual_margin_band_center,E032,3,6,line,L042,9305075733112308375,true,0.86177031,0.86177031,1.03885703,1.20549179,0.57420882,0.3735743,work
neighbor,0.425,0.4,10,dual_margin_band_center,E033,1,7,line,L035,2334393918895814645,true,0.97882492,0.7624391,1.12620876,1.47711307,0.58995538,0.35108554,relationship
neighbor,0.425,0.4,10,dual_margin_band_center,E033,2,7,line,L082,954997009096998732,true,0.78783931,0.78435739,1.13626976,1.4486633,0.42878421,0.27164553,self
neighbor,0.425,0.4,10,dual_margin_band_center,E033,3,6,line,L106,15871875286480241601,true,0.85431516,0.75395782,0.92282013,1.22396786,0.49865828,0.37847858,expectation
neighbor,0.425,0.4,10,dual_margin_band_center,E034,1,6,line,L046,1842886833937335187,true,0.93192804,0.75075439,1.08632748,1.44698119,0.56218715,0.34859445,work
neighbor,0.425,0.4,10,dual_margin_band_center,E034,2,6,line,L088,2770733435912147992,true,0.81308914,0.7521906,1.25,1.66181284,0.4435479,0.38110717,self
neighbor,0.425,0.4,10,dual_margin_band_center,E034,3,6,line,L088,13816464800827979821,true,0.79074273,0.79074273,1.24734548,1.57743527,0.43086661,0.38110717,self
neighbor,0.425,0.4,10,dual_margin_band_center,E035,1,5,line,L111,14914593227553786428,true,0.82321866,0.77126097,1.22285181,1.58552274,0.43843297,0.38032982,daily_life
neighbor,0.425,0.4,10,dual_margin_band_center,E035,2,6,line,L111,6882861025263232741,true,0.81247624,0.81247624,1.25,1.53850654,0.43628085,0.38032982,daily_life
neighbor,0.425,0.4,10,dual_margin_band_center,E035,3,6,line,L072,10831108169839833784,true,1.05844081,0.84002081,1.05844081,1.26001737,0.45707621,0.20116315,loss
neighbor,0.425,0.4,10,dual_margin_band_center,E036,1,9,line,L117,2100214599939928499,true,1.00370077,0.819449,1.11105948,1.35586166,0.4730362,0.21741543,daily_life
neighbor,0.425,0.4,10,dual_margin_band_center,E036,2,4,line,L114,4750442612808793486,true,0.88781185,0.76379151,0.89576633,1.17278907,0.46669447,0.358757,daily_life
neighbor,0.425,0.4,10,dual_margin_band_center,E036,3,9,line,L065,13410304871280061412,true,0.91575849,0.819449,1.11105948,1.35586166,0.45793521,0.29351281,change
neighbor,0.425,0.4,10,rank_fusion,E001,1,5,line,L105,10418858375838657071,true,0.925,0.75,1.2,1.6,0.45954306,0.31184876,expectation
neighbor,0.425,0.4,10,rank_fusion,E001,2,5,line,L008,9586743709219150784,true,0.95,0.825,1.25,1.51515152,0.51076583,0.33863505,choice
neighbor,0.425,0.4,10,rank_fusion,E001,3,5,line,L102,592022256592927774,true,1.2,0.825,1.2,1.45454545,0.67227799,0.28345473,expectation
neighbor,0.425,0.4,10,rank_fusion,E002,1,6,line,L014,1815355824330082398,true,1.09,0.81,1.13,1.39506173,0.49814276,0.35131283,uncertainty
neighbor,0.425,0.4,10,rank_fusion,E002,2,5,line,L101,18076360836035844122,true,0.95,0.9,1.25,1.38888889,0.45774265,0.32990119,expectation
neighbor,0.425,0.4,10,rank_fusion,E002,3,5,line,L033,3549279955528802194,true,1.25,0.9,1.25,1.38888889,0.50902639,0.15610312,relationship
neighbor,0.425,0.4,10,rank_fusion,E003,1,9,line,L004,9795306835945811074,true,1.25,0.85,1.25,1.47058824,0.55661925,0.17748176,choice
neighbor,0.425,0.4,10,rank_fusion,E003,2,5,line,L012,17565425801133371163,true,1.0,0.875,1.2,1.37142857,0.45609141,0.1963141,uncertainty
neighbor,0.425,0.4,10,rank_fusion,E003,3,9,line,L004,14691705969429648236,true,1.175,0.8625,1.175,1.36231884,0.52711788,0.17748176,choice
neighbor,0.425,0.4,10,rank_fusion,E004,1,4,line,L014,7307250828110910356,true,0.91666667,0.91666667,1.08333333,1.18181818,0.46012077,0.29672754,uncertainty
neighbor,0.425,0.4,10,rank_fusion,E004,2,5,line,L015,1221977699985596942,true,0.75,0.75,1.25,1.66666667,0.42634336,0.33712419,uncertainty
neighbor,0.425,0.4,10,rank_fusion,E004,3,4,line,L011,14426421530041133937,true,1.05,0.91666667,1.08333333,1.18181818,0.49460933,0.38158767,uncertainty
neighbor,0.425,0.4,10,rank_fusion,E005,1,4,line,L107,7282619217601536890,true,1.05,0.88333333,1.05,1.18867925,0.51433535,0.35910134,expectation
neighbor,0.425,0.4,10,rank_fusion,E005,2,6,line,L067,15748930167514970636,true,0.99,0.79,1.15,1.4556962,0.47496179,0.35715443,change
neighbor,0.425,0.4,10,rank_fusion,E005,3,5,line,L012,16753612837345930773,true,1.15,0.95,1.15,1.21052632,0.48708478,0.35046519,uncertainty
neighbor,0.425,0.4,10,rank_fusion,E006,1,6,line,L055,10262907433805545832,true,0.99,0.83,1.21,1.45783133,0.46116804,0.31585709,failure
neighbor,0.425,0.4,10,rank_fusion,E006,2,4,line,L023,18042843141699994572,true,0.91666667,0.91666667,1.18333333,1.29090909,0.49999514,0.35435937,relationship
neighbor,0.425,0.4,10,rank_fusion,E006,3,4,line,L023,1163312150509658095,true,0.91666667,0.91666667,1.18333333,1.29090909,0.49999514,0.35435937,relationship
neighbor,0.425,0.4,10,rank_fusion,E007,1,9,line,L071,1123868814260843555,true,1.075,0.75,1.1125,1.48333333,0.55672482,0.36771435,loss
neighbor,0.425,0.4,10,rank_fusion,E007,2,9,line,L022,17707032008760263518,true,1.025,0.8625,1.1125,1.28985507,0.45749242,0.29381087,relationship
neighbor,0.425,0.4,10,rank_fusion,E007,3,9,line,L076,15890260528026092210,true,1.1125,0.8625,1.1125,1.28985507,0.46465665,0.24737956,loss
neighbor,0.425,0.4,10,rank_fusion,E008,1,1,line,L024,9089463680271204443,true,1.0,1.0,1.0,1.0,0.45418066,0.33264434,relationship
neighbor,0.425,0.4,10,rank_fusion,E008,2,4,line,L101,1622075943198844954,true,0.81666667,0.81666667,1.15,1.40816327,0.42650536,0.34201367,expectation
neighbor,0.425,0.4,10,rank_fusion,E008,3,3,line,L082,10835537203951822082,true,0.9,0.85,1.25,1.47058824,0.4420239,0.35274282,self
neighbor,0.425,0.4,10,rank_fusion,E009,1,5,line,L036,15737626019537287687,true,1.05,0.875,1.1,1.25714286,0.57557845,0.35841569,relationship
neighbor,0.425,0.4,10,rank_fusion,E009,2,3,line,L034,7017005612764680389,true,1.25,0.85,1.25,1.47058824,0.47160783,0.18616093,relationship
neighbor,0.425,0.4,10,rank_fusion,E009,3,7,line,L045,16654790029986043526,true,1.03333333,0.9,1.1,1.22222222,0.54551964,0.33597565,work
neighbor,0.425,0.4,10,rank_fusion,E010,1,6,line,L007,7474984048184739343,true,1.01,0.87,1.05,1.20689655,0.45563553,0.26188547,choice
neighbor,0.425,0.4,10,rank_fusion,E010,2,4,line,L087,13968013845702785015,true,1.05,0.91666667,1.08333333,1.18181818,0.6279804,0.39540397,self
neighbor,0.425,0.4,10,rank_fusion,E010,3,6,line,L031,2342842644922167404,true,1.01,0.87,1.05,1.20689655,0.4930794,0.35939074,relationship
neighbor,0.425,0.4,10,rank_fusion,E011,1,6,line,L021,15445412766682343378,true,0.97,0.83,1.09,1.31325301,0.45114529,0.29820927,relationship
neighbor,0.425,0.4,10,rank_fusion,E011,2,6,line,L082,16452615835445950093,true,0.83,0.83,1.09,1.31325301,0.44389351,0.32516403,self
neighbor,0.425,0.4,10,rank_fusion,E011,3,9,line,L032,2807033777464634395,true,1.1,0.8125,1.1125,1.36923077,0.53023901,0.32661157,relationship
neighbor,0.425,0.4,10,rank_fusion,E012,1,7,line,L082,9319747233651277781,true,0.88333333,0.8,1.2,1.5,0.51419189,0.36664174,self
neighbor,0.425,0.4,10,rank_fusion,E012,2,5,line,L035,8099451354487219362,true,1.0,0.75,1.125,1.5,0.56304561,0.36599469,relationship
neighbor,0.425,0.4,10,rank_fusion,E012,3,7,line,L022,6717569070870376100,true,1.2,0.83333333,1.2,1.44,0.58195648,0.24200782,relationship
neighbor,0.425,0.4,10,rank_fusion,E013,1,2,line,L101,12514979856087306974,true,1.25,0.75,1.25,1.66666667,0.52363832,0.33099117,expectation
neighbor,0.425,0.4,10,rank_fusion,E013,2,2,line,L101,10562541228388731142,true,1.25,0.75,1.25,1.66666667,0.52363832,0.33099117,expectation
neighbor,0.425,0.4,10,rank_fusion,E013,3,2,line,L101,16840386472138250256,true,1.25,0.75,1.25,1.66666667,0.51629422,0.33099117,expectation
neighbor,0.425,0.4,10,rank_fusion,E014,1,0,silence,,4994277167912552707,true,,,,,,,
neighbor,0.425,0.4,10,rank_fusion,E014,2,0,silence,,17154228650628662984,true,,,,,,,
neighbor,0.425,0.4,10,rank_fusion,E014,3,0,silence,,11828780811247916003,true,,,,,,,
neighbor,0.425,0.4,10,rank_fusion,E015,1,9,line,L037,5108536779453357120,true,1.0125,0.8125,1.15,1.41538462,0.45500722,0.2336148,relationship
neighbor,0.425,0.4,10,rank_fusion,E015,2,7,line,L004,4963155642254140804,true,1.0,0.81666667,1.15,1.40816327,0.4801776,0.34903811,choice
neighbor,0.425,0.4,10,rank_fusion,E015,3,7,line,L088,16652227655731484285,true,1.05,0.81666667,1.15,1.40816327,0.46843045,0.23145982,self
neighbor,0.425,0.4,10,rank_fusion,E016,1,9,line,L024,7643935400145056541,true,1.0875,0.825,1.1875,1.43939394,0.44371644,0.27476525,relationship
neighbor,0.425,0.4,10,rank_fusion,E016,2,9,line,L095,17827920318451893469,true,1.075,0.825,1.2125,1.46969697,0.48255012,0.34405922,time
neighbor,0.425,0.4,10,rank_fusion,E016,3,9,line,L114,2023343022544715862,true,0.875,0.7875,1.1625,1.47619048,0.43326794,0.3460203,daily_life
neighbor,0.425,0.4,10,rank_fusion,E017,1,5,line,L095,10219562820779695759,true,0.975,0.95,1.15,1.21052632,0.48292206,0.3584124,time
neighbor,0.425,0.4,10,rank_fusion,E017,2,2,line,L064,11457425130941659040,true,1.05,0.95,1.05,1.10526316,0.48530162,0.38642203,change
neighbor,0.425,0.4,10,rank_fusion,E017,3,7,line,L107,15934300896051240561,true,1.0,0.78333333,1.18333333,1.5106383,0.45115981,0.22011605,expectation
neighbor,0.425,0.4,10,rank_fusion,E018,1,8,line,L118,15936931154767373137,true,1.06428571,0.86428571,1.20714286,1.39669421,0.4686331,0.27811751,daily_life
neighbor,0.425,0.4,10,rank_fusion,E018,2,0,silence,,5212375706318490410,true,,,,,,,
neighbor,0.425,0.4,10,rank_fusion,E018,3,8,line,L102,10842978474012102864,true,1.05,0.80714286,1.20714286,1.49557522,0.5916111,0.3536098,expectation
neighbor,0.425,0.4,10,rank_fusion,E019,1,5,line,L055,2482854344084269788,true,0.825,0.825,1.25,1.51515152,0.43864586,0.32009608,failure
neighbor,0.425,0.4,10,rank_fusion,E019,2,8,line,L013,847488523742959676,true,1.25,0.82142857,1.25,1.52173913,0.50304362,0.19491762,uncertainty
neighbor,0.425,0.4,10,rank_fusion,E019,3,5,line,L043,12999710830113562700,true,0.925,0.925,1.1,1.18918919,0.44744407,0.2539084,work
neighbor,0.425,0.4,10,rank_fusion,E020,1,8,line,L042,17570569190978810571,true,1.05,0.77857143,1.17857143,1.51376147,0.55722802,0.33421199,work
neighbor,0.425,0.4,10,rank_fusion,E020,2,8,line,L068,14777161230378505879,true,0.99285714,0.89285714,1.15,1.288,0.48590655,0.33357445,change
neighbor,0.425,0.4,10,rank_fusion,E020,3,8,line,L115,14078745486532302547,true,1.17857143,0.77857143,1.17857143,1.51376147,0.50774336,0.24053052,daily_life
neighbor,0.425,0.4,10,rank_fusion,E021,1,8,line,L033,4273160823726804535,true,1.03571429,0.87857143,1.10714286,1.2601626,0.46741523,0.21012102,relationship
neighbor,0.425,0.4,10,rank_fusion,E021,2,10,line,L022,4780355652012951342,true,1.01666667,0.78333333,1.20555556,1.53900709,0.46066697,0.13873288,relationship
neighbor,0.425,0.4,10,rank_fusion,E021,3,10,line,L031,9564867978829526387,true,1.06111111,0.88333333,1.21666667,1.37735849,0.47209261,0.25397302,relationship
neighbor,0.425,0.4,10,rank_fusion,E022,1,5,line,L054,7567060495963791278,true,1.05,0.8,1.25,1.5625,0.50542412,0.24516813,failure
neighbor,0.425,0.4,10,rank_fusion,E022,2,5,line,L063,2550724108362446449,true,1.175,0.85,1.175,1.38235294,0.53843198,0.23077668,change
neighbor,0.425,0.4,10,rank_fusion,E022,3,5,line,L027,10428351203441084270,true,0.975,0.85,1.175,1.38235294,0.51387328,0.25064178,relationship
neighbor,0.425,0.4,10,rank_fusion,E023,1,6,line,L068,12225648772027476851,true,1.03,0.83,1.17,1.40963855,0.43495556,0.34937521,change
neighbor,0.425,0.4,10,rank_fusion,E023,2,6,line,L068,15146102931498470855,true,1.03,0.83,1.17,1.40963855,0.43495556,0.34937521,change
neighbor,0.425,0.4,10,rank_fusion,E023,3,6,line,L048,11516105883259442250,true,0.87,0.83,1.17,1.40963855,0.43255274,0.35975242,work
neighbor,0.425,0.4,10,rank_fusion,E024,1,6,line,L068,330473171419209412,true,0.87,0.79,1.17,1.48101266,0.51061319,0.38063633,change
neighbor,0.425,0.4,10,rank_fusion,E024,2,5,line,L032,16825835966078418111,true,1.05,0.825,1.15,1.39393939,0.51159863,0.28990894,relationship
neighbor,0.425,0.4,10,rank_fusion,E024,3,6,line,L004,1150077449655025461,true,1.19,0.79,1.19,1.50632911,0.54731384,0.27197478,choice
neighbor,0.425,0.4,10,rank_fusion,E025,1,10,line,L076,5288228495175161201,true,0.95,0.78333333,1.18333333,1.5106383,0.43309741,0.19088503,loss
neighbor,0.425,0.4,10,rank_fusion,E025,2,10,line,L066,12352902315759129894,true,0.81666667,0.81666667,1.20555556,1.47619048,0.46094501,0.27486681,change
neighbor,0.425,0.4,10,rank_fusion,E025,3,9,line,L085,17327024317641569776,true,1.025,0.8,1.225,1.53125,0.45776486,0.2700306,self
neighbor,0.425,0.4,10,rank_fusion,E026,1,3,line,L114,7461710069461762370,true,1.0,0.75,1.25,1.66666667,0.46057759,0.3418251,daily_life
neighbor,0.425,0.4,10,rank_fusion,E026,2,4,line,L007,18098212098119025639,true,1.15,0.81666667,1.15,1.40816327,0.46068326,0.26683279,choice
neighbor,0.425,0.4,10,rank_fusion,E026,3,5,line,L043,5106098356127507995,true,1.0,0.75,1.2,1.6,0.46338045,0.3131226,work
neighbor,0.425,0.4,10,rank_fusion,E027,1,4,line,L031,12710915507337412627,true,0.88333333,0.88333333,1.15,1.30188679,0.47089164,0.24453802,relationship
neighbor,0.425,0.4,10,rank_fusion,E027,2,8,line,L031,6417914055427047881,true,1.07857143,0.80714286,1.15,1.42477876,0.48899561,0.24453802,relationship
neighbor,0.425,0.4,10,rank_fusion,E027,3,4,line,L031,2737858224479029675,true,0.88333333,0.88333333,1.15,1.30188679,0.46855269,0.24453802,relationship
neighbor,0.425,0.4,10,rank_fusion,E028,1,8,line,L107,16856995648896496,true,1.16428571,0.83571429,1.16428571,1.39316239,0.48925781,0.22831233,expectation
neighbor,0.425,0.4,10,rank_fusion,E028,2,9,line,L097,6279286373351141716,true,1.15,0.9,1.2125,1.34722222,0.77156645,0.33459265,time
neighbor,0.425,0.4,10,rank_fusion,E028,3,8,line,L014,10423223718057304698,true,1.03571429,0.83571429,1.16428571,1.39316239,0.48983729,0.34648482,uncertainty
neighbor,0.425,0.4,10,rank_fusion,E029,1,8,line,L034,6883957246945208592,true,1.13571429,0.87857143,1.13571429,1.29268293,0.48242462,0.24938173,relationship
neighbor,0.425,0.4,10,rank_fusion,E029,2,6,line,L117,5957727193249846668,true,0.91,0.85,1.13,1.32941176,0.46079717,0.25932428,daily_life
neighbor,0.425,0.4,10,rank_fusion,E029,3,8,line,L033,15557198007359036769,true,1.00714286,0.79285714,1.25,1.57657658,0.45852667,0.20041477,relationship
neighbor,0.425,0.4,10,rank_fusion,E030,1,6,line,L044,9683567800026816012,true,1.07,0.79,1.21,1.53164557,0.45699288,0.24722714,work
neighbor,0.425,0.4,10,rank_fusion,E030,2,6,line,L117,15328553586266511351,true,1.03,0.79,1.19,1.50632911,0.48240944,0.28183646,daily_life
neighbor,0.425,0.4,10,rank_fusion,E030,3,6,line,L117,10308303624880637439,true,0.93,0.79,1.21,1.53164557,0.48312128,0.28183646,daily_life
neighbor,0.425,0.4,10,rank_fusion,E031,1,7,line,L064,12794797496014467620,true,0.91666667,0.75,1.16666667,1.55555556,0.43045227,0.3131894,change
neighbor,0.425,0.4,10,rank_fusion,E031,2,8,line,L105,12967263327635345140,true,0.96428571,0.80714286,1.22142857,1.51327434,0.4752235,0.31395301,expectation
neighbor,0.425,0.4,10,rank_fusion,E031,3,7,line,L105,12688601981085555976,true,1.05,0.81666667,1.18333333,1.44897959,0.47269659,0.31395301,expectation
neighbor,0.425,0.4,10,rank_fusion,E032,1,7,line,L042,15363036219394373628,true,1.0,0.91666667,1.1,1.2,0.55860899,0.3735743,work
neighbor,0.425,0.4,10,rank_fusion,E032,2,5,line,L105,2250051636181321151,true,0.975,0.9,1.1,1.22222222,0.49785887,0.24185273,expectation
neighbor,0.425,0.4,10,rank_fusion,E032,3,6,line,L042,9305075733112308375,true,0.99,0.87,1.09,1.25287356,0.57420882,0.3735743,work
neighbor,0.425,0.4,10,rank_fusion,E033,1,7,line,L035,2334393918895814645,true,1.06666667,0.75,1.11666667,1.48888889,0.58995538,0.35108554,relationship
neighbor,0.425,0.4,10,rank_fusion,E033,2,7,line,L082,954997009096998732,true,0.93333333,0.81666667,1.15,1.40816327,0.42878421,0.27164553,self
neighbor,0.425,0.4,10,rank_fusion,E033,3,6,line,L106,15871875286480241601,true,1.09,0.75,1.13,1.50666667,0.49865828,0.37847858,expectation
neighbor,0.425,0.4,10,rank_fusion,E034,1,6,line,L046,1842886833937335187,true,1.13,0.81,1.13,1.39506173,0.56218715,0.34859445,work
neighbor,0.425,0.4,10,rank_fusion,E034,2,6,line,L088,2770733435912147992,true,0.81,0.81,1.25,1.54320988,0.4435479,0.38110717,self
neighbor,0.425,0.4,10,rank_fusion,E034,3,6,line,L117,13816464800827979821,true,0.97,0.75,1.19,1.58666667,0.4832939,0.37966494,daily_life
neighbor,0.425,0.4,10,rank_fusion,E035,1,5,line,L111,14914593227553786428,true,0.9,0.8,1.175,1.46875,0.43843297,0.38032982,daily_life
neighbor,0.425,0.4,10,rank_fusion,E035,2,6,line,L111,6882861025263232741,true,0.81,0.81,1.25,1.54320988,0.43628085,0.38032982,daily_life
neighbor,0.425,0.4,10,rank_fusion,E035,3,6,line,L111,10831108169839833784,true,1.05,0.85,1.19,1.4,0.49691849,0.38032982,daily_life
neighbor,0.425,0.4,10,rank_fusion,E036,1,9,line,L117,2100214599939928499,true,1.0,0.75,1.1375,1.51666667,0.4730362,0.21741543,daily_life
neighbor,0.425,0.4,10,rank_fusion,E036,2,4,line,L114,4750442612808793486,true,1.01666667,0.95,1.05,1.10526316,0.46669447,0.358757,daily_life
neighbor,0.425,0.4,10,rank_fusion,E036,3,9,line,L065,13410304871280061412,true,0.9375,0.75,1.1375,1.51666667,0.45793521,0.29351281,change
neighbor,0.425,0.4,10,bounded_domain_diversity,E001,1,5,line,L105,10418858375838657071,true,0.78676004,0.78676004,1.15,1.46169091,0.45954306,0.31184876,expectation
neighbor,0.425,0.4,10,bounded_domain_diversity,E001,2,5,line,L045,9586743709219150784,true,0.85,0.77026353,1.24901269,1.62153944,0.44479735,0.27583983,work
neighbor,0.425,0.4,10,bounded_domain_diversity,E001,3,5,line,L102,592022256592927774,true,1.15,0.75,1.15,1.53333333,0.67227799,0.28345473,expectation
neighbor,0.425,0.4,10,bounded_domain_diversity,E002,1,6,line,L014,1815355824330082398,true,1.15,0.75,1.15,1.53333333,0.49814276,0.35131283,uncertainty
neighbor,0.425,0.4,10,bounded_domain_diversity,E002,2,5,line,L101,18076360836035844122,true,0.99757203,0.75,1.25,1.66666667,0.45774265,0.32990119,expectation
neighbor,0.425,0.4,10,bounded_domain_diversity,E002,3,5,line,L033,3549279955528802194,true,1.25,0.75,1.25,1.66666667,0.50902639,0.15610312,relationship
neighbor,0.425,0.4,10,bounded_domain_diversity,E003,1,9,line,L004,9795306835945811074,true,1.15,0.85,1.24057057,1.45949478,0.55661925,0.17748176,choice
neighbor,0.425,0.4,10,bounded_domain_diversity,E003,2,5,line,L057,17565425801133371163,true,0.86079067,0.75,1.15,1.53333333,0.43294838,0.23557381,failure
neighbor,0.425,0.4,10,bounded_domain_diversity,E003,3,9,line,L004,14691705969429648236,true,0.91024702,0.81310837,1.25,1.53731045,0.52711788,0.17748176,choice
neighbor,0.425,0.4,10,bounded_domain_diversity,E004,1,4,line,L014,7307250828110910356,true,0.81273065,0.81273065,1.15,1.41498293,0.46012077,0.29672754,uncertainty
neighbor,0.425,0.4,10,bounded_domain_diversity,E004,2,5,line,L015,1221977699985596942,true,0.75,0.75,1.2,1.6,0.42634336,0.33712419,uncertainty
neighbor,0.425,0.4,10,bounded_domain_diversity,E004,3,4,line,L011,14426421530041133937,true,1.15,0.75727451,1.15,1.51860387,0.49460933,0.38158767,uncertainty
neighbor,0.425,0.4,10,bounded_domain_diversity,E005,1,4,line,L107,7282619217601536890,true,1.25,0.75180209,1.25,1.66267162,0.51433535,0.35910134,expectation
neighbor,0.425,0.4,10,bounded_domain_diversity,E005,2,6,line,L067,15748930167514970636,true,0.87749314,0.85,1.25,1.47058824,0.47496179,0.35715443,change
neighbor,0.425,0.4,10,bounded_domain_diversity,E005,3,5,line,L012,16753612837345930773,true,1.25,0.75,1.25,1.66666667,0.48708478,0.35046519,uncertainty
neighbor,0.425,0.4,10,bounded_domain_diversity,E006,1,6,line,L055,10262907433805545832,true,0.87654118,0.8,1.2,1.5,0.46116804,0.31585709,failure
neighbor,0.425,0.4,10,bounded_domain_diversity,E006,2,4,line,L045,18042843141699994572,true,1.2,0.8,1.2,1.5,0.57768486,0.29981392,work
neighbor,0.425,0.4,10,bounded_domain_diversity,E006,3,4,line,L023,1163312150509658095,true,0.92109978,0.8,1.2,1.5,0.49999514,0.35435937,relationship
neighbor,0.425,0.4,10,bounded_domain_diversity,E007,1,9,line,L071,1123868814260843555,true,1.2,0.85,1.2,1.41176471,0.55672482,0.36771435,loss
neighbor,0.425,0.4,10,bounded_domain_diversity,E007,2,9,line,L022,17707032008760263518,true,0.79993283,0.78528332,1.2,1.52811091,0.45749242,0.29381087,relationship
neighbor,0.425,0.4,10,bounded_domain_diversity,E007,3,9,line,L076,15890260528026092210,true,0.8703234,0.78528332,1.2,1.52811091,0.46465665,0.24737956,loss
neighbor,0.425,0.4,10,bounded_domain_diversity,E008,1,1,line,L024,9089463680271204443,true,1.0,1.0,1.0,1.0,0.45418066,0.33264434,relationship
neighbor,0.425,0.4,10,bounded_domain_diversity,E008,2,4,line,L101,1622075943198844954,true,0.75,0.75,1.15,1.53333333,0.42650536,0.34201367,expectation
neighbor,0.425,0.4,10,bounded_domain_diversity,E008,3,3,line,L082,10835537203951822082,true,0.80677207,0.8,1.2,1.5,0.4420239,0.35274282,self
neighbor,0.425,0.4,10,bounded_domain_diversity,E009,1,5,line,L045,15737626019537287687,true,0.91188421,0.75,1.15,1.53333333,0.45764067,0.33597565,work
neighbor,0.425,0.4,10,bounded_domain_diversity,E009,2,3,line,L034,7017005612764680389,true,1.15,0.85,1.15,1.35294118,0.47160783,0.18616093,relationship
neighbor,0.425,0.4,10,bounded_domain_diversity,E009,3,7,line,L045,16654790029986043526,true,1.15977739,0.75,1.15977739,1.54636985,0.54551964,0.33597565,work
neighbor,0.425,0.4,10,bounded_domain_diversity,E010,1,6,line,L007,7474984048184739343,true,0.86697168,0.81324561,1.25,1.53705103,0.45563553,0.26188547,choice
neighbor,0.425,0.4,10,bounded_domain_diversity,E010,2,4,line,L087,13968013845702785015,true,1.25,0.75,1.25,1.66666667,0.6279804,0.39540397,self
neighbor,0.425,0.4,10,bounded_domain_diversity,E010,3,6,line,L031,2342842644922167404,true,0.88685796,0.85,1.25,1.47058824,0.4930794,0.35939074,relationship
neighbor,0.425,0.4,10,bounded_domain_diversity,E011,1,6,line,L021,15445412766682343378,true,0.82855037,0.75,1.2,1.6,0.45114529,0.29820927,relationship
neighbor,0.425,0.4,10,bounded_domain_diversity,E011,2,6,line,L082,16452615835445950093,true,0.75,0.75,1.2,1.6,0.44389351,0.32516403,self
neighbor,0.425,0.4,10,bounded_domain_diversity,E011,3,9,line,L032,2807033777464634395,true,1.15,0.75,1.21041883,1.61389178,0.53023901,0.32661157,relationship
neighbor,0.425,0.4,10,bounded_domain_diversity,E012,1,7,line,L082,9319747233651277781,true,0.96016497,0.85,1.15,1.35294118,0.51419189,0.36664174,self
neighbor,0.425,0.4,10,bounded_domain_diversity,E012,2,5,line,L082,8099451354487219362,true,1.25,0.75,1.25,1.66666667,0.64541229,0.36664174,self
neighbor,0.425,0.4,10,bounded_domain_diversity,E012,3,7,line,L022,6717569070870376100,true,1.13153559,0.77276399,1.15,1.48816457,0.58195648,0.24200782,relationship
neighbor,0.425,0.4,10,bounded_domain_diversity,E013,1,2,line,L101,12514979856087306974,true,1.2,0.8,1.2,1.5,0.52363832,0.33099117,expectation
neighbor,0.425,0.4,10,bounded_domain_diversity,E013,2,2,line,L101,10562541228388731142,true,1.2,0.8,1.2,1.5,0.52363832,0.33099117,expectation
neighbor,0.425,0.4,10,bounded_domain_diversity,E013,3,2,line,L101,16840386472138250256,true,1.2,0.8,1.2,1.5,0.51629422,0.33099117,expectation
neighbor,0.425,0.4,10,bounded_domain_diversity,E014,1,0,silence,,4994277167912552707,true,,,,,,,
neighbor,0.425,0.4,10,bounded_domain_diversity,E014,2,0,silence,,17154228650628662984,true,,,,,,,
neighbor,0.425,0.4,10,bounded_domain_diversity,E014,3,0,silence,,11828780811247916003,true,,,,,,,
neighbor,0.425,0.4,10,bounded_domain_diversity,E015,1,9,line,L037,5108536779453357120,true,0.91988518,0.75,1.25,1.66666667,0.45500722,0.2336148,relationship
neighbor,0.425,0.4,10,bounded_domain_diversity,E015,2,7,line,L004,4963155642254140804,true,0.96540299,0.75,1.25,1.66666667,0.4801776,0.34903811,choice
neighbor,0.425,0.4,10,bounded_domain_diversity,E015,3,7,line,L088,16652227655731484285,true,0.91449583,0.75,1.25,1.66666667,0.46843045,0.23145982,self
neighbor,0.425,0.4,10,bounded_domain_diversity,E016,1,9,line,L024,7643935400145056541,true,0.89594866,0.77324506,1.25,1.61656383,0.44371644,0.27476525,relationship
neighbor,0.425,0.4,10,bounded_domain_diversity,E016,2,9,line,L095,17827920318451893469,true,1.0309697,0.77867746,1.2,1.54107453,0.48255012,0.34405922,time
neighbor,0.425,0.4,10,bounded_domain_diversity,E016,3,9,line,L114,2023343022544715862,true,0.76140926,0.75,1.25,1.66666667,0.43326794,0.3460203,daily_life
neighbor,0.425,0.4,10,bounded_domain_diversity,E017,1,5,line,L095,10219562820779695759,true,1.05436108,0.8,1.2,1.5,0.48292206,0.3584124,time
neighbor,0.425,0.4,10,bounded_domain_diversity,E017,2,2,line,L064,11457425130941659040,true,1.15,0.75,1.15,1.53333333,0.48530162,0.38642203,change
neighbor,0.425,0.4,10,bounded_domain_diversity,E017,3,7,line,L107,15934300896051240561,true,0.96507534,0.75,1.25,1.66666667,0.45115981,0.22011605,expectation
neighbor,0.425,0.4,10,bounded_domain_diversity,E018,1,8,line,L118,15936931154767373137,true,0.94491298,0.78271512,1.15,1.46924464,0.4686331,0.27811751,daily_life
neighbor,0.425,0.4,10,bounded_domain_diversity,E018,2,0,silence,,5212375706318490410,true,,,,,,,
neighbor,0.425,0.4,10,bounded_domain_diversity,E018,3,8,line,L102,10842978474012102864,true,1.15,0.75,1.15,1.53333333,0.5916111,0.3536098,expectation
neighbor,0.425,0.4,10,bounded_domain_diversity,E019,1,5,line,L055,2482854344084269788,true,0.78929235,0.78929235,1.25,1.58369708,0.43864586,0.32009608,failure
neighbor,0.425,0.4,10,bounded_domain_diversity,E019,2,8,line,L013,847488523742959676,true,1.25,0.85,1.25,1.47058824,0.50304362,0.19491762,uncertainty
neighbor,0.425,0.4,10,bounded_domain_diversity,E019,3,5,line,L043,12999710830113562700,true,0.83031079,0.83031079,1.15,1.38502356,0.44744407,0.2539084,work
neighbor,0.425,0.4,10,bounded_domain_diversity,E020,1,8,line,L042,17570569190978810571,true,1.15,0.84600785,1.15,1.35932545,0.55722802,0.33421199,work
neighbor,0.425,0.4,10,bounded_domain_diversity,E020,2,8,line,L068,14777161230378505879,true,0.9910982,0.75,1.15,1.53333333,0.48590655,0.33357445,change
neighbor,0.425,0.4,10,bounded_domain_diversity,E020,3,8,line,L115,14078745486532302547,true,1.08761949,0.84600785,1.15,1.35932545,0.50774336,0.24053052,daily_life
neighbor,0.425,0.4,10,bounded_domain_diversity,E021,1,8,line,L033,4273160823726804535,true,0.81548385,0.75,1.21666667,1.62222222,0.46741523,0.21012102,relationship
neighbor,0.425,0.4,10,bounded_domain_diversity,E021,2,10,line,L022,4780355652012951342,true,0.77127889,0.75,1.25,1.66666667,0.46066697,0.13873288,relationship
neighbor,0.425,0.4,10,bounded_domain_diversity,E021,3,10,line,L031,9564867978829526387,true,0.91125178,0.75,1.18225924,1.57634566,0.47209261,0.25397302,relationship
neighbor,0.425,0.4,10,bounded_domain_diversity,E022,1,5,line,L063,7567060495963791278,true,1.2,0.8,1.2,1.5,0.53175611,0.23077668,change
neighbor,0.425,0.4,10,bounded_domain_diversity,E022,2,5,line,L063,2550724108362446449,true,1.14605443,0.85,1.25,1.47058824,0.53843198,0.23077668,change
neighbor,0.425,0.4,10,bounded_domain_diversity,E022,3,5,line,L027,10428351203441084270,true,0.85029361,0.85,1.25,1.47058824,0.51387328,0.25064178,relationship
neighbor,0.425,0.4,10,bounded_domain_diversity,E023,1,6,line,L068,12225648772027476851,true,0.89278636,0.8,1.2,1.5,0.43495556,0.34937521,change
neighbor,0.425,0.4,10,bounded_domain_diversity,E023,2,6,line,L068,15146102931498470855,true,0.89278636,0.8,1.2,1.5,0.43495556,0.34937521,change
neighbor,0.425,0.4,10,bounded_domain_diversity,E023,3,6,line,L048,11516105883259442250,true,0.86129884,0.8,1.2,1.5,0.43255274,0.35975242,work
neighbor,0.425,0.4,10,bounded_domain_diversity,E024,1,6,line,L068,330473171419209412,true,0.98097937,0.76341746,1.19182713,1.56117353,0.51061319,0.38063633,change
neighbor,0.425,0.4,10,bounded_domain_diversity,E024,2,5,line,L032,16825835966078418111,true,0.93605879,0.8,1.2,1.5,0.51159863,0.28990894,relationship
neighbor,0.425,0.4,10,bounded_domain_diversity,E024,3,6,line,L004,1150077449655025461,true,0.91607251,0.85,1.15,1.35294118,0.54731384,0.27197478,choice
neighbor,0.425,0.4,10,bounded_domain_diversity,E025,1,10,line,L076,5288228495175161201,true,0.85,0.77753172,1.25,1.60765146,0.43309741,0.19088503,loss
neighbor,0.425,0.4,10,bounded_domain_diversity,E025,2,10,line,L052,12352902315759129894,true,1.0456939,0.76950418,1.25,1.62442262,0.49822684,0.2156296,failure
neighbor,0.425,0.4,10,bounded_domain_diversity,E025,3,9,line,L085,17327024317641569776,true,1.03345666,0.84527764,1.2,1.41965189,0.45776486,0.2700306,self
neighbor,0.425,0.4,10,bounded_domain_diversity,E026,1,3,line,L114,7461710069461762370,true,1.00996286,0.8,1.2,1.5,0.46057759,0.3418251,daily_life
neighbor,0.425,0.4,10,bounded_domain_diversity,E026,2,4,line,L007,18098212098119025639,true,1.06842797,0.8,1.2,1.5,0.46068326,0.26683279,choice
neighbor,0.425,0.4,10,bounded_domain_diversity,E026,3,5,line,L043,5106098356127507995,true,0.95961767,0.8,1.2,1.5,0.46338045,0.3131226,work
neighbor,0.425,0.4,10,bounded_domain_diversity,E027,1,4,line,L031,12710915507337412627,true,0.85,0.85,1.15,1.35294118,0.47089164,0.24453802,relationship
neighbor,0.425,0.4,10,bounded_domain_diversity,E027,2,8,line,L031,6417914055427047881,true,0.9444535,0.75951447,1.15,1.51412521,0.48899561,0.24453802,relationship
neighbor,0.425,0.4,10,bounded_domain_diversity,E027,3,4,line,L031,2737858224479029675,true,0.85,0.75821386,1.15,1.51672248,0.46855269,0.24453802,relationship
neighbor,0.425,0.4,10,bounded_domain_diversity,E028,1,8,line,L107,16856995648896496,true,0.88687391,0.75039524,1.2,1.59915727,0.48925781,0.22831233,expectation
neighbor,0.425,0.4,10,bounded_domain_diversity,E028,2,9,line,L097,6279286373351141716,true,1.2,0.76155479,1.2,1.5757238,0.77156645,0.33459265,time
neighbor,0.425,0.4,10,bounded_domain_diversity,E028,3,8,line,L014,10423223718057304698,true,0.83773376,0.75036699,1.2,1.59921746,0.48983729,0.34648482,uncertainty
neighbor,0.425,0.4,10,bounded_domain_diversity,E029,1,8,line,L034,6883957246945208592,true,0.94144874,0.78051499,1.23005184,1.57594902,0.48242462,0.24938173,relationship
neighbor,0.425,0.4,10,bounded_domain_diversity,E029,2,6,line,L117,5957727193249846668,true,0.85,0.85,1.25,1.47058824,0.46079717,0.25932428,daily_life
neighbor,0.425,0.4,10,bounded_domain_diversity,E029,3,8,line,L017,15557198007359036769,true,1.15,0.75,1.15,1.53333333,0.55317611,0.10202789,uncertainty
neighbor,0.425,0.4,10,bounded_domain_diversity,E030,1,6,line,L044,9683567800026816012,true,0.87950435,0.75,1.25,1.66666667,0.45699288,0.24722714,work
neighbor,0.425,0.4,10,bounded_domain_diversity,E030,2,6,line,L117,15328553586266511351,true,0.88868904,0.75,1.22135026,1.62846701,0.48240944,0.28183646,daily_life
neighbor,0.425,0.4,10,bounded_domain_diversity,E030,3,6,line,L117,10308303624880637439,true,0.88878155,0.75,1.2,1.6,0.48312128,0.28183646,daily_life
neighbor,0.425,0.4,10,bounded_domain_diversity,E031,1,7,line,L064,12794797496014467620,true,0.87930872,0.78115054,1.15,1.47218742,0.43045227,0.3131894,change
neighbor,0.425,0.4,10,bounded_domain_diversity,E031,2,8,line,L105,12967263327635345140,true,1.00585424,0.85,1.25,1.47058824,0.4752235,0.31395301,expectation
neighbor,0.425,0.4,10,bounded_domain_diversity,E031,3,7,line,L105,12688601981085555976,true,1.03189239,0.81808325,1.25,1.52796186,0.47269659,0.31395301,expectation
neighbor,0.425,0.4,10,bounded_domain_diversity,E032,1,7,line,L042,15363036219394373628,true,1.21985375,0.75,1.25,1.66666667,0.55860899,0.3735743,work
neighbor,0.425,0.4,10,bounded_domain_diversity,E032,2,5,line,L105,2250051636181321151,true,0.89347344,0.75,1.25,1.66666667,0.49785887,0.24185273,expectation
neighbor,0.425,0.4,10,bounded_domain_diversity,E032,3,6,line,L042,9305075733112308375,true,1.1005444,0.75,1.25,1.66666667,0.57420882,0.3735743,work
neighbor,0.425,0.4,10,bounded_domain_diversity,E033,1,7,line,L035,2334393918895814645,true,1.13912331,0.8,1.15,1.4375,0.58995538,0.35108554,relationship
neighbor,0.425,0.4,10,bounded_domain_diversity,E033,2,7,line,L082,954997009096998732,true,0.85123643,0.85,1.25,1.47058824,0.42878421,0.27164553,self
neighbor,0.425,0.4,10,bounded_domain_diversity,E033,3,6,line,L106,15871875286480241601,true,1.15,0.78594966,1.15,1.46319804,0.49865828,0.37847858,expectation
neighbor,0.425,0.4,10,bounded_domain_diversity,E034,1,6,line,L046,1842886833937335187,true,1.25,0.75,1.25,1.66666667,0.56218715,0.34859445,work
neighbor,0.425,0.4,10,bounded_domain_diversity,E034,2,6,line,L088,2770733435912147992,true,0.95999577,0.85,1.18894492,1.39875873,0.4435479,0.38110717,self
neighbor,0.425,0.4,10,bounded_domain_diversity,E034,3,6,line,L117,13816464800827979821,true,1.1660801,0.85,1.25,1.47058824,0.4832939,0.37966494,daily_life
neighbor,0.425,0.4,10,bounded_domain_diversity,E035,1,5,line,L111,14914593227553786428,true,0.90618459,0.8,1.2,1.5,0.43843297,0.38032982,daily_life
neighbor,0.425,0.4,10,bounded_domain_diversity,E035,2,6,line,L095,6882861025263232741,true,0.96902777,0.76134163,1.25,1.6418385,0.46443512,0.37298217,time
neighbor,0.425,0.4,10,bounded_domain_diversity,E035,3,6,line,L111,10831108169839833784,true,1.25,0.75,1.25,1.66666667,0.49691849,0.38032982,daily_life
neighbor,0.425,0.4,10,bounded_domain_diversity,E036,1,9,line,L117,2100214599939928499,true,0.82619941,0.82066448,1.2,1.46222973,0.4730362,0.21741543,daily_life
neighbor,0.425,0.4,10,bounded_domain_diversity,E036,2,4,line,L114,4750442612808793486,true,0.88771351,0.75,1.25,1.66666667,0.46669447,0.358757,daily_life
neighbor,0.425,0.4,10,bounded_domain_diversity,E036,3,9,line,L068,13410304871280061412,true,1.2,0.82066448,1.2,1.46222973,0.56108366,0.34173912,change
