entry_id,repetition,line_id,abstraction_similarity,surface_similarity
E001,1,L001,0.6233957,0.46516942
E001,1,L002,0.53666367,0.40805609
E001,1,L003,0.51576421,0.40945118
E001,1,L004,0.61248595,0.23942075
E001,1,L005,0.53966988,0.45033555
E001,1,L006,0.37720598,0.39175764
E001,1,L007,0.27411359,0.25863902
E001,1,L008,0.49015476,0.33863505
E001,1,L011,0.36000183,0.22235368
E001,1,L012,0.39052226,0.24037461
E001,1,L013,0.23978002,0.18839022
E001,1,L014,0.32424468,0.25336987
E001,1,L015,0.36892143,0.20238103
E001,1,L016,0.25889761,0.27046326
E001,1,L017,0.18312779,0.16582131
E001,1,L018,0.28878751,0.40796152
E001,1,L021,0.32675656,0.18881851
E001,1,L022,0.20437847,0.23476122
E001,1,L023,0.26441712,0.28718779
E001,1,L024,0.37583298,0.24724279
E001,1,L025,0.2198326,0.30763665
E001,1,L026,0.123274,0.25253314
E001,1,L027,0.26492551,0.23321607
E001,1,L028,0.19105789,0.27622327
E001,1,L031,0.26431948,0.2153315
E001,1,L032,0.29559054,0.23526478
E001,1,L033,0.19329446,0.16727174
E001,1,L034,0.21871232,0.26989542
E001,1,L035,0.3007904,0.26087715
E001,1,L036,0.29257182,0.27671936
E001,1,L037,0.29354029,0.27918412
E001,1,L038,0.25538431,0.31971013
E001,1,L041,0.28503062,0.26400375
E001,1,L042,0.35987348,0.24984217
E001,1,L043,0.36282546,0.27873331
E001,1,L044,0.22133561,0.28449379
E001,1,L045,0.36239314,0.27583983
E001,1,L046,0.31192995,0.22937798
E001,1,L047,0.34093542,0.25291096
E001,1,L048,0.31868533,0.19655806
E001,1,L051,0.42668992,0.24377809
E001,1,L052,0.26389684,0.22482633
E001,1,L053,0.38603348,0.27397873
E001,1,L054,0.393439,0.15929549
E001,1,L055,0.33706349,0.30084793
E001,1,L056,0.36141249,0.22654205
E001,1,L057,0.31994699,0.30358833
E001,1,L058,0.43462851,0.2878302
E001,1,L061,0.38099375,0.24388239
E001,1,L062,0.27639581,0.25765464
E001,1,L063,0.34857002,0.24772928
E001,1,L064,0.39427724,0.30877116
E001,1,L065,0.37048966,0.27096572
E001,1,L066,0.36457484,0.22429591
E001,1,L067,0.32637568,0.25222142
E001,1,L068,0.44306724,0.24576504
E001,1,L071,0.3859306,0.29328073
E001,1,L072,0.32055275,0.19540049
E001,1,L073,0.25431167,0.24567274
E001,1,L074,0.17023059,0.18083613
E001,1,L075,0.3846289,0.3240494
E001,1,L076,0.38575486,0.20750073
E001,1,L077,0.39435334,0.34014468
E001,1,L078,0.21697731,0.27797075
E001,1,L081,0.34675052,0.32068768
E001,1,L082,0.17773394,0.21910757
E001,1,L083,0.57897054,0.60343104
E001,1,L084,0.30019084,0.20103011
E001,1,L085,0.24169843,0.29971268
E001,1,L086,0.16559067,0.27041464
E001,1,L087,0.16731772,0.30790901
E001,1,L088,0.32507479,0.29846775
E001,1,L091,0.35384281,0.30458055
E001,1,L092,0.40939911,0.25333286
E001,1,L093,0.29045054,0.28557554
E001,1,L094,0.293747,0.23220933
E001,1,L095,0.31759997,0.31616956
E001,1,L096,0.44339691,0.34389678
E001,1,L097,0.35196185,0.21325719
E001,1,L098,0.22169109,0.29495853
E001,1,L101,0.38043631,0.32340237
E001,1,L102,0.61908931,0.28345473
E001,1,L103,0.33068202,0.24289778
E001,1,L104,0.30614923,0.27299724
E001,1,L105,0.45954306,0.31184876
E001,1,L106,0.37448122,0.30306674
E001,1,L107,0.33711058,0.24965271
E001,1,L108,0.39631086,0.29355618
E001,1,L111,0.20858273,0.2115902
E001,1,L112,0.28570608,0.23169912
E001,1,L113,0.35420691,0.20102137
E001,1,L114,0.29052247,0.27690999
E001,1,L115,0.31322034,0.24384354
E001,1,L116,0.26199296,0.26881592
E001,1,L117,0.32124213,0.17390531
E001,1,L118,0.39353512,0.28153138
E001,2,L001,0.60425851,0.46516942
E001,2,L002,0.53217736,0.40805609
E001,2,L003,0.58202161,0.40945118
E001,2,L004,0.62733417,0.23942075
E001,2,L005,0.55548488,0.45033555
E001,2,L006,0.45404445,0.39175764
E001,2,L007,0.30535766,0.25863902
E001,2,L008,0.51076583,0.33863505
E001,2,L011,0.31885461,0.22235368
E001,2,L012,0.39593611,0.24037461
E001,2,L013,0.31125872,0.18839022
E001,2,L014,0.32348624,0.25336987
E001,2,L015,0.30289073,0.20238103
E001,2,L016,0.27917084,0.27046326
E001,2,L017,0.28332039,0.16582131
E001,2,L018,0.22444524,0.40796152
E001,2,L021,0.33247555,0.18881851
E001,2,L022,0.2713516,0.23476122
E001,2,L023,0.32559003,0.28718779
E001,2,L024,0.34179824,0.24724279
E001,2,L025,0.26968602,0.30763665
E001,2,L026,0.21640187,0.25253314
E001,2,L027,0.25808599,0.23321607
E001,2,L028,0.24447061,0.27622327
E001,2,L031,0.34735966,0.2153315
E001,2,L032,0.36529826,0.23526478
E001,2,L033,0.27286939,0.16727174
E001,2,L034,0.25708469,0.26989542
E001,2,L035,0.33479713,0.26087715
E001,2,L036,0.32281166,0.27671936
E001,2,L037,0.37615797,0.27918412
E001,2,L038,0.31237148,0.31971013
E001,2,L041,0.26942997,0.26400375
E001,2,L042,0.31077433,0.24984217
E001,2,L043,0.31290865,0.27873331
E001,2,L044,0.25201802,0.28449379
E001,2,L045,0.44479735,0.27583983
E001,2,L046,0.2503443,0.22937798
E001,2,L047,0.32507498,0.25291096
E001,2,L048,0.31947079,0.19655806
E001,2,L051,0.40769201,0.24377809
E001,2,L052,0.31188779,0.22482633
E001,2,L053,0.2992132,0.27397873
E001,2,L054,0.3161281,0.15929549
E001,2,L055,0.41800094,0.30084793
E001,2,L056,0.28746606,0.22654205
E001,2,L057,0.35480123,0.30358833
E001,2,L058,0.35574169,0.2878302
E001,2,L061,0.33171524,0.24388239
E001,2,L062,0.30417252,0.25765464
E001,2,L063,0.31475073,0.24772928
E001,2,L064,0.29679457,0.30877116
E001,2,L065,0.28391337,0.27096572
E001,2,L066,0.39853568,0.22429591
E001,2,L067,0.249511,0.25222142
E001,2,L068,0.42133709,0.24576504
E001,2,L071,0.37046088,0.29328073
E001,2,L072,0.3524544,0.19540049
E001,2,L073,0.22886121,0.24567274
E001,2,L074,0.22003535,0.18083613
E001,2,L075,0.37110582,0.3240494
E001,2,L076,0.39944555,0.20750073
E001,2,L077,0.39796612,0.34014468
E001,2,L078,0.26990945,0.27797075
E001,2,L081,0.35447332,0.32068768
E001,2,L082,0.29437373,0.21910757
E001,2,L083,0.6812835,0.60343104
E001,2,L084,0.27840846,0.20103011
E001,2,L085,0.35157303,0.29971268
E001,2,L086,0.14827218,0.27041464
E001,2,L087,0.21768972,0.30790901
E001,2,L088,0.36118532,0.29846775
E001,2,L091,0.2511027,0.30458055
E001,2,L092,0.32209342,0.25333286
E001,2,L093,0.34201899,0.28557554
E001,2,L094,0.25461559,0.23220933
E001,2,L095,0.25950589,0.31616956
E001,2,L096,0.28970931,0.34389678
E001,2,L097,0.33639769,0.21325719
E001,2,L098,0.20575094,0.29495853
E001,2,L101,0.39219807,0.32340237
E001,2,L102,0.62688362,0.28345473
E001,2,L103,0.30865778,0.24289778
E001,2,L104,0.2903842,0.27299724
E001,2,L105,0.4310646,0.31184876
E001,2,L106,0.39583543,0.30306674
E001,2,L107,0.27167927,0.24965271
E001,2,L108,0.42148072,0.29355618
E001,2,L111,0.1971719,0.2115902
E001,2,L112,0.28667622,0.23169912
E001,2,L113,0.30435126,0.20102137
E001,2,L114,0.25801321,0.27690999
E001,2,L115,0.27770506,0.24384354
E001,2,L116,0.29105908,0.26881592
E001,2,L117,0.25575231,0.17390531
E001,2,L118,0.39024619,0.28153138
E001,3,L001,0.72912379,0.46516942
E001,3,L002,0.65456839,0.40805609
E001,3,L003,0.61232257,0.40945118
E001,3,L004,0.62572384,0.23942075
E001,3,L005,0.58933061,0.45033555
E001,3,L006,0.39222511,0.39175764
E001,3,L007,0.34977828,0.25863902
E001,3,L008,0.52371649,0.33863505
E001,3,L011,0.33805733,0.22235368
E001,3,L012,0.42870139,0.24037461
E001,3,L013,0.28999762,0.18839022
E001,3,L014,0.4262354,0.25336987
E001,3,L015,0.38282603,0.20238103
E001,3,L016,0.27082116,0.27046326
E001,3,L017,0.23381023,0.16582131
E001,3,L018,0.3232778,0.40796152
E001,3,L021,0.31209757,0.18881851
E001,3,L022,0.25748514,0.23476122
E001,3,L023,0.26747278,0.28718779
E001,3,L024,0.35771682,0.24724279
E001,3,L025,0.31762482,0.30763665
E001,3,L026,0.2015464,0.25253314
E001,3,L027,0.25637614,0.23321607
E001,3,L028,0.14746027,0.27622327
E001,3,L031,0.30965135,0.2153315
E001,3,L032,0.32347318,0.23526478
E001,3,L033,0.26119844,0.16727174
E001,3,L034,0.23360196,0.26989542
E001,3,L035,0.34672896,0.26087715
E001,3,L036,0.35239559,0.27671936
E001,3,L037,0.31419594,0.27918412
E001,3,L038,0.27836178,0.31971013
E001,3,L041,0.26274407,0.26400375
E001,3,L042,0.35883566,0.24984217
E001,3,L043,0.38946177,0.27873331
E001,3,L044,0.2156265,0.28449379
E001,3,L045,0.38384712,0.27583983
E001,3,L046,0.27588938,0.22937798
E001,3,L047,0.3992025,0.25291096
E001,3,L048,0.30407997,0.19655806
E001,3,L051,0.29801946,0.24377809
E001,3,L052,0.33502141,0.22482633
E001,3,L053,0.30909643,0.27397873
E001,3,L054,0.37438283,0.15929549
E001,3,L055,0.36786116,0.30084793
E001,3,L056,0.27383587,0.22654205
E001,3,L057,0.32626165,0.30358833
E001,3,L058,0.35225412,0.2878302
E001,3,L061,0.32587907,0.24388239
E001,3,L062,0.28245163,0.25765464
E001,3,L063,0.36526217,0.24772928
E001,3,L064,0.44613573,0.30877116
E001,3,L065,0.32203105,0.27096572
E001,3,L066,0.38826079,0.22429591
E001,3,L067,0.26185289,0.25222142
E001,3,L068,0.41825186,0.24576504
E001,3,L071,0.37369779,0.29328073
E001,3,L072,0.30473886,0.19540049
E001,3,L073,0.25162495,0.24567274
E001,3,L074,0.23130443,0.18083613
E001,3,L075,0.39388443,0.3240494
E001,3,L076,0.42858317,0.20750073
E001,3,L077,0.47823804,0.34014468
E001,3,L078,0.34568559,0.27797075
E001,3,L081,0.30772904,0.32068768
E001,3,L082,0.25282356,0.21910757
E001,3,L083,0.73544551,0.60343104
E001,3,L084,0.29273452,0.20103011
E001,3,L085,0.33379853,0.29971268
E001,3,L086,0.1586387,0.27041464
E001,3,L087,0.24199187,0.30790901
E001,3,L088,0.31739085,0.29846775
E001,3,L091,0.36516865,0.30458055
E001,3,L092,0.40830639,0.25333286
E001,3,L093,0.29767779,0.28557554
E001,3,L094,0.25166751,0.23220933
E001,3,L095,0.40146994,0.31616956
E001,3,L096,0.36332977,0.34389678
E001,3,L097,0.397881,0.21325719
E001,3,L098,0.168893,0.29495853
E001,3,L101,0.45642131,0.32340237
E001,3,L102,0.67227799,0.28345473
E001,3,L103,0.38661646,0.24289778
E001,3,L104,0.29031514,0.27299724
E001,3,L105,0.4666666,0.31184876
E001,3,L106,0.43859607,0.30306674
E001,3,L107,0.37139738,0.24965271
E001,3,L108,0.36083414,0.29355618
E001,3,L111,0.16408603,0.2115902
E001,3,L112,0.26198194,0.23169912
E001,3,L113,0.33610225,0.20102137
E001,3,L114,0.28494398,0.27690999
E001,3,L115,0.31179607,0.24384354
E001,3,L116,0.32717025,0.26881592
E001,3,L117,0.33988673,0.17390531
E001,3,L118,0.36010803,0.28153138
E002,1,L001,0.37481731,0.26433557
E002,1,L002,0.40918317,0.31740977
E002,1,L003,0.35174172,0.21647973
E002,1,L004,0.33346826,0.21412166
E002,1,L005,0.32714499,0.37536913
E002,1,L006,0.32585483,0.34086445
E002,1,L007,0.27274409,0.17546218
E002,1,L008,0.35391192,0.40767597
E002,1,L011,0.32802448,0.30286817
E002,1,L012,0.36814716,0.30736648
E002,1,L013,0.433903,0.25660457
E002,1,L014,0.49814276,0.35131283
E002,1,L015,0.38486133,0.27599625
E002,1,L016,0.22853652,0.16944748
E002,1,L017,0.36021644,0.13209602
E002,1,L018,0.27689022,0.24387055
E002,1,L021,0.28644848,0.26650185
E002,1,L022,0.32894819,0.2493946
E002,1,L023,0.37467245,0.14223019
E002,1,L024,0.24973931,0.47453213
E002,1,L025,0.38918204,0.4006767
E002,1,L026,0.2629176,0.22531051
E002,1,L027,0.32571484,0.34640026
E002,1,L028,0.22833325,0.33290088
E002,1,L031,0.30975802,0.20648658
E002,1,L032,0.3291473,0.39890389
E002,1,L033,0.38168908,0.15610312
E002,1,L034,0.30966791,0.27589457
E002,1,L035,0.32048834,0.30974656
E002,1,L036,0.35460955,0.2380612
E002,1,L037,0.28039512,0.18023903
E002,1,L038,0.20080453,0.27682093
E002,1,L041,0.26238157,0.31420746
E002,1,L042,0.20003217,0.25051549
E002,1,L043,0.35469529,0.22126685
E002,1,L044,0.2016927,0.1996393
E002,1,L045,0.26170159,0.24440048
E002,1,L046,0.21171088,0.29617205
E002,1,L047,0.29767215,0.44199359
E002,1,L048,0.39486302,0.26354629
E002,1,L051,0.24900008,0.2280605
E002,1,L052,0.36129202,0.20088501
E002,1,L053,0.1986218,0.37860239
E002,1,L054,0.39551112,0.25582419
E002,1,L055,0.33518385,0.21699724
E002,1,L056,0.1237141,0.18343477
E002,1,L057,0.29536919,0.26333353
E002,1,L058,0.30209986,0.20489363
E002,1,L061,0.20918747,0.15255448
E002,1,L062,0.2626324,0.2422385
E002,1,L063,0.24703353,0.16055013
E002,1,L064,0.40154844,0.35477783
E002,1,L065,0.2760633,0.29820877
E002,1,L066,0.29747933,0.20276208
E002,1,L067,0.2861627,0.15738668
E002,1,L068,0.29392019,0.16451575
E002,1,L071,0.30016092,0.31770129
E002,1,L072,0.30457122,0.15500313
E002,1,L073,0.17649262,0.20773089
E002,1,L074,0.2795032,0.21420544
E002,1,L075,0.35254737,0.30349209
E002,1,L076,0.27659489,0.20657688
E002,1,L077,0.37295928,0.2865621
E002,1,L078,0.32755824,0.29678034
E002,1,L081,0.26763426,0.23443097
E002,1,L082,0.35031127,0.32937063
E002,1,L083,0.3091493,0.25868578
E002,1,L084,0.26269318,0.23607764
E002,1,L085,0.44076827,0.18450631
E002,1,L086,0.18591395,0.29488232
E002,1,L087,0.28497229,0.28955144
E002,1,L088,0.28369501,0.24144182
E002,1,L091,0.42835557,0.35666864
E002,1,L092,0.30304084,0.39747815
E002,1,L093,0.20417465,0.26837794
E002,1,L094,0.16662799,0.25447149
E002,1,L095,0.35245157,0.36350175
E002,1,L096,0.21018952,0.37447587
E002,1,L097,0.42696579,0.32923835
E002,1,L098,0.16102773,0.34693987
E002,1,L101,0.46911977,0.32990119
E002,1,L102,0.36768642,0.20960668
E002,1,L103,0.34749787,0.28172923
E002,1,L104,0.34227551,0.24484161
E002,1,L105,0.3751278,0.22266731
E002,1,L106,0.38512758,0.34063454
E002,1,L107,0.39374695,0.30508488
E002,1,L108,0.29138017,0.19984282
E002,1,L111,0.23678421,0.28083212
E002,1,L112,0.32181644,0.17488368
E002,1,L113,0.30395526,0.23658237
E002,1,L114,0.32120461,0.31752712
E002,1,L115,0.20318625,0.15046225
E002,1,L116,0.32067447,0.31884377
E002,1,L117,0.29486564,0.29116351
E002,1,L118,0.28752194,0.20394497
E002,2,L001,0.36404161,0.26433557
E002,2,L002,0.37521367,0.31740977
E002,2,L003,0.38965435,0.21647973
E002,2,L004,0.39661678,0.21412166
E002,2,L005,0.37033536,0.37536913
E002,2,L006,0.35757094,0.34086445
E002,2,L007,0.20531829,0.17546218
E002,2,L008,0.36610091,0.40767597
E002,2,L011,0.32762534,0.30286817
E002,2,L012,0.42849513,0.30736648
E002,2,L013,0.42776164,0.25660457
E002,2,L014,0.48092177,0.35131283
E002,2,L015,0.34691476,0.27599625
E002,2,L016,0.34224182,0.16944748
E002,2,L017,0.30353097,0.13209602
E002,2,L018,0.27008388,0.24387055
E002,2,L021,0.30061237,0.26650185
E002,2,L022,0.34273183,0.2493946
E002,2,L023,0.35677346,0.14223019
E002,2,L024,0.29888451,0.47453213
E002,2,L025,0.37603286,0.4006767
E002,2,L026,0.21442092,0.22531051
E002,2,L027,0.34129316,0.34640026
E002,2,L028,0.27551232,0.33290088
E002,2,L031,0.30983099,0.20648658
E002,2,L032,0.33502068,0.39890389
E002,2,L033,0.50902639,0.15610312
E002,2,L034,0.32150065,0.27589457
E002,2,L035,0.27708907,0.30974656
E002,2,L036,0.33412468,0.2380612
E002,2,L037,0.30914238,0.18023903
E002,2,L038,0.27815021,0.27682093
E002,2,L041,0.29602354,0.31420746
E002,2,L042,0.14822768,0.25051549
E002,2,L043,0.25410809,0.22126685
E002,2,L044,0.19825549,0.1996393
E002,2,L045,0.36204852,0.24440048
E002,2,L046,0.20850693,0.29617205
E002,2,L047,0.31253265,0.44199359
E002,2,L048,0.30626781,0.26354629
E002,2,L051,0.32241094,0.2280605
E002,2,L052,0.34411013,0.20088501
E002,2,L053,0.24066584,0.37860239
E002,2,L054,0.34433478,0.25582419
E002,2,L055,0.380487,0.21699724
E002,2,L056,0.22211803,0.18343477
E002,2,L057,0.24361474,0.26333353
E002,2,L058,0.35178738,0.20489363
E002,2,L061,0.32630748,0.15255448
E002,2,L062,0.28883328,0.2422385
E002,2,L063,0.25630611,0.16055013
E002,2,L064,0.40873601,0.35477783
E002,2,L065,0.27471857,0.29820877
E002,2,L066,0.27052442,0.20276208
E002,2,L067,0.29884555,0.15738668
E002,2,L068,0.3311663,0.16451575
E002,2,L071,0.25345154,0.31770129
E002,2,L072,0.2812561,0.15500313
E002,2,L073,0.20147077,0.20773089
E002,2,L074,0.24575061,0.21420544
E002,2,L075,0.32952865,0.30349209
E002,2,L076,0.3206108,0.20657688
E002,2,L077,0.39386153,0.2865621
E002,2,L078,0.25719049,0.29678034
E002,2,L081,0.29112063,0.23443097
E002,2,L082,0.27663365,0.32937063
E002,2,L083,0.30330163,0.25868578
E002,2,L084,0.26985393,0.23607764
E002,2,L085,0.37508012,0.18450631
E002,2,L086,0.1733862,0.29488232
E002,2,L087,0.31436443,0.28955144
E002,2,L088,0.28063833,0.24144182
E002,2,L091,0.34741472,0.35666864
E002,2,L092,0.28974047,0.39747815
E002,2,L093,0.23553036,0.26837794
E002,2,L094,0.22509087,0.25447149
E002,2,L095,0.29763542,0.36350175
E002,2,L096,0.26076329,0.37447587
E002,2,L097,0.35620176,0.32923835
E002,2,L098,0.21792469,0.34693987
E002,2,L101,0.45774265,0.32990119
E002,2,L102,0.34088285,0.20960668
E002,2,L103,0.32942023,0.28172923
E002,2,L104,0.28909887,0.24484161
E002,2,L105,0.38272138,0.22266731
E002,2,L106,0.30356261,0.34063454
E002,2,L107,0.31543257,0.30508488
E002,2,L108,0.29790298,0.19984282
E002,2,L111,0.1824558,0.28083212
E002,2,L112,0.26719112,0.17488368
E002,2,L113,0.32309066,0.23658237
E002,2,L114,0.33698496,0.31752712
E002,2,L115,0.23455998,0.15046225
E002,2,L116,0.31006124,0.31884377
E002,2,L117,0.2817937,0.29116351
E002,2,L118,0.3724258,0.20394497
E002,3,L001,0.36404161,0.26433557
E002,3,L002,0.37521367,0.31740977
E002,3,L003,0.38965435,0.21647973
E002,3,L004,0.39661678,0.21412166
E002,3,L005,0.37033536,0.37536913
E002,3,L006,0.35757094,0.34086445
E002,3,L007,0.20531829,0.17546218
E002,3,L008,0.36610091,0.40767597
E002,3,L011,0.32762534,0.30286817
E002,3,L012,0.42849513,0.30736648
E002,3,L013,0.42776164,0.25660457
E002,3,L014,0.48092177,0.35131283
E002,3,L015,0.34691476,0.27599625
E002,3,L016,0.34224182,0.16944748
E002,3,L017,0.30353097,0.13209602
E002,3,L018,0.27008388,0.24387055
E002,3,L021,0.30061237,0.26650185
E002,3,L022,0.34273183,0.2493946
E002,3,L023,0.35677346,0.14223019
E002,3,L024,0.29888451,0.47453213
E002,3,L025,0.37603286,0.4006767
E002,3,L026,0.21442092,0.22531051
E002,3,L027,0.34129316,0.34640026
E002,3,L028,0.27551232,0.33290088
E002,3,L031,0.30983099,0.20648658
E002,3,L032,0.33502068,0.39890389
E002,3,L033,0.50902639,0.15610312
E002,3,L034,0.32150065,0.27589457
E002,3,L035,0.27708907,0.30974656
E002,3,L036,0.33412468,0.2380612
E002,3,L037,0.30914238,0.18023903
E002,3,L038,0.27815021,0.27682093
E002,3,L041,0.29602354,0.31420746
E002,3,L042,0.14822768,0.25051549
E002,3,L043,0.25410809,0.22126685
E002,3,L044,0.19825549,0.1996393
E002,3,L045,0.36204852,0.24440048
E002,3,L046,0.20850693,0.29617205
E002,3,L047,0.31253265,0.44199359
E002,3,L048,0.30626781,0.26354629
E002,3,L051,0.32241094,0.2280605
E002,3,L052,0.34411013,0.20088501
E002,3,L053,0.24066584,0.37860239
E002,3,L054,0.34433478,0.25582419
E002,3,L055,0.380487,0.21699724
E002,3,L056,0.22211803,0.18343477
E002,3,L057,0.24361474,0.26333353
E002,3,L058,0.35178738,0.20489363
E002,3,L061,0.32630748,0.15255448
E002,3,L062,0.28883328,0.2422385
E002,3,L063,0.25630611,0.16055013
E002,3,L064,0.40873601,0.35477783
E002,3,L065,0.27471857,0.29820877
E002,3,L066,0.27052442,0.20276208
E002,3,L067,0.29884555,0.15738668
E002,3,L068,0.3311663,0.16451575
E002,3,L071,0.25345154,0.31770129
E002,3,L072,0.2812561,0.15500313
E002,3,L073,0.20147077,0.20773089
E002,3,L074,0.24575061,0.21420544
E002,3,L075,0.32952865,0.30349209
E002,3,L076,0.3206108,0.20657688
E002,3,L077,0.39386153,0.2865621
E002,3,L078,0.25719049,0.29678034
E002,3,L081,0.29112063,0.23443097
E002,3,L082,0.27663365,0.32937063
E002,3,L083,0.30330163,0.25868578
E002,3,L084,0.26985393,0.23607764
E002,3,L085,0.37508012,0.18450631
E002,3,L086,0.1733862,0.29488232
E002,3,L087,0.31436443,0.28955144
E002,3,L088,0.28063833,0.24144182
E002,3,L091,0.34741472,0.35666864
E002,3,L092,0.28974047,0.39747815
E002,3,L093,0.23553036,0.26837794
E002,3,L094,0.22509087,0.25447149
E002,3,L095,0.29763542,0.36350175
E002,3,L096,0.26076329,0.37447587
E002,3,L097,0.35620176,0.32923835
E002,3,L098,0.21792469,0.34693987
E002,3,L101,0.45774265,0.32990119
E002,3,L102,0.34088285,0.20960668
E002,3,L103,0.32942023,0.28172923
E002,3,L104,0.28909887,0.24484161
E002,3,L105,0.38272138,0.22266731
E002,3,L106,0.30356261,0.34063454
E002,3,L107,0.31543257,0.30508488
E002,3,L108,0.29790298,0.19984282
E002,3,L111,0.1824558,0.28083212
E002,3,L112,0.26719112,0.17488368
E002,3,L113,0.32309066,0.23658237
E002,3,L114,0.33698496,0.31752712
E002,3,L115,0.23455998,0.15046225
E002,3,L116,0.31006124,0.31884377
E002,3,L117,0.2817937,0.29116351
E002,3,L118,0.3724258,0.20394497
E003,1,L001,0.4914522,0.31471875
E003,1,L002,0.39028834,0.46785488
E003,1,L003,0.40102241,0.23352324
E003,1,L004,0.55661925,0.17748176
E003,1,L005,0.53597816,0.39059939
E003,1,L006,0.443301,0.18945874
E003,1,L007,0.39329908,0.21255858
E003,1,L008,0.638979,0.44887834
E003,1,L011,0.30743024,0.17316841
E003,1,L012,0.4641847,0.1963141
E003,1,L013,0.26713024,0.15368176
E003,1,L014,0.36614624,0.2612773
E003,1,L015,0.40798348,0.19127563
E003,1,L016,0.26079447,0.2119708
E003,1,L017,0.25172732,0.15488937
E003,1,L018,0.34383976,0.27565137
E003,1,L021,0.33081391,0.16395624
E003,1,L022,0.36049491,0.20728444
E003,1,L023,0.27255263,0.14573897
E003,1,L024,0.3004625,0.15939556
E003,1,L025,0.26880198,0.3077168
E003,1,L026,0.19641522,0.12659619
E003,1,L027,0.3153481,0.2213375
E003,1,L028,0.26224063,0.16329267
E003,1,L031,0.35856541,0.16895636
E003,1,L032,0.35301701,0.24367233
E003,1,L033,0.25529644,0.16422461
E003,1,L034,0.28835559,0.14540232
E003,1,L035,0.32238795,0.20107255
E003,1,L036,0.3800591,0.2043584
E003,1,L037,0.38032245,0.18641855
E003,1,L038,0.35862326,0.23197464
E003,1,L041,0.34639794,0.1616704
E003,1,L042,0.35230505,0.23825424
E003,1,L043,0.37659248,0.30731442
E003,1,L044,0.24910638,0.18775754
E003,1,L045,0.40316414,0.20785426
E003,1,L046,0.34770416,0.21467597
E003,1,L047,0.45906557,0.2890134
E003,1,L048,0.3706526,0.15709673
E003,1,L051,0.36058118,0.23164772
E003,1,L052,0.33078591,0.07034968
E003,1,L053,0.31765741,0.25038771
E003,1,L054,0.36965149,0.16275703
E003,1,L055,0.38439479,0.23432542
E003,1,L056,0.30283746,0.2973353
E003,1,L057,0.42383473,0.23557381
E003,1,L058,0.38586624,0.29288484
E003,1,L061,0.31681421,0.15724273
E003,1,L062,0.32738852,0.19449038
E003,1,L063,0.37227428,0.12459521
E003,1,L064,0.34272007,0.34839635
E003,1,L065,0.28956086,0.20396751
E003,1,L066,0.41232126,0.2071125
E003,1,L067,0.29167361,0.15146107
E003,1,L068,0.47386647,0.20658905
E003,1,L071,0.37558891,0.25006296
E003,1,L072,0.3817128,0.29580321
E003,1,L073,0.39476983,0.25667456
E003,1,L074,0.19249321,0.14606183
E003,1,L075,0.41943545,0.23716526
E003,1,L076,0.44773588,0.21497338
E003,1,L077,0.54085197,0.30335312
E003,1,L078,0.30493463,0.19398212
E003,1,L081,0.32001456,0.21771492
E003,1,L082,0.31811168,0.16324808
E003,1,L083,0.47748588,0.38171812
E003,1,L084,0.30960863,0.12780183
E003,1,L085,0.27651237,0.17063991
E003,1,L086,0.19874409,0.17305813
E003,1,L087,0.26917815,0.25072707
E003,1,L088,0.3933151,0.19214274
E003,1,L091,0.38320969,0.34201993
E003,1,L092,0.42039905,0.28523408
E003,1,L093,0.36096649,0.1923495
E003,1,L094,0.27561398,0.13718676
E003,1,L095,0.38467925,0.29761726
E003,1,L096,0.36721066,0.24704114
E003,1,L097,0.393855,0.17066474
E003,1,L098,0.24660262,0.241841
E003,1,L101,0.43586515,0.20083758
E003,1,L102,0.55431956,0.24671939
E003,1,L103,0.40486897,0.19293437
E003,1,L104,0.25729053,0.20273967
E003,1,L105,0.41182763,0.23118588
E003,1,L106,0.43720609,0.29723897
E003,1,L107,0.36033476,0.19592529
E003,1,L108,0.39377389,0.19970991
E003,1,L111,0.22319577,0.17402998
E003,1,L112,0.27145702,0.10091677
E003,1,L113,0.4153876,0.16212191
E003,1,L114,0.40300843,0.18846292
E003,1,L115,0.37568869,0.17506546
E003,1,L116,0.38990994,0.17789049
E003,1,L117,0.3123198,0.11181968
E003,1,L118,0.34841592,0.1270511
E003,2,L001,0.40151428,0.31471875
E003,2,L002,0.36546223,0.46785488
E003,2,L003,0.39453172,0.23352324
E003,2,L004,0.4315644,0.17748176
E003,2,L005,0.39274032,0.39059939
E003,2,L006,0.48286726,0.18945874
E003,2,L007,0.25324449,0.21255858
E003,2,L008,0.52931739,0.44887834
E003,2,L011,0.26413969,0.17316841
E003,2,L012,0.45609141,0.1963141
E003,2,L013,0.22356697,0.15368176
E003,2,L014,0.33521917,0.2612773
E003,2,L015,0.33810736,0.19127563
E003,2,L016,0.31242776,0.2119708
E003,2,L017,0.23103518,0.15488937
E003,2,L018,0.3253598,0.27565137
E003,2,L021,0.30321718,0.16395624
E003,2,L022,0.30992099,0.20728444
E003,2,L023,0.32058134,0.14573897
E003,2,L024,0.28583302,0.15939556
E003,2,L025,0.2569561,0.3077168
E003,2,L026,0.17655149,0.12659619
E003,2,L027,0.32102978,0.2213375
E003,2,L028,0.30474123,0.16329267
E003,2,L031,0.28394262,0.16895636
E003,2,L032,0.24826429,0.24367233
E003,2,L033,0.20542794,0.16422461
E003,2,L034,0.29115571,0.14540232
E003,2,L035,0.25530443,0.20107255
E003,2,L036,0.29720124,0.2043584
E003,2,L037,0.34921756,0.18641855
E003,2,L038,0.39884684,0.23197464
E003,2,L041,0.36118833,0.1616704
E003,2,L042,0.1893219,0.23825424
E003,2,L043,0.21561364,0.30731442
E003,2,L044,0.23589151,0.18775754
E003,2,L045,0.38524772,0.20785426
E003,2,L046,0.30315581,0.21467597
E003,2,L047,0.41138161,0.2890134
E003,2,L048,0.29643007,0.15709673
E003,2,L051,0.26651397,0.23164772
E003,2,L052,0.26778384,0.07034968
E003,2,L053,0.27365494,0.25038771
E003,2,L054,0.28517431,0.16275703
E003,2,L055,0.39019178,0.23432542
E003,2,L056,0.27284074,0.2973353
E003,2,L057,0.43294838,0.23557381
E003,2,L058,0.32442514,0.29288484
E003,2,L061,0.39133689,0.15724273
E003,2,L062,0.30051275,0.19449038
E003,2,L063,0.24021371,0.12459521
E003,2,L064,0.28222451,0.34839635
E003,2,L065,0.33820611,0.20396751
E003,2,L066,0.24858888,0.2071125
E003,2,L067,0.35805336,0.15146107
E003,2,L068,0.33997085,0.20658905
E003,2,L071,0.26360153,0.25006296
E003,2,L072,0.22521608,0.29580321
E003,2,L073,0.25886565,0.25667456
E003,2,L074,0.165219,0.14606183
E003,2,L075,0.28556978,0.23716526
E003,2,L076,0.32345876,0.21497338
E003,2,L077,0.45772909,0.30335312
E003,2,L078,0.2165652,0.19398212
E003,2,L081,0.33534841,0.21771492
E003,2,L082,0.26259616,0.16324808
E003,2,L083,0.32328645,0.38171812
E003,2,L084,0.17466239,0.12780183
E003,2,L085,0.28760839,0.17063991
E003,2,L086,0.15787818,0.17305813
E003,2,L087,0.21169932,0.25072707
E003,2,L088,0.35831547,0.19214274
E003,2,L091,0.30590301,0.34201993
E003,2,L092,0.28731393,0.28523408
E003,2,L093,0.32751541,0.1923495
E003,2,L094,0.25760595,0.13718676
E003,2,L095,0.29265414,0.29761726
E003,2,L096,0.29393845,0.24704114
E003,2,L097,0.35018535,0.17066474
E003,2,L098,0.30301746,0.241841
E003,2,L101,0.32482782,0.20083758
E003,2,L102,0.40194436,0.24671939
E003,2,L103,0.37571643,0.19293437
E003,2,L104,0.15892087,0.20273967
E003,2,L105,0.33768773,0.23118588
E003,2,L106,0.28585773,0.29723897
E003,2,L107,0.31979539,0.19592529
E003,2,L108,0.27298076,0.19970991
E003,2,L111,0.14215263,0.17402998
E003,2,L112,0.156664,0.10091677
E003,2,L113,0.33159665,0.16212191
E003,2,L114,0.2914828,0.18846292
E003,2,L115,0.24713541,0.17506546
E003,2,L116,0.22927782,0.17789049
E003,2,L117,0.29454435,0.11181968
E003,2,L118,0.37656702,0.1270511
E003,3,L001,0.4837377,0.31471875
E003,3,L002,0.3913339,0.46785488
E003,3,L003,0.37013572,0.23352324
E003,3,L004,0.52711788,0.17748176
E003,3,L005,0.49141667,0.39059939
E003,3,L006,0.36275662,0.18945874
E003,3,L007,0.38317679,0.21255858
E003,3,L008,0.6242084,0.44887834
E003,3,L011,0.33397036,0.17316841
E003,3,L012,0.45555476,0.1963141
E003,3,L013,0.23220628,0.15368176
E003,3,L014,0.32918072,0.2612773
E003,3,L015,0.30181884,0.19127563
E003,3,L016,0.31874565,0.2119708
E003,3,L017,0.30400158,0.15488937
E003,3,L018,0.27818467,0.27565137
E003,3,L021,0.25644,0.16395624
E003,3,L022,0.37997777,0.20728444
E003,3,L023,0.28520677,0.14573897
E003,3,L024,0.34124442,0.15939556
E003,3,L025,0.19499615,0.3077168
E003,3,L026,0.18711724,0.12659619
E003,3,L027,0.34019744,0.2213375
E003,3,L028,0.26365943,0.16329267
E003,3,L031,0.33947893,0.16895636
E003,3,L032,0.34357748,0.24367233
E003,3,L033,0.23298776,0.16422461
E003,3,L034,0.23069542,0.14540232
E003,3,L035,0.28493267,0.20107255
E003,3,L036,0.3429131,0.2043584
E003,3,L037,0.45046666,0.18641855
E003,3,L038,0.39792246,0.23197464
E003,3,L041,0.27397116,0.1616704
E003,3,L042,0.3933851,0.23825424
E003,3,L043,0.37888363,0.30731442
E003,3,L044,0.22646673,0.18775754
E003,3,L045,0.41248417,0.20785426
E003,3,L046,0.33662553,0.21467597
E003,3,L047,0.4338957,0.2890134
E003,3,L048,0.31486743,0.15709673
E003,3,L051,0.36013687,0.23164772
E003,3,L052,0.25743306,0.07034968
E003,3,L053,0.41167607,0.25038771
E003,3,L054,0.32695271,0.16275703
E003,3,L055,0.32343545,0.23432542
E003,3,L056,0.36959275,0.2973353
E003,3,L057,0.4256874,0.23557381
E003,3,L058,0.30816291,0.29288484
E003,3,L061,0.3238372,0.15724273
E003,3,L062,0.30077608,0.19449038
E003,3,L063,0.35281936,0.12459521
E003,3,L064,0.35027889,0.34839635
E003,3,L065,0.2829235,0.20396751
E003,3,L066,0.41351712,0.2071125
E003,3,L067,0.26309702,0.15146107
E003,3,L068,0.51480311,0.20658905
E003,3,L071,0.37915524,0.25006296
E003,3,L072,0.38644433,0.29580321
E003,3,L073,0.37934513,0.25667456
E003,3,L074,0.19988458,0.14606183
E003,3,L075,0.37684879,0.23716526
E003,3,L076,0.44329002,0.21497338
E003,3,L077,0.63418678,0.30335312
E003,3,L078,0.27252488,0.19398212
E003,3,L081,0.28212264,0.21771492
E003,3,L082,0.30088287,0.16324808
E003,3,L083,0.50560876,0.38171812
E003,3,L084,0.29038996,0.12780183
E003,3,L085,0.2940281,0.17063991
E003,3,L086,0.17314566,0.17305813
E003,3,L087,0.30445657,0.25072707
E003,3,L088,0.31723876,0.19214274
E003,3,L091,0.34669235,0.34201993
E003,3,L092,0.45860699,0.28523408
E003,3,L093,0.36713318,0.1923495
E003,3,L094,0.31065976,0.13718676
E003,3,L095,0.29213215,0.29761726
E003,3,L096,0.34139238,0.24704114
E003,3,L097,0.34420268,0.17066474
E003,3,L098,0.2539597,0.241841
E003,3,L101,0.38322666,0.20083758
E003,3,L102,0.53224574,0.24671939
E003,3,L103,0.36589582,0.19293437
E003,3,L104,0.28188717,0.20273967
E003,3,L105,0.44370784,0.23118588
E003,3,L106,0.40338156,0.29723897
E003,3,L107,0.32687332,0.19592529
E003,3,L108,0.3778754,0.19970991
E003,3,L111,0.23093788,0.17402998
E003,3,L112,0.23349371,0.10091677
E003,3,L113,0.32275115,0.16212191
E003,3,L114,0.30258318,0.18846292
E003,3,L115,0.36493529,0.17506546
E003,3,L116,0.43777916,0.17789049
E003,3,L117,0.31214703,0.11181968
E003,3,L118,0.33085786,0.1270511
E004,1,L001,0.33075482,0.31156145
E004,1,L002,0.30405956,0.30444096
E004,1,L003,0.21979527,0.21885419
E004,1,L004,0.27998669,0.21945885
E004,1,L005,0.32499978,0.26308943
E004,1,L006,0.28543023,0.25304981
E004,1,L007,0.35324696,0.13714021
E004,1,L008,0.3545612,0.35349566
E004,1,L011,0.49708372,0.38158767
E004,1,L012,0.35608396,0.30538351
E004,1,L013,0.3120949,0.31601567
E004,1,L014,0.46012077,0.29672754
E004,1,L015,0.38771465,0.33712419
E004,1,L016,0.21857851,0.15826543
E004,1,L017,0.29287789,0.13094784
E004,1,L018,0.27133008,0.47333437
E004,1,L021,0.26721369,0.17455403
E004,1,L022,0.26610918,0.21471532
E004,1,L023,0.39583681,0.33463136
E004,1,L024,0.29930775,0.22408499
E004,1,L025,0.31885266,0.38673377
E004,1,L026,0.22400908,0.19239849
E004,1,L027,0.24212853,0.25442113
E004,1,L028,0.13986356,0.21272206
E004,1,L031,0.26985875,0.23112534
E004,1,L032,0.23990507,0.25309894
E004,1,L033,0.3126704,0.24537291
E004,1,L034,0.34433605,0.29421156
E004,1,L035,0.29288681,0.31607745
E004,1,L036,0.35648228,0.2507264
E004,1,L037,0.24827932,0.17719432
E004,1,L038,0.20238537,0.31999299
E004,1,L041,0.33922102,0.24754718
E004,1,L042,0.38578183,0.31661729
E004,1,L043,0.41803951,0.35039286
E004,1,L044,0.23481954,0.23053309
E004,1,L045,0.25476916,0.18729017
E004,1,L046,0.46008485,0.4008016
E004,1,L047,0.33369527,0.28162583
E004,1,L048,0.41398918,0.35939817
E004,1,L051,0.24141996,0.28920913
E004,1,L052,0.27260014,0.24921203
E004,1,L053,0.3619157,0.38457437
E004,1,L054,0.46068049,0.28640041
E004,1,L055,0.25372077,0.23415795
E004,1,L056,0.30112296,0.28795653
E004,1,L057,0.39718816,0.40169303
E004,1,L058,0.26774941,0.28740376
E004,1,L061,0.24201604,0.23807956
E004,1,L062,0.23185191,0.27319671
E004,1,L063,0.34060413,0.23138836
E004,1,L064,0.41677336,0.40955319
E004,1,L065,0.33576604,0.29942686
E004,1,L066,0.35270047,0.28331652
E004,1,L067,0.31562429,0.28991026
E004,1,L068,0.31619534,0.32970168
E004,1,L071,0.37621456,0.38743447
E004,1,L072,0.29840425,0.28528706
E004,1,L073,0.20502769,0.2381511
E004,1,L074,0.17297623,0.31427856
E004,1,L075,0.36971092,0.35746176
E004,1,L076,0.36707804,0.23952416
E004,1,L077,0.30001691,0.37710586
E004,1,L078,0.29461822,0.32694886
E004,1,L081,0.23812828,0.20890376
E004,1,L082,0.29618823,0.2429124
E004,1,L083,0.28549846,0.31326496
E004,1,L084,0.26420713,0.17411757
E004,1,L085,0.32466975,0.21227417
E004,1,L086,0.29221709,0.2852751
E004,1,L087,0.28142463,0.32644188
E004,1,L088,0.25459079,0.32460872
E004,1,L091,0.55913522,0.40571526
E004,1,L092,0.38854763,0.39755894
E004,1,L093,0.260307,0.32002482
E004,1,L094,0.34758022,0.28097104
E004,1,L095,0.42042424,0.31552987
E004,1,L096,0.31225962,0.44334086
E004,1,L097,0.42422198,0.36018576
E004,1,L098,0.32297491,0.37040361
E004,1,L101,0.35265316,0.34189156
E004,1,L102,0.32656643,0.1986129
E004,1,L103,0.36381986,0.30236317
E004,1,L104,0.3403381,0.36940532
E004,1,L105,0.40233771,0.33889002
E004,1,L106,0.3734666,0.31206921
E004,1,L107,0.41229032,0.26610845
E004,1,L108,0.23398786,0.27547968
E004,1,L111,0.39691001,0.39391337
E004,1,L112,0.29708494,0.22285745
E004,1,L113,0.29397584,0.37349712
E004,1,L114,0.40318342,0.29700603
E004,1,L115,0.29791605,0.26498571
E004,1,L116,0.35348003,0.35422934
E004,1,L117,0.45324582,0.28629262
E004,1,L118,0.28170519,0.29137591
E004,2,L001,0.36004023,0.31156145
E004,2,L002,0.32423192,0.30444096
E004,2,L003,0.25948129,0.21885419
E004,2,L004,0.2924875,0.21945885
E004,2,L005,0.38196509,0.26308943
E004,2,L006,0.31374604,0.25304981
E004,2,L007,0.2903513,0.13714021
E004,2,L008,0.3850181,0.35349566
E004,2,L011,0.36687678,0.38158767
E004,2,L012,0.44558593,0.30538351
E004,2,L013,0.28755922,0.31601567
E004,2,L014,0.44150378,0.29672754
E004,2,L015,0.42634336,0.33712419
E004,2,L016,0.2629894,0.15826543
E004,2,L017,0.2896968,0.13094784
E004,2,L018,0.27813338,0.47333437
E004,2,L021,0.23775403,0.17455403
E004,2,L022,0.3278984,0.21471532
E004,2,L023,0.31692294,0.33463136
E004,2,L024,0.26591995,0.22408499
E004,2,L025,0.33265949,0.38673377
E004,2,L026,0.24451566,0.19239849
E004,2,L027,0.29227607,0.25442113
E004,2,L028,0.1630597,0.21272206
E004,2,L031,0.30729923,0.23112534
E004,2,L032,0.27945213,0.25309894
E004,2,L033,0.27899282,0.24537291
E004,2,L034,0.31707619,0.29421156
E004,2,L035,0.42306808,0.31607745
E004,2,L036,0.38311563,0.2507264
E004,2,L037,0.30314794,0.17719432
E004,2,L038,0.25667077,0.31999299
E004,2,L041,0.3294005,0.24754718
E004,2,L042,0.27946565,0.31661729
E004,2,L043,0.34466155,0.35039286
E004,2,L044,0.20165049,0.23053309
E004,2,L045,0.28730145,0.18729017
E004,2,L046,0.26358983,0.4008016
E004,2,L047,0.28970783,0.28162583
E004,2,L048,0.36047707,0.35939817
E004,2,L051,0.25905715,0.28920913
E004,2,L052,0.31543814,0.24921203
E004,2,L053,0.37043725,0.38457437
E004,2,L054,0.32221725,0.28640041
E004,2,L055,0.30789532,0.23415795
E004,2,L056,0.2885619,0.28795653
E004,2,L057,0.36448001,0.40169303
E004,2,L058,0.30242847,0.28740376
E004,2,L061,0.32554287,0.23807956
E004,2,L062,0.32716407,0.27319671
E004,2,L063,0.31258702,0.23138836
E004,2,L064,0.36197523,0.40955319
E004,2,L065,0.35349809,0.29942686
E004,2,L066,0.26520355,0.28331652
E004,2,L067,0.23496389,0.28991026
E004,2,L068,0.29197271,0.32970168
E004,2,L071,0.29651849,0.38743447
E004,2,L072,0.2599306,0.28528706
E004,2,L073,0.19647993,0.2381511
E004,2,L074,0.20243655,0.31427856
E004,2,L075,0.29758954,0.35746176
E004,2,L076,0.39139015,0.23952416
E004,2,L077,0.37287933,0.37710586
E004,2,L078,0.39497255,0.32694886
E004,2,L081,0.19985066,0.20890376
E004,2,L082,0.27243121,0.2429124
E004,2,L083,0.29013996,0.31326496
E004,2,L084,0.22600632,0.17411757
E004,2,L085,0.30617938,0.21227417
E004,2,L086,0.18112408,0.2852751
E004,2,L087,0.27806243,0.32644188
E004,2,L088,0.22767349,0.32460872
E004,2,L091,0.49872228,0.40571526
E004,2,L092,0.39465879,0.39755894
E004,2,L093,0.31949255,0.32002482
E004,2,L094,0.25095199,0.28097104
E004,2,L095,0.37169885,0.31552987
E004,2,L096,0.34642843,0.44334086
E004,2,L097,0.42180438,0.36018576
E004,2,L098,0.18183698,0.37040361
E004,2,L101,0.40239386,0.34189156
E004,2,L102,0.39167553,0.1986129
E004,2,L103,0.44618104,0.30236317
E004,2,L104,0.33316985,0.36940532
E004,2,L105,0.42431883,0.33889002
E004,2,L106,0.35591151,0.31206921
E004,2,L107,0.50967112,0.26610845
E004,2,L108,0.22433683,0.27547968
E004,2,L111,0.15328405,0.39391337
E004,2,L112,0.25440624,0.22285745
E004,2,L113,0.34418849,0.37349712
E004,2,L114,0.2145129,0.29700603
E004,2,L115,0.26952346,0.26498571
E004,2,L116,0.28301946,0.35422934
E004,2,L117,0.363289,0.28629262
E004,2,L118,0.27977971,0.29137591
E004,3,L001,0.32884459,0.31156145
E004,3,L002,0.28577042,0.30444096
E004,3,L003,0.2129836,0.21885419
E004,3,L004,0.28597133,0.21945885
E004,3,L005,0.33078232,0.26308943
E004,3,L006,0.28946907,0.25304981
E004,3,L007,0.34041969,0.13714021
E004,3,L008,0.35725296,0.35349566
E004,3,L011,0.49460933,0.38158767
E004,3,L012,0.34545604,0.30538351
E004,3,L013,0.31197987,0.31601567
E004,3,L014,0.43357217,0.29672754
E004,3,L015,0.37402493,0.33712419
E004,3,L016,0.21411951,0.15826543
E004,3,L017,0.30364762,0.13094784
E004,3,L018,0.24748926,0.47333437
E004,3,L021,0.26109416,0.17455403
E004,3,L022,0.27203901,0.21471532
E004,3,L023,0.3912403,0.33463136
E004,3,L024,0.27060752,0.22408499
E004,3,L025,0.3057511,0.38673377
E004,3,L026,0.21781997,0.19239849
E004,3,L027,0.24867458,0.25442113
E004,3,L028,0.14607817,0.21272206
E004,3,L031,0.27884651,0.23112534
E004,3,L032,0.23586229,0.25309894
E004,3,L033,0.31284702,0.24537291
E004,3,L034,0.32977036,0.29421156
E004,3,L035,0.29769012,0.31607745
E004,3,L036,0.34260084,0.2507264
E004,3,L037,0.24666123,0.17719432
E004,3,L038,0.19840101,0.31999299
E004,3,L041,0.32993716,0.24754718
E004,3,L042,0.38159298,0.31661729
E004,3,L043,0.40267988,0.35039286
E004,3,L044,0.22206252,0.23053309
E004,3,L045,0.25248813,0.18729017
E004,3,L046,0.45115989,0.4008016
E004,3,L047,0.33677369,0.28162583
E004,3,L048,0.40711368,0.35939817
E004,3,L051,0.25307187,0.28920913
E004,3,L052,0.23850036,0.24921203
E004,3,L053,0.37067657,0.38457437
E004,3,L054,0.44690317,0.28640041
E004,3,L055,0.26455804,0.23415795
E004,3,L056,0.31966979,0.28795653
E004,3,L057,0.39876205,0.40169303
E004,3,L058,0.2655167,0.28740376
E004,3,L061,0.2229477,0.23807956
E004,3,L062,0.22816757,0.27319671
E004,3,L063,0.30940465,0.23138836
E004,3,L064,0.39908233,0.40955319
E004,3,L065,0.318959,0.29942686
E004,3,L066,0.36071972,0.28331652
E004,3,L067,0.2862072,0.28991026
E004,3,L068,0.2985389,0.32970168
E004,3,L071,0.36658569,0.38743447
E004,3,L072,0.29351991,0.28528706
E004,3,L073,0.2021052,0.2381511
E004,3,L074,0.16556451,0.31427856
E004,3,L075,0.36227514,0.35746176
E004,3,L076,0.36833142,0.23952416
E004,3,L077,0.29570074,0.37710586
E004,3,L078,0.28010454,0.32694886
E004,3,L081,0.23998216,0.20890376
E004,3,L082,0.28948282,0.2429124
E004,3,L083,0.27262463,0.31326496
E004,3,L084,0.27073984,0.17411757
E004,3,L085,0.32039588,0.21227417
E004,3,L086,0.284409,0.2852751
E004,3,L087,0.27789458,0.32644188
E004,3,L088,0.24954052,0.32460872
E004,3,L091,0.55241475,0.40571526
E004,3,L092,0.37447073,0.39755894
E004,3,L093,0.25818241,0.32002482
E004,3,L094,0.34469928,0.28097104
E004,3,L095,0.4051248,0.31552987
E004,3,L096,0.30241579,0.44334086
E004,3,L097,0.41124438,0.36018576
E004,3,L098,0.32242325,0.37040361
E004,3,L101,0.33154082,0.34189156
E004,3,L102,0.31337638,0.1986129
E004,3,L103,0.35017945,0.30236317
E004,3,L104,0.32696503,0.36940532
E004,3,L105,0.37309303,0.33889002
E004,3,L106,0.37280236,0.31206921
E004,3,L107,0.38768693,0.26610845
E004,3,L108,0.24497885,0.27547968
E004,3,L111,0.38691304,0.39391337
E004,3,L112,0.28671842,0.22285745
E004,3,L113,0.28848649,0.37349712
E004,3,L114,0.38667506,0.29700603
E004,3,L115,0.3009576,0.26498571
E004,3,L116,0.35646235,0.35422934
E004,3,L117,0.43244157,0.28629262
E004,3,L118,0.27532882,0.29137591
E005,1,L001,0.34920488,0.2800135
E005,1,L002,0.34142342,0.40667515
E005,1,L003,0.33366345,0.27840569
E005,1,L004,0.36312184,0.2535556
E005,1,L005,0.40040718,0.2956159
E005,1,L006,0.32139207,0.34545153
E005,1,L007,0.30599291,0.20164129
E005,1,L008,0.40371983,0.43936808
E005,1,L011,0.42676044,0.41263186
E005,1,L012,0.44212597,0.35046519
E005,1,L013,0.40812197,0.24781514
E005,1,L014,0.5038205,0.43780962
E005,1,L015,0.51459141,0.40251889
E005,1,L016,0.24144796,0.18586875
E005,1,L017,0.34044888,0.2263968
E005,1,L018,0.33539081,0.31426225
E005,1,L021,0.31647744,0.23298682
E005,1,L022,0.34073532,0.19060869
E005,1,L023,0.38190368,0.3115925
E005,1,L024,0.29139735,0.31006255
E005,1,L025,0.34173513,0.37893335
E005,1,L026,0.27091204,0.2455962
E005,1,L027,0.3047091,0.33738342
E005,1,L028,0.30559317,0.33168832
E005,1,L031,0.33551957,0.28441589
E005,1,L032,0.28738138,0.24862162
E005,1,L033,0.37239116,0.23500063
E005,1,L034,0.42307055,0.2782091
E005,1,L035,0.39427845,0.31474965
E005,1,L036,0.37357724,0.23151226
E005,1,L037,0.32517102,0.24473062
E005,1,L038,0.27942851,0.39683661
E005,1,L041,0.38066714,0.3044455
E005,1,L042,0.2125194,0.31160198
E005,1,L043,0.32162116,0.29799611
E005,1,L044,0.35666815,0.30785954
E005,1,L045,0.24977038,0.1843273
E005,1,L046,0.3525425,0.39010285
E005,1,L047,0.32669458,0.34920538
E005,1,L048,0.3581808,0.32138813
E005,1,L051,0.36843231,0.33014901
E005,1,L052,0.34775602,0.19840212
E005,1,L053,0.36956476,0.3510704
E005,1,L054,0.39717989,0.31143822
E005,1,L055,0.34107879,0.3950313
E005,1,L056,0.37266329,0.32699834
E005,1,L057,0.31301654,0.30759371
E005,1,L058,0.38411998,0.36238702
E005,1,L061,0.40631215,0.40366987
E005,1,L062,0.30793857,0.2112613
E005,1,L063,0.36497413,0.25761022
E005,1,L064,0.4681397,0.47869608
E005,1,L065,0.51209051,0.43319753
E005,1,L066,0.29075677,0.28213439
E005,1,L067,0.47102288,0.35715443
E005,1,L068,0.44245129,0.34253922
E005,1,L071,0.33527398,0.38263701
E005,1,L072,0.23075395,0.2188395
E005,1,L073,0.24839536,0.2942255
E005,1,L074,0.24903158,0.30403825
E005,1,L075,0.29277078,0.28261728
E005,1,L076,0.36332984,0.35204266
E005,1,L077,0.36383781,0.37336407
E005,1,L078,0.33955293,0.35807363
E005,1,L081,0.29104352,0.20832899
E005,1,L082,0.32326011,0.17031571
E005,1,L083,0.26414851,0.31743721
E005,1,L084,0.26380047,0.22354891
E005,1,L085,0.27018383,0.35280314
E005,1,L086,0.28635343,0.32912395
E005,1,L087,0.24698699,0.23623218
E005,1,L088,0.30217143,0.34972404
E005,1,L091,0.59658291,0.53732529
E005,1,L092,0.42995141,0.50086987
E005,1,L093,0.32636975,0.24734874
E005,1,L094,0.33999187,0.3819476
E005,1,L095,0.38630343,0.39331135
E005,1,L096,0.42888227,0.46209443
E005,1,L097,0.40650078,0.4192488
E005,1,L098,0.30215945,0.37620671
E005,1,L101,0.35040064,0.41057573
E005,1,L102,0.34728856,0.32921261
E005,1,L103,0.4129965,0.34713433
E005,1,L104,0.36397308,0.25885769
E005,1,L105,0.29863973,0.31167263
E005,1,L106,0.35260359,0.32631324
E005,1,L107,0.51433535,0.35910134
E005,1,L108,0.31152914,0.33492304
E005,1,L111,0.26787351,0.25824533
E005,1,L112,0.36672583,0.28570141
E005,1,L113,0.36361463,0.36043585
E005,1,L114,0.35719222,0.33144461
E005,1,L115,0.2608118,0.22909112
E005,1,L116,0.34545725,0.27901364
E005,1,L117,0.4114009,0.33540664
E005,1,L118,0.37060998,0.3597834
E005,2,L001,0.35716361,0.2800135
E005,2,L002,0.38869444,0.40667515
E005,2,L003,0.39639166,0.27840569
E005,2,L004,0.42202501,0.2535556
E005,2,L005,0.41572514,0.2956159
E005,2,L006,0.35101937,0.34545153
E005,2,L007,0.29793383,0.20164129
E005,2,L008,0.4110046,0.43936808
E005,2,L011,0.38525882,0.41263186
E005,2,L012,0.43556516,0.35046519
E005,2,L013,0.40697286,0.24781514
E005,2,L014,0.47656872,0.43780962
E005,2,L015,0.46857855,0.40251889
E005,2,L016,0.30519099,0.18586875
E005,2,L017,0.32766237,0.2263968
E005,2,L018,0.31194127,0.31426225
E005,2,L021,0.37052337,0.23298682
E005,2,L022,0.26639652,0.19060869
E005,2,L023,0.36843553,0.3115925
E005,2,L024,0.33737106,0.31006255
E005,2,L025,0.3127425,0.37893335
E005,2,L026,0.21251184,0.2455962
E005,2,L027,0.33741771,0.33738342
E005,2,L028,0.2657139,0.33168832
E005,2,L031,0.30726945,0.28441589
E005,2,L032,0.26082668,0.24862162
E005,2,L033,0.33700458,0.23500063
E005,2,L034,0.35488915,0.2782091
E005,2,L035,0.39720378,0.31474965
E005,2,L036,0.31914538,0.23151226
E005,2,L037,0.3472036,0.24473062
E005,2,L038,0.33436535,0.39683661
E005,2,L041,0.45795025,0.3044455
E005,2,L042,0.23345089,0.31160198
E005,2,L043,0.24664915,0.29799611
E005,2,L044,0.35304048,0.30785954
E005,2,L045,0.29582488,0.1843273
E005,2,L046,0.37006707,0.39010285
E005,2,L047,0.3305306,0.34920538
E005,2,L048,0.35170867,0.32138813
E005,2,L051,0.34824956,0.33014901
E005,2,L052,0.39608491,0.19840212
E005,2,L053,0.34683329,0.3510704
E005,2,L054,0.38119971,0.31143822
E005,2,L055,0.47846763,0.3950313
E005,2,L056,0.35364128,0.32699834
E005,2,L057,0.31236851,0.30759371
E005,2,L058,0.36769889,0.36238702
E005,2,L061,0.44117067,0.40366987
E005,2,L062,0.3261827,0.2112613
E005,2,L063,0.36517263,0.25761022
E005,2,L064,0.43412217,0.47869608
E005,2,L065,0.48475969,0.43319753
E005,2,L066,0.26338315,0.28213439
E005,2,L067,0.47496179,0.35715443
E005,2,L068,0.48189795,0.34253922
E005,2,L071,0.27618354,0.38263701
E005,2,L072,0.28147064,0.2188395
E005,2,L073,0.2515993,0.2942255
E005,2,L074,0.31201179,0.30403825
E005,2,L075,0.24947005,0.28261728
E005,2,L076,0.42709149,0.35204266
E005,2,L077,0.36375924,0.37336407
E005,2,L078,0.43475141,0.35807363
E005,2,L081,0.36976821,0.20832899
E005,2,L082,0.24718144,0.17031571
E005,2,L083,0.34102591,0.31743721
E005,2,L084,0.25607906,0.22354891
E005,2,L085,0.31745215,0.35280314
E005,2,L086,0.23406476,0.32912395
E005,2,L087,0.22382502,0.23623218
E005,2,L088,0.4005249,0.34972404
E005,2,L091,0.52940651,0.53732529
E005,2,L092,0.42201839,0.50086987
E005,2,L093,0.36156196,0.24734874
E005,2,L094,0.4023091,0.3819476
E005,2,L095,0.45153535,0.39331135
E005,2,L096,0.44716958,0.46209443
E005,2,L097,0.44399144,0.4192488
E005,2,L098,0.32734036,0.37620671
E005,2,L101,0.35782278,0.41057573
E005,2,L102,0.39744904,0.32921261
E005,2,L103,0.38838153,0.34713433
E005,2,L104,0.31377221,0.25885769
E005,2,L105,0.34577096,0.31167263
E005,2,L106,0.39924599,0.32631324
E005,2,L107,0.52503402,0.35910134
E005,2,L108,0.33356378,0.33492304
E005,2,L111,0.23480252,0.25824533
E005,2,L112,0.4075406,0.28570141
E005,2,L113,0.34678817,0.36043585
E005,2,L114,0.34482833,0.33144461
E005,2,L115,0.2676773,0.22909112
E005,2,L116,0.29022154,0.27901364
E005,2,L117,0.38872532,0.33540664
E005,2,L118,0.44470949,0.3597834
E005,3,L001,0.38936154,0.2800135
E005,3,L002,0.39556272,0.40667515
E005,3,L003,0.37015367,0.27840569
E005,3,L004,0.38401894,0.2535556
E005,3,L005,0.42792712,0.2956159
E005,3,L006,0.37579479,0.34545153
E005,3,L007,0.24368928,0.20164129
E005,3,L008,0.45530667,0.43936808
E005,3,L011,0.41173867,0.41263186
E005,3,L012,0.48708478,0.35046519
E005,3,L013,0.34243151,0.24781514
E005,3,L014,0.42188149,0.43780962
E005,3,L015,0.51005806,0.40251889
E005,3,L016,0.30427116,0.18586875
E005,3,L017,0.25750277,0.2263968
E005,3,L018,0.35060598,0.31426225
E005,3,L021,0.33273982,0.23298682
E005,3,L022,0.27349448,0.19060869
E005,3,L023,0.26222704,0.3115925
E005,3,L024,0.32548667,0.31006255
E005,3,L025,0.25703684,0.37893335
E005,3,L026,0.15658524,0.2455962
E005,3,L027,0.32764894,0.33738342
E005,3,L028,0.35691825,0.33168832
E005,3,L031,0.24172961,0.28441589
E005,3,L032,0.25640927,0.24862162
E005,3,L033,0.21509437,0.23500063
E005,3,L034,0.31321118,0.2782091
E005,3,L035,0.42179266,0.31474965
E005,3,L036,0.29854204,0.23151226
E005,3,L037,0.31636069,0.24473062
E005,3,L038,0.31068956,0.39683661
E005,3,L041,0.35472816,0.3044455
E005,3,L042,0.20401001,0.31160198
E005,3,L043,0.28702783,0.29799611
E005,3,L044,0.25155211,0.30785954
E005,3,L045,0.27506816,0.1843273
E005,3,L046,0.29876378,0.39010285
E005,3,L047,0.28095493,0.34920538
E005,3,L048,0.33774385,0.32138813
E005,3,L051,0.44339249,0.33014901
E005,3,L052,0.31532021,0.19840212
E005,3,L053,0.39411013,0.3510704
E005,3,L054,0.42190466,0.31143822
E005,3,L055,0.41739532,0.3950313
E005,3,L056,0.42073083,0.32699834
E005,3,L057,0.3063959,0.30759371
E005,3,L058,0.48215689,0.36238702
E005,3,L061,0.41176464,0.40366987
E005,3,L062,0.32520943,0.2112613
E005,3,L063,0.3419248,0.25761022
E005,3,L064,0.43106976,0.47869608
E005,3,L065,0.46745349,0.43319753
E005,3,L066,0.2413148,0.28213439
E005,3,L067,0.38147463,0.35715443
E005,3,L068,0.45164722,0.34253922
E005,3,L071,0.28762276,0.38263701
E005,3,L072,0.27343515,0.2188395
E005,3,L073,0.28162853,0.2942255
E005,3,L074,0.24463245,0.30403825
E005,3,L075,0.28643566,0.28261728
E005,3,L076,0.41341964,0.35204266
E005,3,L077,0.41983783,0.37336407
E005,3,L078,0.36341546,0.35807363
E005,3,L081,0.27071291,0.20832899
E005,3,L082,0.17970972,0.17031571
E005,3,L083,0.30227757,0.31743721
E005,3,L084,0.2836157,0.22354891
E005,3,L085,0.26107612,0.35280314
E005,3,L086,0.17090141,0.32912395
E005,3,L087,0.19356512,0.23623218
E005,3,L088,0.36171743,0.34972404
E005,3,L091,0.53331896,0.53732529
E005,3,L092,0.40558481,0.50086987
E005,3,L093,0.2670213,0.24734874
E005,3,L094,0.3091738,0.3819476
E005,3,L095,0.34564791,0.39331135
E005,3,L096,0.42085768,0.46209443
E005,3,L097,0.38856671,0.4192488
E005,3,L098,0.25313941,0.37620671
E005,3,L101,0.36287112,0.41057573
E005,3,L102,0.39585843,0.32921261
E005,3,L103,0.39160348,0.34713433
E005,3,L104,0.32975671,0.25885769
E005,3,L105,0.34916749,0.31167263
E005,3,L106,0.38150538,0.32631324
E005,3,L107,0.47386124,0.35910134
E005,3,L108,0.2913406,0.33492304
E005,3,L111,0.17656348,0.25824533
E005,3,L112,0.28950042,0.28570141
E005,3,L113,0.3959684,0.36043585
E005,3,L114,0.29528015,0.33144461
E005,3,L115,0.24313203,0.22909112
E005,3,L116,0.2731773,0.27901364
E005,3,L117,0.32772774,0.33540664
E005,3,L118,0.41820884,0.3597834
E006,1,L001,0.24546373,0.24050818
E006,1,L002,0.23774477,0.28944454
E006,1,L003,0.36525365,0.33248477
E006,1,L004,0.29784957,0.21275454
E006,1,L005,0.35696781,0.27012855
E006,1,L006,0.51385911,0.37144627
E006,1,L007,0.19318028,0.22975537
E006,1,L008,0.29920943,0.26695859
E006,1,L011,0.35290629,0.35550565
E006,1,L012,0.40628134,0.26039774
E006,1,L013,0.45474482,0.16841825
E006,1,L014,0.39148575,0.21350784
E006,1,L015,0.34014576,0.33644418
E006,1,L016,0.51245794,0.50046725
E006,1,L017,0.33524228,0.28440996
E006,1,L018,0.28366678,0.32582313
E006,1,L021,0.24082877,0.14742114
E006,1,L022,0.27803891,0.29878379
E006,1,L023,0.44659681,0.35435937
E006,1,L024,0.32175669,0.24595881
E006,1,L025,0.25826409,0.33781978
E006,1,L026,0.30436778,0.29103261
E006,1,L027,0.31037938,0.17630822
E006,1,L028,0.36696221,0.29082172
E006,1,L031,0.34598965,0.23772843
E006,1,L032,0.32625428,0.23369275
E006,1,L033,0.2853771,0.25181854
E006,1,L034,0.37214938,0.28018443
E006,1,L035,0.35030128,0.15374061
E006,1,L036,0.29825934,0.19071143
E006,1,L037,0.35319789,0.25884357
E006,1,L038,0.3509617,0.31570701
E006,1,L041,0.19652488,0.3165239
E006,1,L042,0.11029761,0.21661353
E006,1,L043,0.19459475,0.20822839
E006,1,L044,0.2933716,0.27125494
E006,1,L045,0.52274526,0.29981392
E006,1,L046,0.26536486,0.1620901
E006,1,L047,0.32440748,0.2431073
E006,1,L048,0.27383348,0.27653317
E006,1,L051,0.28372081,0.30659581
E006,1,L052,0.27395134,0.25907194
E006,1,L053,0.17027345,0.31986061
E006,1,L054,0.33448664,0.16492082
E006,1,L055,0.46116804,0.31585709
E006,1,L056,0.20555532,0.31404333
E006,1,L057,0.25326688,0.28841225
E006,1,L058,0.33024407,0.35996706
E006,1,L061,0.3436558,0.21855326
E006,1,L062,0.28999206,0.3448123
E006,1,L063,0.20971662,0.22320396
E006,1,L064,0.29486415,0.21366835
E006,1,L065,0.30928976,0.19894651
E006,1,L066,0.20841047,0.21939872
E006,1,L067,0.29898621,0.30893593
E006,1,L068,0.32143415,0.28472659
E006,1,L071,0.18908335,0.32223135
E006,1,L072,0.25493671,0.22101459
E006,1,L073,0.20328899,0.23595763
E006,1,L074,0.26634039,0.17876671
E006,1,L075,0.22847533,0.25357429
E006,1,L076,0.25133513,0.36017487
E006,1,L077,0.34101725,0.18581834
E006,1,L078,0.30929738,0.15009996
E006,1,L081,0.3309522,0.24795237
E006,1,L082,0.28565128,0.19401567
E006,1,L083,0.29709702,0.25341262
E006,1,L084,0.23478458,0.13861895
E006,1,L085,0.39666288,0.24038359
E006,1,L086,0.11255376,0.14002108
E006,1,L087,0.24715297,0.28715731
E006,1,L088,0.34461888,0.39491428
E006,1,L091,0.22281852,0.25686015
E006,1,L092,0.19170579,0.20056051
E006,1,L093,0.23679069,0.25678507
E006,1,L094,0.24388554,0.32155862
E006,1,L095,0.26596431,0.29613696
E006,1,L096,0.20645615,0.23126516
E006,1,L097,0.27736768,0.1990926
E006,1,L098,0.29136127,0.19576634
E006,1,L101,0.35567906,0.35168678
E006,1,L102,0.29228005,0.20209788
E006,1,L103,0.26151642,0.18318903
E006,1,L104,0.38472684,0.1832057
E006,1,L105,0.30672353,0.37081305
E006,1,L106,0.33473785,0.28644329
E006,1,L107,0.23630438,0.19153446
E006,1,L108,0.30994847,0.39591184
E006,1,L111,0.12831858,0.1844128
E006,1,L112,0.25033317,0.22982798
E006,1,L113,0.39031617,0.2424827
E006,1,L114,0.18646823,0.2532959
E006,1,L115,0.19838213,0.2430564
E006,1,L116,0.25030785,0.22203773
E006,1,L117,0.15781629,0.190958
E006,1,L118,0.48164068,0.3802296
E006,2,L001,0.19050977,0.24050818
E006,2,L002,0.19067988,0.28944454
E006,2,L003,0.34316923,0.33248477
E006,2,L004,0.27693956,0.21275454
E006,2,L005,0.29949079,0.27012855
E006,2,L006,0.37290222,0.37144627
E006,2,L007,0.22723916,0.22975537
E006,2,L008,0.25855275,0.26695859
E006,2,L011,0.39175524,0.35550565
E006,2,L012,0.33968327,0.26039774
E006,2,L013,0.4662619,0.16841825
E006,2,L014,0.41722735,0.21350784
E006,2,L015,0.34578291,0.33644418
E006,2,L016,0.36171547,0.50046725
E006,2,L017,0.3597304,0.28440996
E006,2,L018,0.27602887,0.32582313
E006,2,L021,0.23576638,0.14742114
E006,2,L022,0.27037412,0.29878379
E006,2,L023,0.49999514,0.35435937
E006,2,L024,0.30258132,0.24595881
E006,2,L025,0.2656513,0.33781978
E006,2,L026,0.28327562,0.29103261
E006,2,L027,0.28846371,0.17630822
E006,2,L028,0.32632273,0.29082172
E006,2,L031,0.33005457,0.23772843
E006,2,L032,0.27864753,0.23369275
E006,2,L033,0.35229378,0.25181854
E006,2,L034,0.29428457,0.28018443
E006,2,L035,0.33102908,0.15374061
E006,2,L036,0.30080815,0.19071143
E006,2,L037,0.34635338,0.25884357
E006,2,L038,0.33488264,0.31570701
E006,2,L041,0.1676259,0.3165239
E006,2,L042,0.13277471,0.21661353
E006,2,L043,0.23045911,0.20822839
E006,2,L044,0.3363342,0.27125494
E006,2,L045,0.57768486,0.29981392
E006,2,L046,0.26009923,0.1620901
E006,2,L047,0.31334022,0.2431073
E006,2,L048,0.25825975,0.27653317
E006,2,L051,0.26965758,0.30659581
E006,2,L052,0.2422598,0.25907194
E006,2,L053,0.18645055,0.31986061
E006,2,L054,0.33469899,0.16492082
E006,2,L055,0.4089936,0.31585709
E006,2,L056,0.22010302,0.31404333
E006,2,L057,0.28271837,0.28841225
E006,2,L058,0.28632806,0.35996706
E006,2,L061,0.37152637,0.21855326
E006,2,L062,0.27139017,0.3448123
E006,2,L063,0.25191872,0.22320396
E006,2,L064,0.33366946,0.21366835
E006,2,L065,0.30797641,0.19894651
E006,2,L066,0.24429168,0.21939872
E006,2,L067,0.32308831,0.30893593
E006,2,L068,0.32965735,0.28472659
E006,2,L071,0.232131,0.32223135
E006,2,L072,0.27951637,0.22101459
E006,2,L073,0.18813762,0.23595763
E006,2,L074,0.26862206,0.17876671
E006,2,L075,0.2340853,0.25357429
E006,2,L076,0.26797298,0.36017487
E006,2,L077,0.29036875,0.18581834
E006,2,L078,0.32533056,0.15009996
E006,2,L081,0.38647702,0.24795237
E006,2,L082,0.3041824,0.19401567
E006,2,L083,0.29546427,0.25341262
E006,2,L084,0.17434735,0.13861895
E006,2,L085,0.41382638,0.24038359
E006,2,L086,0.14226863,0.14002108
E006,2,L087,0.26550367,0.28715731
E006,2,L088,0.30568348,0.39491428
E006,2,L091,0.26508198,0.25686015
E006,2,L092,0.25422542,0.20056051
E006,2,L093,0.2015901,0.25678507
E006,2,L094,0.23356996,0.32155862
E006,2,L095,0.27351796,0.29613696
E006,2,L096,0.20764062,0.23126516
E006,2,L097,0.31572602,0.1990926
E006,2,L098,0.3033611,0.19576634
E006,2,L101,0.27891359,0.35168678
E006,2,L102,0.27772582,0.20209788
E006,2,L103,0.263417,0.18318903
E006,2,L104,0.22341805,0.1832057
E006,2,L105,0.27283594,0.37081305
E006,2,L106,0.33429447,0.28644329
E006,2,L107,0.27205239,0.19153446
E006,2,L108,0.31318467,0.39591184
E006,2,L111,0.19351602,0.1844128
E006,2,L112,0.30028283,0.22982798
E006,2,L113,0.34896481,0.2424827
E006,2,L114,0.22798832,0.2532959
E006,2,L115,0.20145072,0.2430564
E006,2,L116,0.23400456,0.22203773
E006,2,L117,0.17533175,0.190958
E006,2,L118,0.51717882,0.3802296
E006,3,L001,0.19050977,0.24050818
E006,3,L002,0.19067988,0.28944454
E006,3,L003,0.34316923,0.33248477
E006,3,L004,0.27693956,0.21275454
E006,3,L005,0.29949079,0.27012855
E006,3,L006,0.37290222,0.37144627
E006,3,L007,0.22723916,0.22975537
E006,3,L008,0.25855275,0.26695859
E006,3,L011,0.39175524,0.35550565
E006,3,L012,0.33968327,0.26039774
E006,3,L013,0.4662619,0.16841825
E006,3,L014,0.41722735,0.21350784
E006,3,L015,0.34578291,0.33644418
E006,3,L016,0.36171547,0.50046725
E006,3,L017,0.3597304,0.28440996
E006,3,L018,0.27602887,0.32582313
E006,3,L021,0.23576638,0.14742114
E006,3,L022,0.27037412,0.29878379
E006,3,L023,0.49999514,0.35435937
E006,3,L024,0.30258132,0.24595881
E006,3,L025,0.2656513,0.33781978
E006,3,L026,0.28327562,0.29103261
E006,3,L027,0.28846371,0.17630822
E006,3,L028,0.32632273,0.29082172
E006,3,L031,0.33005457,0.23772843
E006,3,L032,0.27864753,0.23369275
E006,3,L033,0.35229378,0.25181854
E006,3,L034,0.29428457,0.28018443
E006,3,L035,0.33102908,0.15374061
E006,3,L036,0.30080815,0.19071143
E006,3,L037,0.34635338,0.25884357
E006,3,L038,0.33488264,0.31570701
E006,3,L041,0.1676259,0.3165239
E006,3,L042,0.13277471,0.21661353
E006,3,L043,0.23045911,0.20822839
E006,3,L044,0.3363342,0.27125494
E006,3,L045,0.57768486,0.29981392
E006,3,L046,0.26009923,0.1620901
E006,3,L047,0.31334022,0.2431073
E006,3,L048,0.25825975,0.27653317
E006,3,L051,0.26965758,0.30659581
E006,3,L052,0.2422598,0.25907194
E006,3,L053,0.18645055,0.31986061
E006,3,L054,0.33469899,0.16492082
E006,3,L055,0.4089936,0.31585709
E006,3,L056,0.22010302,0.31404333
E006,3,L057,0.28271837,0.28841225
E006,3,L058,0.28632806,0.35996706
E006,3,L061,0.37152637,0.21855326
E006,3,L062,0.27139017,0.3448123
E006,3,L063,0.25191872,0.22320396
E006,3,L064,0.33366946,0.21366835
E006,3,L065,0.30797641,0.19894651
E006,3,L066,0.24429168,0.21939872
E006,3,L067,0.32308831,0.30893593
E006,3,L068,0.32965735,0.28472659
E006,3,L071,0.232131,0.32223135
E006,3,L072,0.27951637,0.22101459
E006,3,L073,0.18813762,0.23595763
E006,3,L074,0.26862206,0.17876671
E006,3,L075,0.2340853,0.25357429
E006,3,L076,0.26797298,0.36017487
E006,3,L077,0.29036875,0.18581834
E006,3,L078,0.32533056,0.15009996
E006,3,L081,0.38647702,0.24795237
E006,3,L082,0.3041824,0.19401567
E006,3,L083,0.29546427,0.25341262
E006,3,L084,0.17434735,0.13861895
E006,3,L085,0.41382638,0.24038359
E006,3,L086,0.14226863,0.14002108
E006,3,L087,0.26550367,0.28715731
E006,3,L088,0.30568348,0.39491428
E006,3,L091,0.26508198,0.25686015
E006,3,L092,0.25422542,0.20056051
E006,3,L093,0.2015901,0.25678507
E006,3,L094,0.23356996,0.32155862
E006,3,L095,0.27351796,0.29613696
E006,3,L096,0.20764062,0.23126516
E006,3,L097,0.31572602,0.1990926
E006,3,L098,0.3033611,0.19576634
E006,3,L101,0.27891359,0.35168678
E006,3,L102,0.27772582,0.20209788
E006,3,L103,0.263417,0.18318903
E006,3,L104,0.22341805,0.1832057
E006,3,L105,0.27283594,0.37081305
E006,3,L106,0.33429447,0.28644329
E006,3,L107,0.27205239,0.19153446
E006,3,L108,0.31318467,0.39591184
E006,3,L111,0.19351602,0.1844128
E006,3,L112,0.30028283,0.22982798
E006,3,L113,0.34896481,0.2424827
E006,3,L114,0.22798832,0.2532959
E006,3,L115,0.20145072,0.2430564
E006,3,L116,0.23400456,0.22203773
E006,3,L117,0.17533175,0.190958
E006,3,L118,0.51717882,0.3802296
E007,1,L001,0.32333211,0.37024757
E007,1,L002,0.32508958,0.33010691
E007,1,L003,0.3233679,0.20873026
E007,1,L004,0.38736271,0.18501112
E007,1,L005,0.29331763,0.27271758
E007,1,L006,0.2675992,0.2298224
E007,1,L007,0.45468583,0.24118463
E007,1,L008,0.33941651,0.30422227
E007,1,L011,0.39939159,0.32099375
E007,1,L012,0.30253362,0.20215164
E007,1,L013,0.38652594,0.25906492
E007,1,L014,0.39265718,0.2466005
E007,1,L015,0.34838707,0.18238711
E007,1,L016,0.23022591,0.22341502
E007,1,L017,0.35826676,0.14729555
E007,1,L018,0.26775556,0.25417962
E007,1,L021,0.40369448,0.31164538
E007,1,L022,0.51940845,0.29381087
E007,1,L023,0.31079693,0.24738713
E007,1,L024,0.33190575,0.3487326
E007,1,L025,0.47340006,0.36706666
E007,1,L026,0.32991421,0.24704067
E007,1,L027,0.45949472,0.56870024
E007,1,L028,0.25416943,0.25895831
E007,1,L031,0.44350616,0.25350327
E007,1,L032,0.32489379,0.25924245
E007,1,L033,0.3602622,0.14706725
E007,1,L034,0.34683393,0.21297139
E007,1,L035,0.39213366,0.29129333
E007,1,L036,0.50606795,0.35588085
E007,1,L037,0.43884476,0.20125937
E007,1,L038,0.415295,0.25448325
E007,1,L041,0.26433015,0.21989034
E007,1,L042,0.31006044,0.24214921
E007,1,L043,0.41821603,0.3348693
E007,1,L044,0.25597301,0.18451362
E007,1,L045,0.34897708,0.21675792
E007,1,L046,0.29668017,0.22216099
E007,1,L047,0.27189203,0.30720721
E007,1,L048,0.34750259,0.21661027
E007,1,L051,0.26502397,0.23604553
E007,1,L052,0.26525653,0.15914271
E007,1,L053,0.31621533,0.27966652
E007,1,L054,0.39297607,0.23857195
E007,1,L055,0.23179811,0.20523881
E007,1,L056,0.18030478,0.23472167
E007,1,L057,0.34374867,0.33655209
E007,1,L058,0.33951193,0.19968539
E007,1,L061,0.33339675,0.24475034
E007,1,L062,0.3953788,0.24784342
E007,1,L063,0.376381,0.17514974
E007,1,L064,0.35893606,0.38212516
E007,1,L065,0.3421539,0.35071137
E007,1,L066,0.4648968,0.229488
E007,1,L067,0.24166597,0.24000765
E007,1,L068,0.33221116,0.23809162
E007,1,L071,0.55672482,0.36771435
E007,1,L072,0.32102382,0.18371627
E007,1,L073,0.25071791,0.20580512
E007,1,L074,0.28725626,0.24438715
E007,1,L075,0.38608724,0.2544096
E007,1,L076,0.48250584,0.24737956
E007,1,L077,0.31312742,0.21040933
E007,1,L078,0.31763685,0.29313923
E007,1,L081,0.39353186,0.15566975
E007,1,L082,0.45637451,0.25611324
E007,1,L083,0.25085823,0.2861142
E007,1,L084,0.30834263,0.20166757
E007,1,L085,0.35773398,0.20558086
E007,1,L086,0.26244269,0.30061032
E007,1,L087,0.23794796,0.24769985
E007,1,L088,0.32854891,0.25849429
E007,1,L091,0.3480431,0.33972785
E007,1,L092,0.32675889,0.33469689
E007,1,L093,0.30171967,0.17467661
E007,1,L094,0.26922495,0.21033121
E007,1,L095,0.44527926,0.38284167
E007,1,L096,0.25486245,0.36897559
E007,1,L097,0.36322192,0.25676823
E007,1,L098,0.30096009,0.27555814
E007,1,L101,0.40180508,0.29024951
E007,1,L102,0.34145367,0.31451078
E007,1,L103,0.27295703,0.30828448
E007,1,L104,0.15804219,0.1926619
E007,1,L105,0.3683611,0.2183418
E007,1,L106,0.38641057,0.31659024
E007,1,L107,0.26899145,0.27978596
E007,1,L108,0.30806965,0.23852025
E007,1,L111,0.25864774,0.22440369
E007,1,L112,0.31411865,0.25347785
E007,1,L113,0.3078697,0.2222399
E007,1,L114,0.41278891,0.28056784
E007,1,L115,0.35137343,0.21758643
E007,1,L116,0.36240857,0.2665195
E007,1,L117,0.30095818,0.19182314
E007,1,L118,0.37763033,0.27040234
E007,2,L001,0.32677485,0.37024757
E007,2,L002,0.28437712,0.33010691
E007,2,L003,0.2919983,0.20873026
E007,2,L004,0.38045675,0.18501112
E007,2,L005,0.30818411,0.27271758
E007,2,L006,0.31792399,0.2298224
E007,2,L007,0.40088851,0.24118463
E007,2,L008,0.33989811,0.30422227
E007,2,L011,0.44283809,0.32099375
E007,2,L012,0.35503925,0.20215164
E007,2,L013,0.3494655,0.25906492
E007,2,L014,0.43994851,0.2466005
E007,2,L015,0.40665503,0.18238711
E007,2,L016,0.27324034,0.22341502
E007,2,L017,0.32357925,0.14729555
E007,2,L018,0.22112474,0.25417962
E007,2,L021,0.35555741,0.31164538
E007,2,L022,0.45749242,0.29381087
E007,2,L023,0.35067331,0.24738713
E007,2,L024,0.32687631,0.3487326
E007,2,L025,0.43486769,0.36706666
E007,2,L026,0.32265857,0.24704067
E007,2,L027,0.45997902,0.56870024
E007,2,L028,0.20365075,0.25895831
E007,2,L031,0.45234531,0.25350327
E007,2,L032,0.31439066,0.25924245
E007,2,L033,0.36226873,0.14706725
E007,2,L034,0.34466724,0.21297139
E007,2,L035,0.4264388,0.29129333
E007,2,L036,0.510461,0.35588085
E007,2,L037,0.40883739,0.20125937
E007,2,L038,0.37397528,0.25448325
E007,2,L041,0.34966215,0.21989034
E007,2,L042,0.29769293,0.24214921
E007,2,L043,0.41788196,0.3348693
E007,2,L044,0.23162334,0.18451362
E007,2,L045,0.33975758,0.21675792
E007,2,L046,0.32918238,0.22216099
E007,2,L047,0.3132986,0.30720721
E007,2,L048,0.38162462,0.21661027
E007,2,L051,0.27539031,0.23604553
E007,2,L052,0.28746,0.15914271
E007,2,L053,0.37740156,0.27966652
E007,2,L054,0.41946325,0.23857195
E007,2,L055,0.2390644,0.20523881
E007,2,L056,0.1988578,0.23472167
E007,2,L057,0.34070307,0.33655209
E007,2,L058,0.35538539,0.19968539
E007,2,L061,0.35793009,0.24475034
E007,2,L062,0.4119656,0.24784342
E007,2,L063,0.40413995,0.17514974
E007,2,L064,0.37155377,0.38212516
E007,2,L065,0.38245057,0.35071137
E007,2,L066,0.41028421,0.229488
E007,2,L067,0.26935902,0.24000765
E007,2,L068,0.33655968,0.23809162
E007,2,L071,0.58048859,0.36771435
E007,2,L072,0.36048217,0.18371627
E007,2,L073,0.23715687,0.20580512
E007,2,L074,0.32326993,0.24438715
E007,2,L075,0.36646219,0.2544096
E007,2,L076,0.46465665,0.24737956
E007,2,L077,0.35049193,0.21040933
E007,2,L078,0.36145528,0.29313923
E007,2,L081,0.33068767,0.15566975
E007,2,L082,0.42840154,0.25611324
E007,2,L083,0.24572079,0.2861142
E007,2,L084,0.31710742,0.20166757
E007,2,L085,0.38010945,0.20558086
E007,2,L086,0.28670925,0.30061032
E007,2,L087,0.30063786,0.24769985
E007,2,L088,0.36369202,0.25849429
E007,2,L091,0.49409253,0.33972785
E007,2,L092,0.35178392,0.33469689
E007,2,L093,0.36025361,0.17467661
E007,2,L094,0.3613129,0.21033121
E007,2,L095,0.45618351,0.38284167
E007,2,L096,0.33461391,0.36897559
E007,2,L097,0.39832246,0.25676823
E007,2,L098,0.32690735,0.27555814
E007,2,L101,0.40887482,0.29024951
E007,2,L102,0.35021739,0.31451078
E007,2,L103,0.35899101,0.30828448
E007,2,L104,0.26647172,0.1926619
E007,2,L105,0.41629404,0.2183418
E007,2,L106,0.36799294,0.31659024
E007,2,L107,0.33370109,0.27978596
E007,2,L108,0.28822493,0.23852025
E007,2,L111,0.26507535,0.22440369
E007,2,L112,0.36405079,0.25347785
E007,2,L113,0.3342198,0.2222399
E007,2,L114,0.4115887,0.28056784
E007,2,L115,0.37555221,0.21758643
E007,2,L116,0.41612245,0.2665195
E007,2,L117,0.38837319,0.19182314
E007,2,L118,0.35472948,0.27040234
E007,3,L001,0.32677485,0.37024757
E007,3,L002,0.28437712,0.33010691
E007,3,L003,0.2919983,0.20873026
E007,3,L004,0.38045675,0.18501112
E007,3,L005,0.30818411,0.27271758
E007,3,L006,0.31792399,0.2298224
E007,3,L007,0.40088851,0.24118463
E007,3,L008,0.33989811,0.30422227
E007,3,L011,0.44283809,0.32099375
E007,3,L012,0.35503925,0.20215164
E007,3,L013,0.3494655,0.25906492
E007,3,L014,0.43994851,0.2466005
E007,3,L015,0.40665503,0.18238711
E007,3,L016,0.27324034,0.22341502
E007,3,L017,0.32357925,0.14729555
E007,3,L018,0.22112474,0.25417962
E007,3,L021,0.35555741,0.31164538
E007,3,L022,0.45749242,0.29381087
E007,3,L023,0.35067331,0.24738713
E007,3,L024,0.32687631,0.3487326
E007,3,L025,0.43486769,0.36706666
E007,3,L026,0.32265857,0.24704067
E007,3,L027,0.45997902,0.56870024
E007,3,L028,0.20365075,0.25895831
E007,3,L031,0.45234531,0.25350327
E007,3,L032,0.31439066,0.25924245
E007,3,L033,0.36226873,0.14706725
E007,3,L034,0.34466724,0.21297139
E007,3,L035,0.4264388,0.29129333
E007,3,L036,0.510461,0.35588085
E007,3,L037,0.40883739,0.20125937
E007,3,L038,0.37397528,0.25448325
E007,3,L041,0.34966215,0.21989034
E007,3,L042,0.29769293,0.24214921
E007,3,L043,0.41788196,0.3348693
E007,3,L044,0.23162334,0.18451362
E007,3,L045,0.33975758,0.21675792
E007,3,L046,0.32918238,0.22216099
E007,3,L047,0.3132986,0.30720721
E007,3,L048,0.38162462,0.21661027
E007,3,L051,0.27539031,0.23604553
E007,3,L052,0.28746,0.15914271
E007,3,L053,0.37740156,0.27966652
E007,3,L054,0.41946325,0.23857195
E007,3,L055,0.2390644,0.20523881
E007,3,L056,0.1988578,0.23472167
E007,3,L057,0.34070307,0.33655209
E007,3,L058,0.35538539,0.19968539
E007,3,L061,0.35793009,0.24475034
E007,3,L062,0.4119656,0.24784342
E007,3,L063,0.40413995,0.17514974
E007,3,L064,0.37155377,0.38212516
E007,3,L065,0.38245057,0.35071137
E007,3,L066,0.41028421,0.229488
E007,3,L067,0.26935902,0.24000765
E007,3,L068,0.33655968,0.23809162
E007,3,L071,0.58048859,0.36771435
E007,3,L072,0.36048217,0.18371627
E007,3,L073,0.23715687,0.20580512
E007,3,L074,0.32326993,0.24438715
E007,3,L075,0.36646219,0.2544096
E007,3,L076,0.46465665,0.24737956
E007,3,L077,0.35049193,0.21040933
E007,3,L078,0.36145528,0.29313923
E007,3,L081,0.33068767,0.15566975
E007,3,L082,0.42840154,0.25611324
E007,3,L083,0.24572079,0.2861142
E007,3,L084,0.31710742,0.20166757
E007,3,L085,0.38010945,0.20558086
E007,3,L086,0.28670925,0.30061032
E007,3,L087,0.30063786,0.24769985
E007,3,L088,0.36369202,0.25849429
E007,3,L091,0.49409253,0.33972785
E007,3,L092,0.35178392,0.33469689
E007,3,L093,0.36025361,0.17467661
E007,3,L094,0.3613129,0.21033121
E007,3,L095,0.45618351,0.38284167
E007,3,L096,0.33461391,0.36897559
E007,3,L097,0.39832246,0.25676823
E007,3,L098,0.32690735,0.27555814
E007,3,L101,0.40887482,0.29024951
E007,3,L102,0.35021739,0.31451078
E007,3,L103,0.35899101,0.30828448
E007,3,L104,0.26647172,0.1926619
E007,3,L105,0.41629404,0.2183418
E007,3,L106,0.36799294,0.31659024
E007,3,L107,0.33370109,0.27978596
E007,3,L108,0.28822493,0.23852025
E007,3,L111,0.26507535,0.22440369
E007,3,L112,0.36405079,0.25347785
E007,3,L113,0.3342198,0.2222399
E007,3,L114,0.4115887,0.28056784
E007,3,L115,0.37555221,0.21758643
E007,3,L116,0.41612245,0.2665195
E007,3,L117,0.38837319,0.19182314
E007,3,L118,0.35472948,0.27040234
E008,1,L001,0.29564306,0.39770786
E008,1,L002,0.3220562,0.29755107
E008,1,L003,0.26451806,0.28667751
E008,1,L004,0.30673297,0.1391431
E008,1,L005,0.37511782,0.35630609
E008,1,L006,0.27145391,0.2297444
E008,1,L007,0.3734966,0.23807794
E008,1,L008,0.36424302,0.36569166
E008,1,L011,0.41337898,0.25807163
E008,1,L012,0.40792022,0.29280098
E008,1,L013,0.38374507,0.21822541
E008,1,L014,0.38169861,0.30023078
E008,1,L015,0.32639623,0.20259841
E008,1,L016,0.24542129,0.25330877
E008,1,L017,0.27310189,0.06153126
E008,1,L018,0.28433867,0.35140281
E008,1,L021,0.38148157,0.4740521
E008,1,L022,0.25267102,0.29459278
E008,1,L023,0.30891417,0.28799702
E008,1,L024,0.45418066,0.33264434
E008,1,L025,0.4166086,0.55231978
E008,1,L026,0.2418478,0.19218296
E008,1,L027,0.16644849,0.37421722
E008,1,L028,0.32990233,0.30886863
E008,1,L031,0.26562134,0.20835921
E008,1,L032,0.38517665,0.37028181
E008,1,L033,0.35149098,0.18664997
E008,1,L034,0.29147418,0.1992703
E008,1,L035,0.30786259,0.34040477
E008,1,L036,0.35204406,0.3780105
E008,1,L037,0.27310545,0.16383931
E008,1,L038,0.28896644,0.30811318
E008,1,L041,0.25848066,0.19849782
E008,1,L042,0.3761073,0.28427893
E008,1,L043,0.35601578,0.36568795
E008,1,L044,0.31524459,0.16474401
E008,1,L045,0.39046836,0.23335321
E008,1,L046,0.3406792,0.26546393
E008,1,L047,0.4189429,0.35299897
E008,1,L048,0.28373914,0.22725919
E008,1,L051,0.3346847,0.25031777
E008,1,L052,0.22174743,0.13677184
E008,1,L053,0.29999738,0.32230752
E008,1,L054,0.36979026,0.34595562
E008,1,L055,0.22828271,0.20077851
E008,1,L056,0.33716685,0.2740572
E008,1,L057,0.21954623,0.38995899
E008,1,L058,0.32984499,0.23148198
E008,1,L061,0.32064624,0.1939889
E008,1,L062,0.32551836,0.27534717
E008,1,L063,0.1968629,0.18946786
E008,1,L064,0.46620368,0.41759224
E008,1,L065,0.34091981,0.27007079
E008,1,L066,0.31632684,0.26467686
E008,1,L067,0.3822376,0.18394697
E008,1,L068,0.3969801,0.18920642
E008,1,L071,0.23786665,0.40422929
E008,1,L072,0.25608987,0.22900576
E008,1,L073,0.27286542,0.1701746
E008,1,L074,0.22728405,0.22819536
E008,1,L075,0.25966305,0.28224616
E008,1,L076,0.31245259,0.26043189
E008,1,L077,0.22568048,0.25795504
E008,1,L078,0.29187112,0.32156805
E008,1,L081,0.36614295,0.29008495
E008,1,L082,0.31358302,0.35274282
E008,1,L083,0.28325019,0.38062695
E008,1,L084,0.41653927,0.32779478
E008,1,L085,0.25914338,0.21286121
E008,1,L086,0.23626181,0.33128955
E008,1,L087,0.32491257,0.36299792
E008,1,L088,0.24581811,0.23506883
E008,1,L091,0.2473614,0.28058664
E008,1,L092,0.37228265,0.33288772
E008,1,L093,0.19857705,0.19608114
E008,1,L094,0.21809777,0.17712623
E008,1,L095,0.42444493,0.3674359
E008,1,L096,0.29568805,0.407234
E008,1,L097,0.32247108,0.27479851
E008,1,L098,0.22307243,0.188348
E008,1,L101,0.30915702,0.34201367
E008,1,L102,0.31903006,0.34589725
E008,1,L103,0.3817943,0.30597087
E008,1,L104,0.25876967,0.25479897
E008,1,L105,0.31609193,0.24528589
E008,1,L106,0.32804025,0.35837177
E008,1,L107,0.3368952,0.3685458
E008,1,L108,0.26339812,0.2289908
E008,1,L111,0.20229051,0.19059035
E008,1,L112,0.35279501,0.1773424
E008,1,L113,0.34737997,0.12217237
E008,1,L114,0.3238647,0.25946606
E008,1,L115,0.29570815,0.27294521
E008,1,L116,0.28029294,0.23658165
E008,1,L117,0.2037601,0.1790686
E008,1,L118,0.33460876,0.21777033
E008,2,L001,0.34765611,0.39770786
E008,2,L002,0.31715438,0.29755107
E008,2,L003,0.28522641,0.28667751
E008,2,L004,0.26042049,0.1391431
E008,2,L005,0.36598574,0.35630609
E008,2,L006,0.27492481,0.2297444
E008,2,L007,0.39357086,0.23807794
E008,2,L008,0.38850766,0.36569166
E008,2,L011,0.37709285,0.25807163
E008,2,L012,0.37878676,0.29280098
E008,2,L013,0.34860873,0.21822541
E008,2,L014,0.3661885,0.30023078
E008,2,L015,0.37692887,0.20259841
E008,2,L016,0.22623883,0.25330877
E008,2,L017,0.22231203,0.06153126
E008,2,L018,0.34415179,0.35140281
E008,2,L021,0.44701685,0.4740521
E008,2,L022,0.28464911,0.29459278
E008,2,L023,0.28976425,0.28799702
E008,2,L024,0.34531962,0.33264434
E008,2,L025,0.52608451,0.55231978
E008,2,L026,0.24234224,0.19218296
E008,2,L027,0.22621638,0.37421722
E008,2,L028,0.30522658,0.30886863
E008,2,L031,0.26090241,0.20835921
E008,2,L032,0.42242569,0.37028181
E008,2,L033,0.29506479,0.18664997
E008,2,L034,0.32683112,0.1992703
E008,2,L035,0.29307023,0.34040477
E008,2,L036,0.34032177,0.3780105
E008,2,L037,0.24749728,0.16383931
E008,2,L038,0.24419513,0.30811318
E008,2,L041,0.25732933,0.19849782
E008,2,L042,0.27496572,0.28427893
E008,2,L043,0.32444529,0.36568795
E008,2,L044,0.24012925,0.16474401
E008,2,L045,0.31022268,0.23335321
E008,2,L046,0.27498432,0.26546393
E008,2,L047,0.38145323,0.35299897
E008,2,L048,0.3388191,0.22725919
E008,2,L051,0.24954866,0.25031777
E008,2,L052,0.27662722,0.13677184
E008,2,L053,0.23242079,0.32230752
E008,2,L054,0.32346591,0.34595562
E008,2,L055,0.22691781,0.20077851
E008,2,L056,0.23359053,0.2740572
E008,2,L057,0.27706007,0.38995899
E008,2,L058,0.24227393,0.23148198
E008,2,L061,0.30441384,0.1939889
E008,2,L062,0.32081184,0.27534717
E008,2,L063,0.23538538,0.18946786
E008,2,L064,0.36254764,0.41759224
E008,2,L065,0.34277726,0.27007079
E008,2,L066,0.29556962,0.26467686
E008,2,L067,0.37492799,0.18394697
E008,2,L068,0.3167351,0.18920642
E008,2,L071,0.30591067,0.40422929
E008,2,L072,0.23477086,0.22900576
E008,2,L073,0.19570958,0.1701746
E008,2,L074,0.22656358,0.22819536
E008,2,L075,0.29052412,0.28224616
E008,2,L076,0.27981919,0.26043189
E008,2,L077,0.28895595,0.25795504
E008,2,L078,0.34059086,0.32156805
E008,2,L081,0.34363503,0.29008495
E008,2,L082,0.35998254,0.35274282
E008,2,L083,0.32229436,0.38062695
E008,2,L084,0.4317141,0.32779478
E008,2,L085,0.29835042,0.21286121
E008,2,L086,0.29663344,0.33128955
E008,2,L087,0.3380714,0.36299792
E008,2,L088,0.27399261,0.23506883
E008,2,L091,0.33171694,0.28058664
E008,2,L092,0.39446147,0.33288772
E008,2,L093,0.17598421,0.19608114
E008,2,L094,0.19780451,0.17712623
E008,2,L095,0.39972404,0.3674359
E008,2,L096,0.26488258,0.407234
E008,2,L097,0.37166046,0.27479851
E008,2,L098,0.18110942,0.188348
E008,2,L101,0.42650536,0.34201367
E008,2,L102,0.31362887,0.34589725
E008,2,L103,0.4387918,0.30597087
E008,2,L104,0.30308924,0.25479897
E008,2,L105,0.30317499,0.24528589
E008,2,L106,0.35893432,0.35837177
E008,2,L107,0.49121787,0.3685458
E008,2,L108,0.2300544,0.2289908
E008,2,L111,0.1892595,0.19059035
E008,2,L112,0.36225252,0.1773424
E008,2,L113,0.34099213,0.12217237
E008,2,L114,0.34643888,0.25946606
E008,2,L115,0.21184197,0.27294521
E008,2,L116,0.33805955,0.23658165
E008,2,L117,0.34621458,0.1790686
E008,2,L118,0.28773572,0.21777033
E008,3,L001,0.22864872,0.39770786
E008,3,L002,0.3029185,0.29755107
E008,3,L003,0.29725041,0.28667751
E008,3,L004,0.26064374,0.1391431
E008,3,L005,0.32654533,0.35630609
E008,3,L006,0.24838636,0.2297444
E008,3,L007,0.35176006,0.23807794
E008,3,L008,0.35289298,0.36569166
E008,3,L011,0.37004549,0.25807163
E008,3,L012,0.39624173,0.29280098
E008,3,L013,0.44163422,0.21822541
E008,3,L014,0.35312194,0.30023078
E008,3,L015,0.29987228,0.20259841
E008,3,L016,0.25190091,0.25330877
E008,3,L017,0.29781788,0.06153126
E008,3,L018,0.33622672,0.35140281
E008,3,L021,0.37658753,0.4740521
E008,3,L022,0.28611158,0.29459278
E008,3,L023,0.31768352,0.28799702
E008,3,L024,0.33487179,0.33264434
E008,3,L025,0.42309622,0.55231978
E008,3,L026,0.27495281,0.19218296
E008,3,L027,0.15259961,0.37421722
E008,3,L028,0.33858796,0.30886863
E008,3,L031,0.26166527,0.20835921
E008,3,L032,0.40331714,0.37028181
E008,3,L033,0.35731025,0.18664997
E008,3,L034,0.34341012,0.1992703
E008,3,L035,0.24855838,0.34040477
E008,3,L036,0.31629043,0.3780105
E008,3,L037,0.24873249,0.16383931
E008,3,L038,0.2300106,0.30811318
E008,3,L041,0.2454118,0.19849782
E008,3,L042,0.28466443,0.28427893
E008,3,L043,0.32016826,0.36568795
E008,3,L044,0.31202376,0.16474401
E008,3,L045,0.3498486,0.23335321
E008,3,L046,0.29393224,0.26546393
E008,3,L047,0.33687326,0.35299897
E008,3,L048,0.32249344,0.22725919
E008,3,L051,0.2539665,0.25031777
E008,3,L052,0.29394007,0.13677184
E008,3,L053,0.21885606,0.32230752
E008,3,L054,0.38836877,0.34595562
E008,3,L055,0.27632331,0.20077851
E008,3,L056,0.25363394,0.2740572
E008,3,L057,0.2468385,0.38995899
E008,3,L058,0.32576651,0.23148198
E008,3,L061,0.3319401,0.1939889
E008,3,L062,0.29953208,0.27534717
E008,3,L063,0.17101945,0.18946786
E008,3,L064,0.37279081,0.41759224
E008,3,L065,0.30843197,0.27007079
E008,3,L066,0.25505408,0.26467686
E008,3,L067,0.38194737,0.18394697
E008,3,L068,0.31132196,0.18920642
E008,3,L071,0.20242762,0.40422929
E008,3,L072,0.25401495,0.22900576
E008,3,L073,0.22072339,0.1701746
E008,3,L074,0.27408898,0.22819536
E008,3,L075,0.26833295,0.28224616
E008,3,L076,0.21700798,0.26043189
E008,3,L077,0.21511778,0.25795504
E008,3,L078,0.32928815,0.32156805
E008,3,L081,0.35393417,0.29008495
E008,3,L082,0.4420239,0.35274282
E008,3,L083,0.2884896,0.38062695
E008,3,L084,0.34420911,0.32779478
E008,3,L085,0.33602326,0.21286121
E008,3,L086,0.26095259,0.33128955
E008,3,L087,0.35050584,0.36299792
E008,3,L088,0.2925643,0.23506883
E008,3,L091,0.20415396,0.28058664
E008,3,L092,0.30676422,0.33288772
E008,3,L093,0.13791892,0.19608114
E008,3,L094,0.16817238,0.17712623
E008,3,L095,0.38680392,0.3674359
E008,3,L096,0.24695215,0.407234
E008,3,L097,0.3779407,0.27479851
E008,3,L098,0.21051178,0.188348
E008,3,L101,0.32604128,0.34201367
E008,3,L102,0.25352679,0.34589725
E008,3,L103,0.29903261,0.30597087
E008,3,L104,0.26944031,0.25479897
E008,3,L105,0.26514275,0.24528589
E008,3,L106,0.37932345,0.35837177
E008,3,L107,0.30889192,0.3685458
E008,3,L108,0.24046107,0.2289908
E008,3,L111,0.23607015,0.19059035
E008,3,L112,0.4646511,0.1773424
E008,3,L113,0.34060829,0.12217237
E008,3,L114,0.36280236,0.25946606
E008,3,L115,0.22637722,0.27294521
E008,3,L116,0.34795989,0.23658165
E008,3,L117,0.19349375,0.1790686
E008,3,L118,0.32852918,0.21777033
E009,1,L001,0.34798313,0.4036818
E009,1,L002,0.26544953,0.19038574
E009,1,L003,0.31224925,0.17392638
E009,1,L004,0.28938382,0.29267817
E009,1,L005,0.29650444,0.20640741
E009,1,L006,0.49602613,0.4437996
E009,1,L007,0.23136215,0.19331938
E009,1,L008,0.36142781,0.24705805
E009,1,L011,0.27908666,0.24366222
E009,1,L012,0.36847345,0.28077026
E009,1,L013,0.34007652,0.36683333
E009,1,L014,0.30290173,0.17921211
E009,1,L015,0.31787031,0.24623835
E009,1,L016,0.33989508,0.1890142
E009,1,L017,0.28474266,0.28818489
E009,1,L018,0.22780264,0.30431002
E009,1,L021,0.28057738,0.17333216
E009,1,L022,0.46257834,0.31915377
E009,1,L023,0.33552297,0.21952937
E009,1,L024,0.32098938,0.2815881
E009,1,L025,0.37157204,0.1906076
E009,1,L026,0.50302443,0.58890112
E009,1,L027,0.30448129,0.20560024
E009,1,L028,0.244257,0.28474413
E009,1,L031,0.48412722,0.42750257
E009,1,L032,0.27912353,0.29918643
E009,1,L033,0.30152327,0.3043635
E009,1,L034,0.45854304,0.18616093
E009,1,L035,0.43605491,0.26453345
E009,1,L036,0.57557845,0.35841569
E009,1,L037,0.39449566,0.26979875
E009,1,L038,0.35608578,0.28158266
E009,1,L041,0.20097125,0.27695323
E009,1,L042,0.14652482,0.20779551
E009,1,L043,0.19107889,0.16655805
E009,1,L044,0.17799544,0.15092402
E009,1,L045,0.45764067,0.33597565
E009,1,L046,0.18242453,0.11158369
E009,1,L047,0.27074844,0.3152662
E009,1,L048,0.24325833,0.19866312
E009,1,L051,0.26291361,0.28860639
E009,1,L052,0.31671276,0.16962965
E009,1,L053,0.13614627,0.29288483
E009,1,L054,0.20121519,0.094289
E009,1,L055,0.34319037,0.22298249
E009,1,L056,0.15185739,0.17113777
E009,1,L057,0.23313142,0.24016598
E009,1,L058,0.21515629,0.28526419
E009,1,L061,0.25998377,0.16661639
E009,1,L062,0.37512318,0.31424834
E009,1,L063,0.24603184,0.14380258
E009,1,L064,0.22299769,0.1485954
E009,1,L065,0.26493605,0.24516789
E009,1,L066,0.29063314,0.2518367
E009,1,L067,0.24090868,0.21052731
E009,1,L068,0.30788426,0.18231301
E009,1,L071,0.283678,0.27814241
E009,1,L072,0.2609957,0.17108948
E009,1,L073,0.21195728,0.19455592
E009,1,L074,0.33972397,0.19570378
E009,1,L075,0.25688965,0.22582745
E009,1,L076,0.29113329,0.17026602
E009,1,L077,0.38316585,0.2444928
E009,1,L078,0.33223867,0.27213426
E009,1,L081,0.29560253,0.19658917
E009,1,L082,0.33523195,0.24006919
E009,1,L083,0.26771925,0.32081428
E009,1,L084,0.25598684,0.18434541
E009,1,L085,0.34581973,0.22448375
E009,1,L086,0.09944708,0.23716413
E009,1,L087,0.22647748,0.21873823
E009,1,L088,0.30998861,0.13951191
E009,1,L091,0.20786586,0.16153271
E009,1,L092,0.1871535,0.16861428
E009,1,L093,0.26435599,0.2050758
E009,1,L094,0.17686698,0.11893604
E009,1,L095,0.24984948,0.26861105
E009,1,L096,0.1865567,0.28299634
E009,1,L097,0.26963535,0.23024924
E009,1,L098,0.22523243,0.21390067
E009,1,L101,0.34627147,0.25138479
E009,1,L102,0.33587589,0.15566923
E009,1,L103,0.26189285,0.2043737
E009,1,L104,0.27584341,0.21699406
E009,1,L105,0.34604258,0.22476932
E009,1,L106,0.28145177,0.20490601
E009,1,L107,0.1900671,0.16231175
E009,1,L108,0.28645116,0.24196189
E009,1,L111,0.11570474,0.14416618
E009,1,L112,0.19231499,0.18277022
E009,1,L113,0.33552556,0.1474536
E009,1,L114,0.20496397,0.13780724
E009,1,L115,0.20325929,0.24851653
E009,1,L116,0.27826839,0.26120198
E009,1,L117,0.21654763,0.16861478
E009,1,L118,0.3409979,0.27737408
E009,2,L001,0.27064868,0.4036818
E009,2,L002,0.22014928,0.19038574
E009,2,L003,0.27431645,0.17392638
E009,2,L004,0.26773984,0.29267817
E009,2,L005,0.33483004,0.20640741
E009,2,L006,0.36216497,0.4437996
E009,2,L007,0.17506268,0.19331938
E009,2,L008,0.29922543,0.24705805
E009,2,L011,0.25704511,0.24366222
E009,2,L012,0.33787507,0.28077026
E009,2,L013,0.28701204,0.36683333
E009,2,L014,0.27437051,0.17921211
E009,2,L015,0.30860921,0.24623835
E009,2,L016,0.41246515,0.1890142
E009,2,L017,0.27447459,0.28818489
E009,2,L018,0.25038687,0.30431002
E009,2,L021,0.23992605,0.17333216
E009,2,L022,0.3603656,0.31915377
E009,2,L023,0.30635605,0.21952937
E009,2,L024,0.35666183,0.2815881
E009,2,L025,0.32694943,0.1906076
E009,2,L026,0.41759813,0.58890112
E009,2,L027,0.23282316,0.20560024
E009,2,L028,0.26825802,0.28474413
E009,2,L031,0.37352142,0.42750257
E009,2,L032,0.24513205,0.29918643
E009,2,L033,0.26347299,0.3043635
E009,2,L034,0.47160783,0.18616093
E009,2,L035,0.39028365,0.26453345
E009,2,L036,0.45131463,0.35841569
E009,2,L037,0.36050666,0.26979875
E009,2,L038,0.2907986,0.28158266
E009,2,L041,0.15039774,0.27695323
E009,2,L042,0.17182907,0.20779551
E009,2,L043,0.26332711,0.16655805
E009,2,L044,0.17106371,0.15092402
E009,2,L045,0.42657435,0.33597565
E009,2,L046,0.2007204,0.11158369
E009,2,L047,0.22968837,0.3152662
E009,2,L048,0.22847723,0.19866312
E009,2,L051,0.2692511,0.28860639
E009,2,L052,0.31337947,0.16962965
E009,2,L053,0.11196431,0.29288483
E009,2,L054,0.19825188,0.094289
E009,2,L055,0.28857233,0.22298249
E009,2,L056,0.17370133,0.17113777
E009,2,L057,0.22176859,0.24016598
E009,2,L058,0.25684399,0.28526419
E009,2,L061,0.24165234,0.16661639
E009,2,L062,0.29614013,0.31424834
E009,2,L063,0.21363137,0.14380258
E009,2,L064,0.25627367,0.1485954
E009,2,L065,0.22717123,0.24516789
E009,2,L066,0.27396511,0.2518367
E009,2,L067,0.25869952,0.21052731
E009,2,L068,0.30523691,0.18231301
E009,2,L071,0.25223315,0.27814241
E009,2,L072,0.27989579,0.17108948
E009,2,L073,0.17572678,0.19455592
E009,2,L074,0.28208358,0.19570378
E009,2,L075,0.27530445,0.22582745
E009,2,L076,0.26151968,0.17026602
E009,2,L077,0.31545843,0.2444928
E009,2,L078,0.31665741,0.27213426
E009,2,L081,0.26597954,0.19658917
E009,2,L082,0.3019407,0.24006919
E009,2,L083,0.25098971,0.32081428
E009,2,L084,0.19634861,0.18434541
E009,2,L085,0.3099223,0.22448375
E009,2,L086,0.10239796,0.23716413
E009,2,L087,0.25714535,0.21873823
E009,2,L088,0.28553566,0.13951191
E009,2,L091,0.16459065,0.16153271
E009,2,L092,0.19178792,0.16861428
E009,2,L093,0.1844491,0.2050758
E009,2,L094,0.1483323,0.11893604
E009,2,L095,0.19797989,0.26861105
E009,2,L096,0.12561714,0.28299634
E009,2,L097,0.24825709,0.23024924
E009,2,L098,0.17365989,0.21390067
E009,2,L101,0.29637905,0.25138479
E009,2,L102,0.28406872,0.15566923
E009,2,L103,0.32187767,0.2043737
E009,2,L104,0.27385085,0.21699406
E009,2,L105,0.40127433,0.22476932
E009,2,L106,0.25279011,0.20490601
E009,2,L107,0.20489565,0.16231175
E009,2,L108,0.26279728,0.24196189
E009,2,L111,0.12949135,0.14416618
E009,2,L112,0.17117477,0.18277022
E009,2,L113,0.30745479,0.1474536
E009,2,L114,0.18813062,0.13780724
E009,2,L115,0.24599578,0.24851653
E009,2,L116,0.24092236,0.26120198
E009,2,L117,0.16830751,0.16861478
E009,2,L118,0.30740937,0.27737408
E009,3,L001,0.37748854,0.4036818
E009,3,L002,0.29384484,0.19038574
E009,3,L003,0.34060774,0.17392638
E009,3,L004,0.34631907,0.29267817
E009,3,L005,0.32733642,0.20640741
E009,3,L006,0.48226386,0.4437996
E009,3,L007,0.28260716,0.19331938
E009,3,L008,0.38856218,0.24705805
E009,3,L011,0.32233915,0.24366222
E009,3,L012,0.38835622,0.28077026
E009,3,L013,0.3563301,0.36683333
E009,3,L014,0.31358,0.17921211
E009,3,L015,0.34477148,0.24623835
E009,3,L016,0.3030196,0.1890142
E009,3,L017,0.34548426,0.28818489
E009,3,L018,0.24005589,0.30431002
E009,3,L021,0.35468721,0.17333216
E009,3,L022,0.50324027,0.31915377
E009,3,L023,0.39153179,0.21952937
E009,3,L024,0.38569933,0.2815881
E009,3,L025,0.39666017,0.1906076
E009,3,L026,0.50321603,0.58890112
E009,3,L027,0.33352754,0.20560024
E009,3,L028,0.31227106,0.28474413
E009,3,L031,0.51852996,0.42750257
E009,3,L032,0.33188565,0.29918643
E009,3,L033,0.34474001,0.3043635
E009,3,L034,0.49011989,0.18616093
E009,3,L035,0.47381024,0.26453345
E009,3,L036,0.56640499,0.35841569
E009,3,L037,0.48447512,0.26979875
E009,3,L038,0.46215625,0.28158266
E009,3,L041,0.21538904,0.27695323
E009,3,L042,0.18969688,0.20779551
E009,3,L043,0.2830685,0.16655805
E009,3,L044,0.23504096,0.15092402
E009,3,L045,0.54551964,0.33597565
E009,3,L046,0.24024616,0.11158369
E009,3,L047,0.28517187,0.3152662
E009,3,L048,0.26800536,0.19866312
E009,3,L051,0.29897854,0.28860639
E009,3,L052,0.30028587,0.16962965
E009,3,L053,0.20635481,0.29288483
E009,3,L054,0.22652405,0.094289
E009,3,L055,0.33967943,0.22298249
E009,3,L056,0.20521389,0.17113777
E009,3,L057,0.28842588,0.24016598
E009,3,L058,0.23315256,0.28526419
E009,3,L061,0.34273192,0.16661639
E009,3,L062,0.48112446,0.31424834
E009,3,L063,0.25497962,0.14380258
E009,3,L064,0.21260952,0.1485954
E009,3,L065,0.33007672,0.24516789
E009,3,L066,0.35777972,0.2518367
E009,3,L067,0.27601652,0.21052731
E009,3,L068,0.34951688,0.18231301
E009,3,L071,0.36029761,0.27814241
E009,3,L072,0.29009902,0.17108948
E009,3,L073,0.22807731,0.19455592
E009,3,L074,0.35151506,0.19570378
E009,3,L075,0.24978752,0.22582745
E009,3,L076,0.36192487,0.17026602
E009,3,L077,0.38318735,0.2444928
E009,3,L078,0.36153978,0.27213426
E009,3,L081,0.38050612,0.19658917
E009,3,L082,0.38578978,0.24006919
E009,3,L083,0.33429255,0.32081428
E009,3,L084,0.22431193,0.18434541
E009,3,L085,0.37903521,0.22448375
E009,3,L086,0.13555961,0.23716413
E009,3,L087,0.2067645,0.21873823
E009,3,L088,0.33976775,0.13951191
E009,3,L091,0.24216126,0.16153271
E009,3,L092,0.26297906,0.16861428
E009,3,L093,0.3088668,0.2050758
E009,3,L094,0.22958643,0.11893604
E009,3,L095,0.26368296,0.26861105
E009,3,L096,0.21317931,0.28299634
E009,3,L097,0.30145976,0.23024924
E009,3,L098,0.29206952,0.21390067
E009,3,L101,0.35661771,0.25138479
E009,3,L102,0.34446983,0.15566923
E009,3,L103,0.27468667,0.2043737
E009,3,L104,0.2429853,0.21699406
E009,3,L105,0.36429177,0.22476932
E009,3,L106,0.29391187,0.20490601
E009,3,L107,0.24064355,0.16231175
E009,3,L108,0.30502715,0.24196189
E009,3,L111,0.14685304,0.14416618
E009,3,L112,0.22013751,0.18277022
E009,3,L113,0.33620561,0.1474536
E009,3,L114,0.22307674,0.13780724
E009,3,L115,0.29022437,0.24851653
E009,3,L116,0.30912919,0.26120198
E009,3,L117,0.2499869,0.16861478
E009,3,L118,0.38144292,0.27737408
E010,1,L001,0.27200803,0.35070171
E010,1,L002,0.25431571,0.22158508
E010,1,L003,0.28799539,0.26563451
E010,1,L004,0.30597166,0.34277914
E010,1,L005,0.29976714,0.23632286
E010,1,L006,0.27313914,0.38474881
E010,1,L007,0.45563553,0.26188547
E010,1,L008,0.3214378,0.33559884
E010,1,L011,0.28999141,0.28685761
E010,1,L012,0.36881282,0.29981393
E010,1,L013,0.43346803,0.32283015
E010,1,L014,0.31414808,0.21649466
E010,1,L015,0.23720167,0.29420799
E010,1,L016,0.30417349,0.29178273
E010,1,L017,0.31544611,0.2461687
E010,1,L018,0.26938476,0.28579405
E010,1,L021,0.33351308,0.3481972
E010,1,L022,0.47121608,0.29833514
E010,1,L023,0.34322721,0.26114968
E010,1,L024,0.57344792,0.49281962
E010,1,L025,0.44117796,0.31184211
E010,1,L026,0.39451647,0.36432436
E010,1,L027,0.2414362,0.39559378
E010,1,L028,0.19473358,0.3711626
E010,1,L031,0.47483682,0.35939074
E010,1,L032,0.5042701,0.47567341
E010,1,L033,0.40233586,0.23806258
E010,1,L034,0.39787809,0.34409277
E010,1,L035,0.36326832,0.39012726
E010,1,L036,0.53113932,0.42340736
E010,1,L037,0.36609853,0.26074301
E010,1,L038,0.34350606,0.35084896
E010,1,L041,0.34509682,0.38503126
E010,1,L042,0.23400248,0.25355105
E010,1,L043,0.3077933,0.2701128
E010,1,L044,0.35802707,0.21877948
E010,1,L045,0.38415537,0.2688549
E010,1,L046,0.26525888,0.33399573
E010,1,L047,0.42782217,0.32095037
E010,1,L048,0.34359128,0.32627269
E010,1,L051,0.28808042,0.31089672
E010,1,L052,0.32076009,0.2226319
E010,1,L053,0.33031088,0.35652294
E010,1,L054,0.26870601,0.2509706
E010,1,L055,0.27038586,0.20270767
E010,1,L056,0.23122741,0.29617852
E010,1,L057,0.33675453,0.31190654
E010,1,L058,0.19769889,0.246822
E010,1,L061,0.3239705,0.21955751
E010,1,L062,0.3562736,0.27565442
E010,1,L063,0.30107897,0.13578678
E010,1,L064,0.26951235,0.24986761
E010,1,L065,0.41308727,0.26266336
E010,1,L066,0.38874607,0.25948465
E010,1,L067,0.34060304,0.26379868
E010,1,L068,0.40652719,0.20093608
E010,1,L071,0.34336382,0.40167323
E010,1,L072,0.32434378,0.27010048
E010,1,L073,0.21431068,0.23717114
E010,1,L074,0.36656368,0.28484068
E010,1,L075,0.31418119,0.34147343
E010,1,L076,0.3704694,0.2740018
E010,1,L077,0.32676433,0.28085328
E010,1,L078,0.44113056,0.27161917
E010,1,L081,0.32630154,0.21758486
E010,1,L082,0.62072695,0.46793468
E010,1,L083,0.32165988,0.27752135
E010,1,L084,0.35635834,0.34976784
E010,1,L085,0.42899838,0.3218314
E010,1,L086,0.32984769,0.34243124
E010,1,L087,0.58460215,0.39540397
E010,1,L088,0.2446071,0.293893
E010,1,L091,0.2307727,0.29568923
E010,1,L092,0.32285239,0.28852879
E010,1,L093,0.33729546,0.3013889
E010,1,L094,0.29485651,0.31968056
E010,1,L095,0.44992112,0.35455033
E010,1,L096,0.26813802,0.30804894
E010,1,L097,0.33541976,0.34891334
E010,1,L098,0.28252214,0.38580234
E010,1,L101,0.37899819,0.28485318
E010,1,L102,0.28814307,0.37784769
E010,1,L103,0.36969148,0.22706508
E010,1,L104,0.26307101,0.28590008
E010,1,L105,0.35710138,0.21457975
E010,1,L106,0.36070937,0.42392313
E010,1,L107,0.32282499,0.22111817
E010,1,L108,0.32682047,0.28475111
E010,1,L111,0.26446174,0.29192501
E010,1,L112,0.39410598,0.34418331
E010,1,L113,0.30452075,0.27222669
E010,1,L114,0.36082345,0.32288114
E010,1,L115,0.28127089,0.30394884
E010,1,L116,0.51472277,0.38325093
E010,1,L117,0.3281026,0.35400262
E010,1,L118,0.31994871,0.31872164
E010,2,L001,0.27240234,0.35070171
E010,2,L002,0.23711846,0.22158508
E010,2,L003,0.2891791,0.26563451
E010,2,L004,0.32213277,0.34277914
E010,2,L005,0.2594182,0.23632286
E010,2,L006,0.26345463,0.38474881
E010,2,L007,0.40243936,0.26188547
E010,2,L008,0.30579983,0.33559884
E010,2,L011,0.28736794,0.28685761
E010,2,L012,0.34055664,0.29981393
E010,2,L013,0.38580178,0.32283015
E010,2,L014,0.26203422,0.21649466
E010,2,L015,0.21062006,0.29420799
E010,2,L016,0.3669227,0.29178273
E010,2,L017,0.27883579,0.2461687
E010,2,L018,0.19362129,0.28579405
E010,2,L021,0.2992156,0.3481972
E010,2,L022,0.50129623,0.29833514
E010,2,L023,0.31460602,0.26114968
E010,2,L024,0.55000913,0.49281962
E010,2,L025,0.3530883,0.31184211
E010,2,L026,0.36703525,0.36432436
E010,2,L027,0.28787929,0.39559378
E010,2,L028,0.17347324,0.3711626
E010,2,L031,0.50850112,0.35939074
E010,2,L032,0.52191344,0.47567341
E010,2,L033,0.35677198,0.23806258
E010,2,L034,0.34755192,0.34409277
E010,2,L035,0.37100676,0.39012726
E010,2,L036,0.50504618,0.42340736
E010,2,L037,0.3741428,0.26074301
E010,2,L038,0.3714617,0.35084896
E010,2,L041,0.33020725,0.38503126
E010,2,L042,0.20689362,0.25355105
E010,2,L043,0.2767434,0.2701128
E010,2,L044,0.30789339,0.21877948
E010,2,L045,0.36725162,0.2688549
E010,2,L046,0.19909151,0.33399573
E010,2,L047,0.39093807,0.32095037
E010,2,L048,0.29830553,0.32627269
E010,2,L051,0.29170107,0.31089672
E010,2,L052,0.34659703,0.2226319
E010,2,L053,0.32631753,0.35652294
E010,2,L054,0.23617632,0.2509706
E010,2,L055,0.25820551,0.20270767
E010,2,L056,0.19473193,0.29617852
E010,2,L057,0.31566173,0.31190654
E010,2,L058,0.18540485,0.246822
E010,2,L061,0.3277815,0.21955751
E010,2,L062,0.36260426,0.27565442
E010,2,L063,0.28325639,0.13578678
E010,2,L064,0.22893043,0.24986761
E010,2,L065,0.38525406,0.26266336
E010,2,L066,0.36513243,0.25948465
E010,2,L067,0.31374537,0.26379868
E010,2,L068,0.39352729,0.20093608
E010,2,L071,0.34641694,0.40167323
E010,2,L072,0.34091345,0.27010048
E010,2,L073,0.18842882,0.23717114
E010,2,L074,0.41151642,0.28484068
E010,2,L075,0.28707048,0.34147343
E010,2,L076,0.36136409,0.2740018
E010,2,L077,0.36085488,0.28085328
E010,2,L078,0.34384757,0.27161917
E010,2,L081,0.31504733,0.21758486
E010,2,L082,0.60092397,0.46793468
E010,2,L083,0.29032471,0.27752135
E010,2,L084,0.34229323,0.34976784
E010,2,L085,0.41785469,0.3218314
E010,2,L086,0.28404375,0.34243124
E010,2,L087,0.6279804,0.39540397
E010,2,L088,0.22051666,0.293893
E010,2,L091,0.18570165,0.29568923
E010,2,L092,0.29437892,0.28852879
E010,2,L093,0.36621406,0.3013889
E010,2,L094,0.27847197,0.31968056
E010,2,L095,0.33483143,0.35455033
E010,2,L096,0.23035083,0.30804894
E010,2,L097,0.30258343,0.34891334
E010,2,L098,0.26731163,0.38580234
E010,2,L101,0.37717735,0.28485318
E010,2,L102,0.28706867,0.37784769
E010,2,L103,0.34183732,0.22706508
E010,2,L104,0.26307088,0.28590008
E010,2,L105,0.36669425,0.21457975
E010,2,L106,0.29847989,0.42392313
E010,2,L107,0.26859616,0.22111817
E010,2,L108,0.3239227,0.28475111
E010,2,L111,0.26312507,0.29192501
E010,2,L112,0.29814833,0.34418331
E010,2,L113,0.28835319,0.27222669
E010,2,L114,0.31407418,0.32288114
E010,2,L115,0.26152524,0.30394884
E010,2,L116,0.50590191,0.38325093
E010,2,L117,0.30214963,0.35400262
E010,2,L118,0.32139209,0.31872164
E010,3,L001,0.27566592,0.35070171
E010,3,L002,0.25620696,0.22158508
E010,3,L003,0.29342518,0.26563451
E010,3,L004,0.30497337,0.34277914
E010,3,L005,0.29407315,0.23632286
E010,3,L006,0.24914043,0.38474881
E010,3,L007,0.46124545,0.26188547
E010,3,L008,0.30210877,0.33559884
E010,3,L011,0.28539663,0.28685761
E010,3,L012,0.36388451,0.29981393
E010,3,L013,0.43103974,0.32283015
E010,3,L014,0.30367248,0.21649466
E010,3,L015,0.22826228,0.29420799
E010,3,L016,0.2863295,0.29178273
E010,3,L017,0.34148403,0.2461687
E010,3,L018,0.25657561,0.28579405
E010,3,L021,0.31754159,0.3481972
E010,3,L022,0.48279881,0.29833514
E010,3,L023,0.35238475,0.26114968
E010,3,L024,0.53581782,0.49281962
E010,3,L025,0.42576486,0.31184211
E010,3,L026,0.38212245,0.36432436
E010,3,L027,0.24247196,0.39559378
E010,3,L028,0.17650291,0.3711626
E010,3,L031,0.4930794,0.35939074
E010,3,L032,0.48785733,0.47567341
E010,3,L033,0.4144134,0.23806258
E010,3,L034,0.38527171,0.34409277
E010,3,L035,0.36622823,0.39012726
E010,3,L036,0.54343717,0.42340736
E010,3,L037,0.38550018,0.26074301
E010,3,L038,0.35820572,0.35084896
E010,3,L041,0.32068124,0.38503126
E010,3,L042,0.23253348,0.25355105
E010,3,L043,0.33084603,0.2701128
E010,3,L044,0.34981996,0.21877948
E010,3,L045,0.36978471,0.2688549
E010,3,L046,0.25892943,0.33399573
E010,3,L047,0.41719795,0.32095037
E010,3,L048,0.34262238,0.32627269
E010,3,L051,0.27658476,0.31089672
E010,3,L052,0.29282639,0.2226319
E010,3,L053,0.33318845,0.35652294
E010,3,L054,0.27914145,0.2509706
E010,3,L055,0.24927529,0.20270767
E010,3,L056,0.21801521,0.29617852
E010,3,L057,0.33049438,0.31190654
E010,3,L058,0.22155632,0.246822
E010,3,L061,0.30644719,0.21955751
E010,3,L062,0.35819287,0.27565442
E010,3,L063,0.30820188,0.13578678
E010,3,L064,0.25547062,0.24986761
E010,3,L065,0.38824492,0.26266336
E010,3,L066,0.40074174,0.25948465
E010,3,L067,0.31526026,0.26379868
E010,3,L068,0.39529084,0.20093608
E010,3,L071,0.37186466,0.40167323
E010,3,L072,0.32600544,0.27010048
E010,3,L073,0.20747474,0.23717114
E010,3,L074,0.3547624,0.28484068
E010,3,L075,0.32347544,0.34147343
E010,3,L076,0.37606806,0.2740018
E010,3,L077,0.31716387,0.28085328
E010,3,L078,0.43736731,0.27161917
E010,3,L081,0.32206697,0.21758486
E010,3,L082,0.63372093,0.46793468
E010,3,L083,0.32252825,0.27752135
E010,3,L084,0.34632931,0.34976784
E010,3,L085,0.42490544,0.3218314
E010,3,L086,0.33501839,0.34243124
E010,3,L087,0.57615092,0.39540397
E010,3,L088,0.24074559,0.293893
E010,3,L091,0.21382675,0.29568923
E010,3,L092,0.3215376,0.28852879
E010,3,L093,0.33919738,0.3013889
E010,3,L094,0.29306341,0.31968056
E010,3,L095,0.4498746,0.35455033
E010,3,L096,0.24746269,0.30804894
E010,3,L097,0.32263491,0.34891334
E010,3,L098,0.27999051,0.38580234
E010,3,L101,0.35721354,0.28485318
E010,3,L102,0.27762665,0.37784769
E010,3,L103,0.34554356,0.22706508
E010,3,L104,0.2518321,0.28590008
E010,3,L105,0.33304963,0.21457975
E010,3,L106,0.3392708,0.42392313
E010,3,L107,0.30167721,0.22111817
E010,3,L108,0.31659652,0.28475111
E010,3,L111,0.25239855,0.29192501
E010,3,L112,0.38441924,0.34418331
E010,3,L113,0.31017413,0.27222669
E010,3,L114,0.32767325,0.32288114
E010,3,L115,0.31861426,0.30394884
E010,3,L116,0.50584936,0.38325093
E010,3,L117,0.30866251,0.35400262
E010,3,L118,0.33163069,0.31872164
E011,1,L001,0.27664902,0.32433111
E011,1,L002,0.22270545,0.24330929
E011,1,L003,0.27498859,0.27974031
E011,1,L004,0.25033325,0.19084662
E011,1,L005,0.27275636,0.28089037
E011,1,L006,0.3904669,0.28200049
E011,1,L007,0.34588529,0.19534875
E011,1,L008,0.34682657,0.36879107
E011,1,L011,0.34912237,0.23330324
E011,1,L012,0.35058621,0.31277874
E011,1,L013,0.37557453,0.22409969
E011,1,L014,0.33668088,0.24393241
E011,1,L015,0.34526899,0.17755461
E011,1,L016,0.25803395,0.29592748
E011,1,L017,0.23874731,0.16764071
E011,1,L018,0.30334696,0.30203555
E011,1,L021,0.45114529,0.29820927
E011,1,L022,0.40068863,0.23165487
E011,1,L023,0.29259185,0.22061528
E011,1,L024,0.39197282,0.33378177
E011,1,L025,0.34189706,0.32245503
E011,1,L026,0.26968061,0.26973053
E011,1,L027,0.29794405,0.32222537
E011,1,L028,0.35037639,0.49788516
E011,1,L031,0.3654063,0.16243389
E011,1,L032,0.54549332,0.32661157
E011,1,L033,0.25278686,0.12769586
E011,1,L034,0.33097907,0.30026248
E011,1,L035,0.33332418,0.28949728
E011,1,L036,0.3385907,0.23815931
E011,1,L037,0.3177645,0.18047919
E011,1,L038,0.37632966,0.2654122
E011,1,L041,0.26859651,0.24850738
E011,1,L042,0.23522697,0.20786078
E011,1,L043,0.28655507,0.2163073
E011,1,L044,0.23093437,0.23874394
E011,1,L045,0.416881,0.28627356
E011,1,L046,0.23313545,0.20909566
E011,1,L047,0.37144977,0.34127904
E011,1,L048,0.30939185,0.2131258
E011,1,L051,0.27117029,0.20508451
E011,1,L052,0.3220315,0.24079402
E011,1,L053,0.22458106,0.2192829
E011,1,L054,0.31140372,0.26001603
E011,1,L055,0.35481788,0.23786163
E011,1,L056,0.18369416,0.22573022
E011,1,L057,0.27163899,0.25500742
E011,1,L058,0.22408656,0.18734489
E011,1,L061,0.34048626,0.20217489
E011,1,L062,0.31933874,0.22897122
E011,1,L063,0.28912453,0.16953021
E011,1,L064,0.2457294,0.29823707
E011,1,L065,0.32457818,0.2882442
E011,1,L066,0.28373148,0.22715139
E011,1,L067,0.27434662,0.24892098
E011,1,L068,0.31190801,0.22694035
E011,1,L071,0.32981535,0.22587449
E011,1,L072,0.25024536,0.19616329
E011,1,L073,0.25484388,0.24542479
E011,1,L074,0.28854952,0.18252402
E011,1,L075,0.3133874,0.25268016
E011,1,L076,0.34609546,0.17206972
E011,1,L077,0.30274887,0.21742036
E011,1,L078,0.35819993,0.27264124
E011,1,L081,0.39216481,0.1891394
E011,1,L082,0.44389351,0.32516403
E011,1,L083,0.38415046,0.32287792
E011,1,L084,0.31437929,0.21447719
E011,1,L085,0.45640639,0.19300016
E011,1,L086,0.23856432,0.25002175
E011,1,L087,0.46399988,0.32426508
E011,1,L088,0.35492149,0.23643042
E011,1,L091,0.22544009,0.22976313
E011,1,L092,0.29655611,0.24787272
E011,1,L093,0.29286801,0.19307734
E011,1,L094,0.20798155,0.16902412
E011,1,L095,0.3599752,0.32351452
E011,1,L096,0.21465904,0.34168514
E011,1,L097,0.28818702,0.30360094
E011,1,L098,0.23243645,0.23471169
E011,1,L101,0.49882907,0.3815218
E011,1,L102,0.32614677,0.23373171
E011,1,L103,0.30338757,0.25308713
E011,1,L104,0.27494579,0.23124796
E011,1,L105,0.27149665,0.23153685
E011,1,L106,0.30853378,0.33650155
E011,1,L107,0.35468629,0.24190003
E011,1,L108,0.28360847,0.22322914
E011,1,L111,0.18524022,0.24041047
E011,1,L112,0.24247284,0.2159589
E011,1,L113,0.35583133,0.22667576
E011,1,L114,0.28769473,0.2671115
E011,1,L115,0.23381972,0.23713591
E011,1,L116,0.40295623,0.31370703
E011,1,L117,0.27081177,0.21024602
E011,1,L118,0.33785205,0.22508822
E011,2,L001,0.27664902,0.32433111
E011,2,L002,0.22270545,0.24330929
E011,2,L003,0.27498859,0.27974031
E011,2,L004,0.25033325,0.19084662
E011,2,L005,0.27275636,0.28089037
E011,2,L006,0.3904669,0.28200049
E011,2,L007,0.34588529,0.19534875
E011,2,L008,0.34682657,0.36879107
E011,2,L011,0.34912237,0.23330324
E011,2,L012,0.35058621,0.31277874
E011,2,L013,0.37557453,0.22409969
E011,2,L014,0.33668088,0.24393241
E011,2,L015,0.34526899,0.17755461
E011,2,L016,0.25803395,0.29592748
E011,2,L017,0.23874731,0.16764071
E011,2,L018,0.30334696,0.30203555
E011,2,L021,0.45114529,0.29820927
E011,2,L022,0.40068863,0.23165487
E011,2,L023,0.29259185,0.22061528
E011,2,L024,0.39197282,0.33378177
E011,2,L025,0.34189706,0.32245503
E011,2,L026,0.26968061,0.26973053
E011,2,L027,0.29794405,0.32222537
E011,2,L028,0.35037639,0.49788516
E011,2,L031,0.3654063,0.16243389
E011,2,L032,0.54549332,0.32661157
E011,2,L033,0.25278686,0.12769586
E011,2,L034,0.33097907,0.30026248
E011,2,L035,0.33332418,0.28949728
E011,2,L036,0.3385907,0.23815931
E011,2,L037,0.3177645,0.18047919
E011,2,L038,0.37632966,0.2654122
E011,2,L041,0.26859651,0.24850738
E011,2,L042,0.23522697,0.20786078
E011,2,L043,0.28655507,0.2163073
E011,2,L044,0.23093437,0.23874394
E011,2,L045,0.416881,0.28627356
E011,2,L046,0.23313545,0.20909566
E011,2,L047,0.37144977,0.34127904
E011,2,L048,0.30939185,0.2131258
E011,2,L051,0.27117029,0.20508451
E011,2,L052,0.3220315,0.24079402
E011,2,L053,0.22458106,0.2192829
E011,2,L054,0.31140372,0.26001603
E011,2,L055,0.35481788,0.23786163
E011,2,L056,0.18369416,0.22573022
E011,2,L057,0.27163899,0.25500742
E011,2,L058,0.22408656,0.18734489
E011,2,L061,0.34048626,0.20217489
E011,2,L062,0.31933874,0.22897122
E011,2,L063,0.28912453,0.16953021
E011,2,L064,0.2457294,0.29823707
E011,2,L065,0.32457818,0.2882442
E011,2,L066,0.28373148,0.22715139
E011,2,L067,0.27434662,0.24892098
E011,2,L068,0.31190801,0.22694035
E011,2,L071,0.32981535,0.22587449
E011,2,L072,0.25024536,0.19616329
E011,2,L073,0.25484388,0.24542479
E011,2,L074,0.28854952,0.18252402
E011,2,L075,0.3133874,0.25268016
E011,2,L076,0.34609546,0.17206972
E011,2,L077,0.30274887,0.21742036
E011,2,L078,0.35819993,0.27264124
E011,2,L081,0.39216481,0.1891394
E011,2,L082,0.44389351,0.32516403
E011,2,L083,0.38415046,0.32287792
E011,2,L084,0.31437929,0.21447719
E011,2,L085,0.45640639,0.19300016
E011,2,L086,0.23856432,0.25002175
E011,2,L087,0.46399988,0.32426508
E011,2,L088,0.35492149,0.23643042
E011,2,L091,0.22544009,0.22976313
E011,2,L092,0.29655611,0.24787272
E011,2,L093,0.29286801,0.19307734
E011,2,L094,0.20798155,0.16902412
E011,2,L095,0.3599752,0.32351452
E011,2,L096,0.21465904,0.34168514
E011,2,L097,0.28818702,0.30360094
E011,2,L098,0.23243645,0.23471169
E011,2,L101,0.49882907,0.3815218
E011,2,L102,0.32614677,0.23373171
E011,2,L103,0.30338757,0.25308713
E011,2,L104,0.27494579,0.23124796
E011,2,L105,0.27149665,0.23153685
E011,2,L106,0.30853378,0.33650155
E011,2,L107,0.35468629,0.24190003
E011,2,L108,0.28360847,0.22322914
E011,2,L111,0.18524022,0.24041047
E011,2,L112,0.24247284,0.2159589
E011,2,L113,0.35583133,0.22667576
E011,2,L114,0.28769473,0.2671115
E011,2,L115,0.23381972,0.23713591
E011,2,L116,0.40295623,0.31370703
E011,2,L117,0.27081177,0.21024602
E011,2,L118,0.33785205,0.22508822
E011,3,L001,0.32455078,0.32433111
E011,3,L002,0.2405383,0.24330929
E011,3,L003,0.29604444,0.27974031
E011,3,L004,0.27709368,0.19084662
E011,3,L005,0.27648795,0.28089037
E011,3,L006,0.3516974,0.28200049
E011,3,L007,0.33158595,0.19534875
E011,3,L008,0.39595488,0.36879107
E011,3,L011,0.34472841,0.23330324
E011,3,L012,0.40889471,0.31277874
E011,3,L013,0.35738746,0.22409969
E011,3,L014,0.38978947,0.24393241
E011,3,L015,0.4067592,0.17755461
E011,3,L016,0.30687225,0.29592748
E011,3,L017,0.25711702,0.16764071
E011,3,L018,0.33315288,0.30203555
E011,3,L021,0.39602101,0.29820927
E011,3,L022,0.47579146,0.23165487
E011,3,L023,0.26272519,0.22061528
E011,3,L024,0.44606931,0.33378177
E011,3,L025,0.40055502,0.32245503
E011,3,L026,0.35986609,0.26973053
E011,3,L027,0.3432357,0.32222537
E011,3,L028,0.34715171,0.49788516
E011,3,L031,0.41322309,0.16243389
E011,3,L032,0.53023901,0.32661157
E011,3,L033,0.29192376,0.12769586
E011,3,L034,0.41475035,0.30026248
E011,3,L035,0.36212872,0.28949728
E011,3,L036,0.36531115,0.23815931
E011,3,L037,0.31686709,0.18047919
E011,3,L038,0.38961781,0.2654122
E011,3,L041,0.33475316,0.24850738
E011,3,L042,0.22056556,0.20786078
E011,3,L043,0.23346365,0.2163073
E011,3,L044,0.23625429,0.23874394
E011,3,L045,0.37175301,0.28627356
E011,3,L046,0.26563253,0.20909566
E011,3,L047,0.36850503,0.34127904
E011,3,L048,0.30774741,0.2131258
E011,3,L051,0.29191705,0.20508451
E011,3,L052,0.45534751,0.24079402
E011,3,L053,0.26619641,0.2192829
E011,3,L054,0.31679793,0.26001603
E011,3,L055,0.36273001,0.23786163
E011,3,L056,0.23109762,0.22573022
E011,3,L057,0.29056398,0.25500742
E011,3,L058,0.23936022,0.18734489
E011,3,L061,0.35900933,0.20217489
E011,3,L062,0.33638921,0.22897122
E011,3,L063,0.31959838,0.16953021
E011,3,L064,0.29241149,0.29823707
E011,3,L065,0.34401428,0.2882442
E011,3,L066,0.28710069,0.22715139
E011,3,L067,0.27574114,0.24892098
E011,3,L068,0.35393327,0.22694035
E011,3,L071,0.33774911,0.22587449
E011,3,L072,0.25733852,0.19616329
E011,3,L073,0.23702654,0.24542479
E011,3,L074,0.29198164,0.18252402
E011,3,L075,0.31576802,0.25268016
E011,3,L076,0.3720297,0.17206972
E011,3,L077,0.38351565,0.21742036
E011,3,L078,0.35244913,0.27264124
E011,3,L081,0.33784566,0.1891394
E011,3,L082,0.4467542,0.32516403
E011,3,L083,0.31393079,0.32287792
E011,3,L084,0.30449388,0.21447719
E011,3,L085,0.43805709,0.19300016
E011,3,L086,0.24723661,0.25002175
E011,3,L087,0.49479294,0.32426508
E011,3,L088,0.38210985,0.23643042
E011,3,L091,0.27010234,0.22976313
E011,3,L092,0.31127644,0.24787272
E011,3,L093,0.32065048,0.19307734
E011,3,L094,0.25267781,0.16902412
E011,3,L095,0.34957881,0.32351452
E011,3,L096,0.24975594,0.34168514
E011,3,L097,0.30587842,0.30360094
E011,3,L098,0.22816084,0.23471169
E011,3,L101,0.52111734,0.3815218
E011,3,L102,0.29650485,0.23373171
E011,3,L103,0.32685544,0.25308713
E011,3,L104,0.2540297,0.23124796
E011,3,L105,0.30887479,0.23153685
E011,3,L106,0.27722507,0.33650155
E011,3,L107,0.35844637,0.24190003
E011,3,L108,0.29874895,0.22322914
E011,3,L111,0.21695206,0.24041047
E011,3,L112,0.23966603,0.2159589
E011,3,L113,0.38867768,0.22667576
E011,3,L114,0.338485,0.2671115
E011,3,L115,0.21761451,0.23713591
E011,3,L116,0.46785762,0.31370703
E011,3,L117,0.33742334,0.21024602
E011,3,L118,0.3340132,0.22508822
E012,1,L001,0.36171405,0.41876301
E012,1,L002,0.31149335,0.29814276
E012,1,L003,0.33199276,0.32419137
E012,1,L004,0.37220918,0.37608677
E012,1,L005,0.32446962,0.25717589
E012,1,L006,0.41284424,0.27213093
E012,1,L007,0.31275917,0.24662242
E012,1,L008,0.37282052,0.37091574
E012,1,L011,0.3220025,0.28442511
E012,1,L012,0.3650844,0.31595713
E012,1,L013,0.40777701,0.51689101
E012,1,L014,0.36793592,0.2980889
E012,1,L015,0.38912429,0.31113639
E012,1,L016,0.28082642,0.14555683
E012,1,L017,0.4055507,0.22904339
E012,1,L018,0.21738471,0.39472106
E012,1,L021,0.30868173,0.1992342
E012,1,L022,0.59662194,0.24200782
E012,1,L023,0.39979936,0.30018447
E012,1,L024,0.36250715,0.299991
E012,1,L025,0.40054127,0.33790358
E012,1,L026,0.60121826,0.51494492
E012,1,L027,0.35403049,0.2228599
E012,1,L028,0.26385883,0.3454094
E012,1,L031,0.70378516,0.49535055
E012,1,L032,0.3246295,0.3159877
E012,1,L033,0.51136339,0.3900486
E012,1,L034,0.5728943,0.363551
E012,1,L035,0.5968264,0.36599469
E012,1,L036,0.77721429,0.62644376
E012,1,L037,0.51890795,0.29467961
E012,1,L038,0.45059486,0.43665435
E012,1,L041,0.30892612,0.43930148
E012,1,L042,0.20819619,0.23947915
E012,1,L043,0.3195048,0.24087473
E012,1,L044,0.26308797,0.27363604
E012,1,L045,0.34849926,0.21357366
E012,1,L046,0.28293084,0.24741923
E012,1,L047,0.28975739,0.33419886
E012,1,L048,0.33404903,0.23319262
E012,1,L051,0.31844257,0.28876801
E012,1,L052,0.33411101,0.22713569
E012,1,L053,0.30140127,0.32166827
E012,1,L054,0.25088046,0.23968863
E012,1,L055,0.28848014,0.26163151
E012,1,L056,0.20075538,0.25127564
E012,1,L057,0.28933122,0.33483783
E012,1,L058,0.25420398,0.3130283
E012,1,L061,0.31601214,0.21953943
E012,1,L062,0.45247074,0.29846716
E012,1,L063,0.31173036,0.18477818
E012,1,L064,0.23400894,0.29220205
E012,1,L065,0.39214447,0.26868598
E012,1,L066,0.48278289,0.30120768
E012,1,L067,0.32633348,0.28954781
E012,1,L068,0.36920384,0.27922726
E012,1,L071,0.37760273,0.40463212
E012,1,L072,0.29710716,0.19622437
E012,1,L073,0.23217083,0.20095033
E012,1,L074,0.44794636,0.376111
E012,1,L075,0.26941971,0.35823077
E012,1,L076,0.40485393,0.24641149
E012,1,L077,0.33728836,0.29773199
E012,1,L078,0.39520423,0.27980315
E012,1,L081,0.33525904,0.19365831
E012,1,L082,0.51419189,0.36664174
E012,1,L083,0.27278765,0.32542251
E012,1,L084,0.28429533,0.28623779
E012,1,L085,0.39842911,0.29957897
E012,1,L086,0.19579732,0.3286069
E012,1,L087,0.2245998,0.32295197
E012,1,L088,0.33488333,0.17529149
E012,1,L091,0.32890453,0.21016306
E012,1,L092,0.27240836,0.27440456
E012,1,L093,0.44479052,0.22792862
E012,1,L094,0.31500861,0.29946801
E012,1,L095,0.37647818,0.41379878
E012,1,L096,0.26861241,0.31970277
E012,1,L097,0.33202871,0.36676531
E012,1,L098,0.33188388,0.31487228
E012,1,L101,0.37949463,0.24094024
E012,1,L102,0.36312568,0.28458736
E012,1,L103,0.34442512,0.21603911
E012,1,L104,0.33883682,0.37340011
E012,1,L105,0.35022398,0.29056792
E012,1,L106,0.37180669,0.35945497
E012,1,L107,0.30672426,0.20723115
E012,1,L108,0.37035525,0.30671282
E012,1,L111,0.20781547,0.19980412
E012,1,L112,0.32826294,0.31165848
E012,1,L113,0.28982527,0.19255254
E012,1,L114,0.2447339,0.25445439
E012,1,L115,0.34128148,0.30960215
E012,1,L116,0.33444495,0.2729898
E012,1,L117,0.29782236,0.24399362
E012,1,L118,0.37702739,0.30601589
E012,2,L001,0.27105869,0.41876301
E012,2,L002,0.28177534,0.29814276
E012,2,L003,0.29262678,0.32419137
E012,2,L004,0.24635273,0.37608677
E012,2,L005,0.37188807,0.25717589
E012,2,L006,0.2767042,0.27213093
E012,2,L007,0.2668603,0.24662242
E012,2,L008,0.28507354,0.37091574
E012,2,L011,0.30189452,0.28442511
E012,2,L012,0.32630278,0.31595713
E012,2,L013,0.42081133,0.51689101
E012,2,L014,0.31337114,0.2980889
E012,2,L015,0.26730762,0.31113639
E012,2,L016,0.24537711,0.14555683
E012,2,L017,0.36194409,0.22904339
E012,2,L018,0.28606021,0.39472106
E012,2,L021,0.211127,0.1992342
E012,2,L022,0.528193,0.24200782
E012,2,L023,0.32673995,0.30018447
E012,2,L024,0.3735385,0.299991
E012,2,L025,0.3293041,0.33790358
E012,2,L026,0.51298263,0.51494492
E012,2,L027,0.18020923,0.2228599
E012,2,L028,0.2839893,0.3454094
E012,2,L031,0.57347712,0.49535055
E012,2,L032,0.24620561,0.3159877
E012,2,L033,0.46242285,0.3900486
E012,2,L034,0.5952619,0.363551
E012,2,L035,0.56304561,0.36599469
E012,2,L036,0.636497,0.62644376
E012,2,L037,0.41529023,0.29467961
E012,2,L038,0.39703273,0.43665435
E012,2,L041,0.23207334,0.43930148
E012,2,L042,0.17942201,0.23947915
E012,2,L043,0.29242497,0.24087473
E012,2,L044,0.33388941,0.27363604
E012,2,L045,0.26989914,0.21357366
E012,2,L046,0.30812357,0.24741923
E012,2,L047,0.2442574,0.33419886
E012,2,L048,0.27685973,0.23319262
E012,2,L051,0.26117612,0.28876801
E012,2,L052,0.2130924,0.22713569
E012,2,L053,0.22781087,0.32166827
E012,2,L054,0.2307948,0.23968863
E012,2,L055,0.26764688,0.26163151
E012,2,L056,0.21286578,0.25127564
E012,2,L057,0.25277578,0.33483783
E012,2,L058,0.26341757,0.3130283
E012,2,L061,0.29030805,0.21953943
E012,2,L062,0.38659476,0.29846716
E012,2,L063,0.22507847,0.18477818
E012,2,L064,0.24523646,0.29220205
E012,2,L065,0.32830313,0.26868598
E012,2,L066,0.41929196,0.30120768
E012,2,L067,0.26470259,0.28954781
E012,2,L068,0.26990364,0.27922726
E012,2,L071,0.25327524,0.40463212
E012,2,L072,0.24349109,0.19622437
E012,2,L073,0.14013809,0.20095033
E012,2,L074,0.31403773,0.376111
E012,2,L075,0.2410129,0.35823077
E012,2,L076,0.33798214,0.24641149
E012,2,L077,0.24041602,0.29773199
E012,2,L078,0.42385632,0.27980315
E012,2,L081,0.24925542,0.19365831
E012,2,L082,0.64541229,0.36664174
E012,2,L083,0.20821136,0.32542251
E012,2,L084,0.16074706,0.28623779
E012,2,L085,0.30713763,0.29957897
E012,2,L086,0.1942914,0.3286069
E012,2,L087,0.21572588,0.32295197
E012,2,L088,0.27241329,0.17529149
E012,2,L091,0.29200476,0.21016306
E012,2,L092,0.2121611,0.27440456
E012,2,L093,0.31585807,0.22792862
E012,2,L094,0.27708888,0.29946801
E012,2,L095,0.37251751,0.41379878
E012,2,L096,0.20038937,0.31970277
E012,2,L097,0.30324218,0.36676531
E012,2,L098,0.32143364,0.31487228
E012,2,L101,0.2536783,0.24094024
E012,2,L102,0.26511596,0.28458736
E012,2,L103,0.38361567,0.21603911
E012,2,L104,0.22548933,0.37340011
E012,2,L105,0.28159171,0.29056792
E012,2,L106,0.32399795,0.35945497
E012,2,L107,0.32401349,0.20723115
E012,2,L108,0.3034902,0.30671282
E012,2,L111,0.1801924,0.19980412
E012,2,L112,0.33849008,0.31165848
E012,2,L113,0.24416471,0.19255254
E012,2,L114,0.14799312,0.25445439
E012,2,L115,0.27705131,0.30960215
E012,2,L116,0.22278205,0.2729898
E012,2,L117,0.2203112,0.24399362
E012,2,L118,0.34143222,0.30601589
E012,3,L001,0.3919266,0.41876301
E012,3,L002,0.33980459,0.29814276
E012,3,L003,0.32248827,0.32419137
E012,3,L004,0.37221499,0.37608677
E012,3,L005,0.3522651,0.25717589
E012,3,L006,0.36104397,0.27213093
E012,3,L007,0.32782887,0.24662242
E012,3,L008,0.46550479,0.37091574
E012,3,L011,0.30007782,0.28442511
E012,3,L012,0.45654971,0.31595713
E012,3,L013,0.38060628,0.51689101
E012,3,L014,0.40726221,0.2980889
E012,3,L015,0.43268106,0.31113639
E012,3,L016,0.2386346,0.14555683
E012,3,L017,0.42766408,0.22904339
E012,3,L018,0.28101353,0.39472106
E012,3,L021,0.30100076,0.1992342
E012,3,L022,0.58195648,0.24200782
E012,3,L023,0.37941361,0.30018447
E012,3,L024,0.36482697,0.299991
E012,3,L025,0.41690825,0.33790358
E012,3,L026,0.53849592,0.51494492
E012,3,L027,0.33385185,0.2228599
E012,3,L028,0.28077848,0.3454094
E012,3,L031,0.65603071,0.49535055
E012,3,L032,0.3002914,0.3159877
E012,3,L033,0.51781691,0.3900486
E012,3,L034,0.54511086,0.363551
E012,3,L035,0.58539282,0.36599469
E012,3,L036,0.75095408,0.62644376
E012,3,L037,0.51518687,0.29467961
E012,3,L038,0.43550282,0.43665435
E012,3,L041,0.29761116,0.43930148
E012,3,L042,0.21685438,0.23947915
E012,3,L043,0.33887058,0.24087473
E012,3,L044,0.27001536,0.27363604
E012,3,L045,0.34909618,0.21357366
E012,3,L046,0.28136142,0.24741923
E012,3,L047,0.26361268,0.33419886
E012,3,L048,0.33490858,0.23319262
E012,3,L051,0.32723418,0.28876801
E012,3,L052,0.28113936,0.22713569
E012,3,L053,0.33409058,0.32166827
E012,3,L054,0.23146896,0.23968863
E012,3,L055,0.28275594,0.26163151
E012,3,L056,0.22444999,0.25127564
E012,3,L057,0.32251301,0.33483783
E012,3,L058,0.25037857,0.3130283
E012,3,L061,0.32543274,0.21953943
E012,3,L062,0.44082577,0.29846716
E012,3,L063,0.31114921,0.18477818
E012,3,L064,0.25848525,0.29220205
E012,3,L065,0.39196082,0.26868598
E012,3,L066,0.51095035,0.30120768
E012,3,L067,0.32391937,0.28954781
E012,3,L068,0.37042449,0.27922726
E012,3,L071,0.39602979,0.40463212
E012,3,L072,0.31168995,0.19622437
E012,3,L073,0.2458489,0.20095033
E012,3,L074,0.40146419,0.376111
E012,3,L075,0.28298634,0.35823077
E012,3,L076,0.42539012,0.24641149
E012,3,L077,0.40429566,0.29773199
E012,3,L078,0.38119211,0.27980315
E012,3,L081,0.31847364,0.19365831
E012,3,L082,0.51098697,0.36664174
E012,3,L083,0.26683771,0.32542251
E012,3,L084,0.2862385,0.28623779
E012,3,L085,0.36813,0.29957897
E012,3,L086,0.20658602,0.3286069
E012,3,L087,0.184449,0.32295197
E012,3,L088,0.3299286,0.17529149
E012,3,L091,0.35168258,0.21016306
E012,3,L092,0.29115212,0.27440456
E012,3,L093,0.39451923,0.22792862
E012,3,L094,0.31389954,0.29946801
E012,3,L095,0.37173642,0.41379878
E012,3,L096,0.26108428,0.31970277
E012,3,L097,0.32897902,0.36676531
E012,3,L098,0.31674925,0.31487228
E012,3,L101,0.33899241,0.24094024
E012,3,L102,0.36841968,0.28458736
E012,3,L103,0.3418978,0.21603911
E012,3,L104,0.29329709,0.37340011
E012,3,L105,0.35187423,0.29056792
E012,3,L106,0.36756193,0.35945497
E012,3,L107,0.35409167,0.20723115
E012,3,L108,0.36360726,0.30671282
E012,3,L111,0.20251633,0.19980412
E012,3,L112,0.31819478,0.31165848
E012,3,L113,0.28321442,0.19255254
E012,3,L114,0.25688506,0.25445439
E012,3,L115,0.33907424,0.30960215
E012,3,L116,0.30670915,0.2729898
E012,3,L117,0.30353568,0.24399362
E012,3,L118,0.34202949,0.30601589
E013,1,L001,0.26308039,0.24126954
E013,1,L002,0.24314234,0.2439801
E013,1,L003,0.27332297,0.16172772
E013,1,L004,0.32006901,0.20472576
E013,1,L005,0.24385215,0.19435404
E013,1,L006,0.38195861,0.39233513
E013,1,L007,0.24314143,0.18495452
E013,1,L008,0.36187661,0.40305744
E013,1,L011,0.35451402,0.21478128
E013,1,L012,0.37402438,0.27659409
E013,1,L013,0.26824189,0.16155132
E013,1,L014,0.32600677,0.22462311
E013,1,L015,0.29905831,0.25025446
E013,1,L016,0.19401645,0.14566309
E013,1,L017,0.16556074,0.19886842
E013,1,L018,0.1709215,0.19294942
E013,1,L021,0.37899077,0.26569334
E013,1,L022,0.29619448,0.16527944
E013,1,L023,0.19825825,0.16981817
E013,1,L024,0.35987442,0.32024182
E013,1,L025,0.30289125,0.29891885
E013,1,L026,0.32117921,0.1968375
E013,1,L027,0.29649468,0.28615982
E013,1,L028,0.28536546,0.44236306
E013,1,L031,0.29296986,0.14357227
E013,1,L032,0.44368959,0.33957991
E013,1,L033,0.19604943,0.09908211
E013,1,L034,0.2725156,0.22692692
E013,1,L035,0.31470775,0.31031289
E013,1,L036,0.25698184,0.13827811
E013,1,L037,0.24961631,0.1858586
E013,1,L038,0.28354893,0.33958081
E013,1,L041,0.67945298,0.40398528
E013,1,L042,0.25836064,0.35354236
E013,1,L043,0.20217779,0.20637052
E013,1,L044,0.16917765,0.21203989
E013,1,L045,0.21608453,0.11766422
E013,1,L046,0.36192407,0.41412549
E013,1,L047,0.40565302,0.32169367
E013,1,L048,0.37721336,0.39708313
E013,1,L051,0.24899153,0.20960427
E013,1,L052,0.38289194,0.14748081
E013,1,L053,0.32522717,0.31836616
E013,1,L054,0.37579942,0.25526937
E013,1,L055,0.31646707,0.26570985
E013,1,L056,0.22709655,0.30163145
E013,1,L057,0.23476568,0.23380904
E013,1,L058,0.25552659,0.19231983
E013,1,L061,0.32977046,0.21438065
E013,1,L062,0.36580729,0.15750579
E013,1,L063,0.32409983,0.16205369
E013,1,L064,0.21830073,0.19072512
E013,1,L065,0.30917441,0.20789225
E013,1,L066,0.18999406,0.14970077
E013,1,L067,0.28015643,0.13829415
E013,1,L068,0.30398976,0.18546995
E013,1,L071,0.24700474,0.33777626
E013,1,L072,0.26051556,0.24844334
E013,1,L073,0.24121767,0.21363937
E013,1,L074,0.31955091,0.17556572
E013,1,L075,0.29809927,0.25317995
E013,1,L076,0.28238816,0.28626304
E013,1,L077,0.28870724,0.2786072
E013,1,L078,0.27360495,0.2613853
E013,1,L081,0.35826536,0.19419025
E013,1,L082,0.28218704,0.21026227
E013,1,L083,0.20973947,0.19065231
E013,1,L084,0.28485825,0.20329677
E013,1,L085,0.29752619,0.19851324
E013,1,L086,0.15901939,0.20925953
E013,1,L087,0.30495413,0.20570849
E013,1,L088,0.32016197,0.28343161
E013,1,L091,0.287567,0.33077092
E013,1,L092,0.32305265,0.31087483
E013,1,L093,0.36778814,0.32028695
E013,1,L094,0.30337011,0.28653247
E013,1,L095,0.33925518,0.34325533
E013,1,L096,0.38749587,0.25365952
E013,1,L097,0.33489427,0.30345468
E013,1,L098,0.31867117,0.36075155
E013,1,L101,0.52363832,0.33099117
E013,1,L102,0.32523434,0.28439232
E013,1,L103,0.36711308,0.24019328
E013,1,L104,0.32829442,0.24283639
E013,1,L105,0.31770742,0.19057674
E013,1,L106,0.27016621,0.30557819
E013,1,L107,0.27053303,0.13093882
E013,1,L108,0.23383261,0.28935117
E013,1,L111,0.16462791,0.25390586
E013,1,L112,0.2151438,0.24036569
E013,1,L113,0.36445732,0.30858659
E013,1,L114,0.3088651,0.26349215
E013,1,L115,0.24929099,0.19963994
E013,1,L116,0.30653463,0.2969125
E013,1,L117,0.34544707,0.2781604
E013,1,L118,0.30324022,0.19249007
E013,2,L001,0.26308039,0.24126954
E013,2,L002,0.24314234,0.2439801
E013,2,L003,0.27332297,0.16172772
E013,2,L004,0.32006901,0.20472576
E013,2,L005,0.24385215,0.19435404
E013,2,L006,0.38195861,0.39233513
E013,2,L007,0.24314143,0.18495452
E013,2,L008,0.36187661,0.40305744
E013,2,L011,0.35451402,0.21478128
E013,2,L012,0.37402438,0.27659409
E013,2,L013,0.26824189,0.16155132
E013,2,L014,0.32600677,0.22462311
E013,2,L015,0.29905831,0.25025446
E013,2,L016,0.19401645,0.14566309
E013,2,L017,0.16556074,0.19886842
E013,2,L018,0.1709215,0.19294942
E013,2,L021,0.37899077,0.26569334
E013,2,L022,0.29619448,0.16527944
E013,2,L023,0.19825825,0.16981817
E013,2,L024,0.35987442,0.32024182
E013,2,L025,0.30289125,0.29891885
E013,2,L026,0.32117921,0.1968375
E013,2,L027,0.29649468,0.28615982
E013,2,L028,0.28536546,0.44236306
E013,2,L031,0.29296986,0.14357227
E013,2,L032,0.44368959,0.33957991
E013,2,L033,0.19604943,0.09908211
E013,2,L034,0.2725156,0.22692692
E013,2,L035,0.31470775,0.31031289
E013,2,L036,0.25698184,0.13827811
E013,2,L037,0.24961631,0.1858586
E013,2,L038,0.28354893,0.33958081
E013,2,L041,0.67945298,0.40398528
E013,2,L042,0.25836064,0.35354236
E013,2,L043,0.20217779,0.20637052
E013,2,L044,0.16917765,0.21203989
E013,2,L045,0.21608453,0.11766422
E013,2,L046,0.36192407,0.41412549
E013,2,L047,0.40565302,0.32169367
E013,2,L048,0.37721336,0.39708313
E013,2,L051,0.24899153,0.20960427
E013,2,L052,0.38289194,0.14748081
E013,2,L053,0.32522717,0.31836616
E013,2,L054,0.37579942,0.25526937
E013,2,L055,0.31646707,0.26570985
E013,2,L056,0.22709655,0.30163145
E013,2,L057,0.23476568,0.23380904
E013,2,L058,0.25552659,0.19231983
E013,2,L061,0.32977046,0.21438065
E013,2,L062,0.36580729,0.15750579
E013,2,L063,0.32409983,0.16205369
E013,2,L064,0.21830073,0.19072512
E013,2,L065,0.30917441,0.20789225
E013,2,L066,0.18999406,0.14970077
E013,2,L067,0.28015643,0.13829415
E013,2,L068,0.30398976,0.18546995
E013,2,L071,0.24700474,0.33777626
E013,2,L072,0.26051556,0.24844334
E013,2,L073,0.24121767,0.21363937
E013,2,L074,0.31955091,0.17556572
E013,2,L075,0.29809927,0.25317995
E013,2,L076,0.28238816,0.28626304
E013,2,L077,0.28870724,0.2786072
E013,2,L078,0.27360495,0.2613853
E013,2,L081,0.35826536,0.19419025
E013,2,L082,0.28218704,0.21026227
E013,2,L083,0.20973947,0.19065231
E013,2,L084,0.28485825,0.20329677
E013,2,L085,0.29752619,0.19851324
E013,2,L086,0.15901939,0.20925953
E013,2,L087,0.30495413,0.20570849
E013,2,L088,0.32016197,0.28343161
E013,2,L091,0.287567,0.33077092
E013,2,L092,0.32305265,0.31087483
E013,2,L093,0.36778814,0.32028695
E013,2,L094,0.30337011,0.28653247
E013,2,L095,0.33925518,0.34325533
E013,2,L096,0.38749587,0.25365952
E013,2,L097,0.33489427,0.30345468
E013,2,L098,0.31867117,0.36075155
E013,2,L101,0.52363832,0.33099117
E013,2,L102,0.32523434,0.28439232
E013,2,L103,0.36711308,0.24019328
E013,2,L104,0.32829442,0.24283639
E013,2,L105,0.31770742,0.19057674
E013,2,L106,0.27016621,0.30557819
E013,2,L107,0.27053303,0.13093882
E013,2,L108,0.23383261,0.28935117
E013,2,L111,0.16462791,0.25390586
E013,2,L112,0.2151438,0.24036569
E013,2,L113,0.36445732,0.30858659
E013,2,L114,0.3088651,0.26349215
E013,2,L115,0.24929099,0.19963994
E013,2,L116,0.30653463,0.2969125
E013,2,L117,0.34544707,0.2781604
E013,2,L118,0.30324022,0.19249007
E013,3,L001,0.25479392,0.24126954
E013,3,L002,0.2252847,0.2439801
E013,3,L003,0.28200298,0.16172772
E013,3,L004,0.315511,0.20472576
E013,3,L005,0.24134802,0.19435404
E013,3,L006,0.38224359,0.39233513
E013,3,L007,0.23592663,0.18495452
E013,3,L008,0.36594769,0.40305744
E013,3,L011,0.34864852,0.21478128
E013,3,L012,0.38575479,0.27659409
E013,3,L013,0.24970564,0.16155132
E013,3,L014,0.33693631,0.22462311
E013,3,L015,0.29963886,0.25025446
E013,3,L016,0.22531947,0.14566309
E013,3,L017,0.16637217,0.19886842
E013,3,L018,0.15777305,0.19294942
E013,3,L021,0.35950693,0.26569334
E013,3,L022,0.29823382,0.16527944
E013,3,L023,0.20829451,0.16981817
E013,3,L024,0.36624583,0.32024182
E013,3,L025,0.30822024,0.29891885
E013,3,L026,0.32693064,0.1968375
E013,3,L027,0.32303892,0.28615982
E013,3,L028,0.27800635,0.44236306
E013,3,L031,0.30655899,0.14357227
E013,3,L032,0.43683239,0.33957991
E013,3,L033,0.20761393,0.09908211
E013,3,L034,0.28335739,0.22692692
E013,3,L035,0.32717824,0.31031289
E013,3,L036,0.25676161,0.13827811
E013,3,L037,0.25913643,0.1858586
E013,3,L038,0.29450497,0.33958081
E013,3,L041,0.68906939,0.40398528
E013,3,L042,0.259621,0.35354236
E013,3,L043,0.19660569,0.20637052
E013,3,L044,0.18851146,0.21203989
E013,3,L045,0.24106384,0.11766422
E013,3,L046,0.37752619,0.41412549
E013,3,L047,0.4061679,0.32169367
E013,3,L048,0.37706821,0.39708313
E013,3,L051,0.23947414,0.20960427
E013,3,L052,0.38245216,0.14748081
E013,3,L053,0.32965942,0.31836616
E013,3,L054,0.37420981,0.25526937
E013,3,L055,0.31578953,0.26570985
E013,3,L056,0.23211139,0.30163145
E013,3,L057,0.23316217,0.23380904
E013,3,L058,0.27755277,0.19231983
E013,3,L061,0.34077034,0.21438065
E013,3,L062,0.36870541,0.15750579
E013,3,L063,0.32402885,0.16205369
E013,3,L064,0.21916396,0.19072512
E013,3,L065,0.32436067,0.20789225
E013,3,L066,0.18116276,0.14970077
E013,3,L067,0.29062495,0.13829415
E013,3,L068,0.3106494,0.18546995
E013,3,L071,0.25129889,0.33777626
E013,3,L072,0.26392324,0.24844334
E013,3,L073,0.24930812,0.21363937
E013,3,L074,0.30860948,0.17556572
E013,3,L075,0.30799853,0.25317995
E013,3,L076,0.2981309,0.28626304
E013,3,L077,0.3006937,0.2786072
E013,3,L078,0.26654259,0.2613853
E013,3,L081,0.37030992,0.19419025
E013,3,L082,0.30189484,0.21026227
E013,3,L083,0.20983134,0.19065231
E013,3,L084,0.27211005,0.20329677
E013,3,L085,0.29702274,0.19851324
E013,3,L086,0.1747822,0.20925953
E013,3,L087,0.31602814,0.20570849
E013,3,L088,0.34081153,0.28343161
E013,3,L091,0.29612242,0.33077092
E013,3,L092,0.333188,0.31087483
E013,3,L093,0.3813235,0.32028695
E013,3,L094,0.32390266,0.28653247
E013,3,L095,0.33217339,0.34325533
E013,3,L096,0.39444208,0.25365952
E013,3,L097,0.33712767,0.30345468
E013,3,L098,0.33449586,0.36075155
E013,3,L101,0.51629422,0.33099117
E013,3,L102,0.31856977,0.28439232
E013,3,L103,0.3760324,0.24019328
E013,3,L104,0.33984735,0.24283639
E013,3,L105,0.33101544,0.19057674
E013,3,L106,0.25573664,0.30557819
E013,3,L107,0.2739893,0.13093882
E013,3,L108,0.25388576,0.28935117
E013,3,L111,0.16850705,0.25390586
E013,3,L112,0.19987332,0.24036569
E013,3,L113,0.39037134,0.30858659
E013,3,L114,0.30895628,0.26349215
E013,3,L115,0.26935176,0.19963994
E013,3,L116,0.3061531,0.2969125
E013,3,L117,0.35709655,0.2781604
E013,3,L118,0.30291173,0.19249007
E014,1,L001,0.29368984,0.3122243
E014,1,L002,0.25744425,0.29477152
E014,1,L003,0.29550615,0.1877027
E014,1,L004,0.27262218,0.19516453
E014,1,L005,0.31393354,0.28332249
E014,1,L006,0.37852513,0.2582168
E014,1,L007,0.16060262,0.17858894
E014,1,L008,0.28367568,0.30266258
E014,1,L011,0.273354,0.18767884
E014,1,L012,0.28017125,0.23215626
E014,1,L013,0.3047344,0.16824852
E014,1,L014,0.30554068,0.21853475
E014,1,L015,0.24278857,0.20308155
E014,1,L016,0.33747132,0.20791389
E014,1,L017,0.23732511,0.20976467
E014,1,L018,0.24590745,0.25862659
E014,1,L021,0.21143497,0.35244191
E014,1,L022,0.215496,0.18498587
E014,1,L023,0.39101144,0.29541052
E014,1,L024,0.27910619,0.32395942
E014,1,L025,0.27180333,0.27806472
E014,1,L026,0.18342596,0.15091242
E014,1,L027,0.15144298,0.32838126
E014,1,L028,0.24197413,0.22763744
E014,1,L031,0.23471453,0.14748728
E014,1,L032,0.20811969,0.26221182
E014,1,L033,0.25345689,0.17501543
E014,1,L034,0.22846816,0.22788227
E014,1,L035,0.27583315,0.26861479
E014,1,L036,0.30867694,0.22890733
E014,1,L037,0.28065152,0.20901778
E014,1,L038,0.23354574,0.25530529
E014,1,L041,0.14457288,0.14118137
E014,1,L042,0.17376587,0.3010798
E014,1,L043,0.24531021,0.48549038
E014,1,L044,0.2030268,0.18355709
E014,1,L045,0.74172896,0.59431385
E014,1,L046,0.18354945,0.2695391
E014,1,L047,0.31667093,0.25028554
E014,1,L048,0.20026799,0.20415676
E014,1,L051,0.27243534,0.22322882
E014,1,L052,0.26123526,0.12389885
E014,1,L053,0.17924492,0.24710809
E014,1,L054,0.20502418,0.21810151
E014,1,L055,0.40651577,0.21391628
E014,1,L056,0.22665275,0.20381582
E014,1,L057,0.23306821,0.29555715
E014,1,L058,0.2898617,0.28391218
E014,1,L061,0.31039271,0.1859309
E014,1,L062,0.30487436,0.25803017
E014,1,L063,0.15483221,0.10390272
E014,1,L064,0.33013568,0.33771792
E014,1,L065,0.23735283,0.16389076
E014,1,L066,0.23817879,0.20842918
E014,1,L067,0.29760427,0.23194827
E014,1,L068,0.27822816,0.19162061
E014,1,L071,0.19812147,0.30712325
E014,1,L072,0.21307434,0.2347989
E014,1,L073,0.1592318,0.2506821
E014,1,L074,0.21286119,0.21776981
E014,1,L075,0.19553088,0.22048617
E014,1,L076,0.23759391,0.26835546
E014,1,L077,0.25649658,0.22199877
E014,1,L078,0.26361904,0.22750034
E014,1,L081,0.32147734,0.22442084
E014,1,L082,0.19816988,0.20165772
E014,1,L083,0.34677718,0.37959392
E014,1,L084,0.28757538,0.24172781
E014,1,L085,0.28239042,0.23040929
E014,1,L086,0.05994584,0.17769044
E014,1,L087,0.21963205,0.21423736
E014,1,L088,0.24479612,0.20249009
E014,1,L091,0.17081936,0.20762237
E014,1,L092,0.19562977,0.26514566
E014,1,L093,0.13315371,0.21550675
E014,1,L094,0.11715173,0.16031029
E014,1,L095,0.18896449,0.2768934
E014,1,L096,0.20591581,0.2374121
E014,1,L097,0.20427363,0.21597188
E014,1,L098,0.18350453,0.20665946
E014,1,L101,0.25079134,0.32084072
E014,1,L102,0.31029518,0.268535
E014,1,L103,0.23377136,0.22380531
E014,1,L104,0.20285334,0.23853103
E014,1,L105,0.33403982,0.18624625
E014,1,L106,0.3020138,0.29531489
E014,1,L107,0.24748671,0.22330774
E014,1,L108,0.24371648,0.27517854
E014,1,L111,0.09746878,0.13778914
E014,1,L112,0.20528152,0.15647141
E014,1,L113,0.31227759,0.17344209
E014,1,L114,0.1918612,0.16503433
E014,1,L115,0.21637937,0.18230838
E014,1,L116,0.16278482,0.15755875
E014,1,L117,0.15874024,0.17178074
E014,1,L118,0.36998944,0.27762268
E014,2,L001,0.23912006,0.3122243
E014,2,L002,0.19215645,0.29477152
E014,2,L003,0.25250722,0.1877027
E014,2,L004,0.26391439,0.19516453
E014,2,L005,0.30666077,0.28332249
E014,2,L006,0.35179071,0.2582168
E014,2,L007,0.29950647,0.17858894
E014,2,L008,0.31829561,0.30266258
E014,2,L011,0.29407616,0.18767884
E014,2,L012,0.27327525,0.23215626
E014,2,L013,0.29123451,0.16824852
E014,2,L014,0.28135844,0.21853475
E014,2,L015,0.24994608,0.20308155
E014,2,L016,0.32737203,0.20791389
E014,2,L017,0.24557415,0.20976467
E014,2,L018,0.22753375,0.25862659
E014,2,L021,0.3277169,0.35244191
E014,2,L022,0.21743766,0.18498587
E014,2,L023,0.35910982,0.29541052
E014,2,L024,0.25378406,0.32395942
E014,2,L025,0.3400625,0.27806472
E014,2,L026,0.17454641,0.15091242
E014,2,L027,0.21621149,0.32838126
E014,2,L028,0.24333629,0.22763744
E014,2,L031,0.26289993,0.14748728
E014,2,L032,0.30373191,0.26221182
E014,2,L033,0.26397781,0.17501543
E014,2,L034,0.1931754,0.22788227
E014,2,L035,0.27029374,0.26861479
E014,2,L036,0.29090871,0.22890733
E014,2,L037,0.29436065,0.20901778
E014,2,L038,0.24135281,0.25530529
E014,2,L041,0.12282393,0.14118137
E014,2,L042,0.21368791,0.3010798
E014,2,L043,0.23647698,0.48549038
E014,2,L044,0.21089404,0.18355709
E014,2,L045,0.78321718,0.59431385
E014,2,L046,0.1888628,0.2695391
E014,2,L047,0.3190093,0.25028554
E014,2,L048,0.26747735,0.20415676
E014,2,L051,0.28707707,0.22322882
E014,2,L052,0.26874722,0.12389885
E014,2,L053,0.16429372,0.24710809
E014,2,L054,0.21742428,0.21810151
E014,2,L055,0.40696431,0.21391628
E014,2,L056,0.21621681,0.20381582
E014,2,L057,0.27866155,0.29555715
E014,2,L058,0.24862875,0.28391218
E014,2,L061,0.32476053,0.1859309
E014,2,L062,0.29174071,0.25803017
E014,2,L063,0.21673561,0.10390272
E014,2,L064,0.29860141,0.33771792
E014,2,L065,0.22952181,0.16389076
E014,2,L066,0.30829598,0.20842918
E014,2,L067,0.27699382,0.23194827
E014,2,L068,0.31720711,0.19162061
E014,2,L071,0.2534629,0.30712325
E014,2,L072,0.31465774,0.2347989
E014,2,L073,0.19678754,0.2506821
E014,2,L074,0.21396325,0.21776981
E014,2,L075,0.24493077,0.22048617
E014,2,L076,0.32570236,0.26835546
E014,2,L077,0.27394254,0.22199877
E014,2,L078,0.30725337,0.22750034
E014,2,L081,0.38636596,0.22442084
E014,2,L082,0.2168144,0.20165772
E014,2,L083,0.38277961,0.37959392
E014,2,L084,0.33249102,0.24172781
E014,2,L085,0.35654189,0.23040929
E014,2,L086,0.15917143,0.17769044
E014,2,L087,0.22714979,0.21423736
E014,2,L088,0.29991928,0.20249009
E014,2,L091,0.1626767,0.20762237
E014,2,L092,0.2294033,0.26514566
E014,2,L093,0.15333522,0.21550675
E014,2,L094,0.16011691,0.16031029
E014,2,L095,0.22295526,0.2768934
E014,2,L096,0.19214284,0.2374121
E014,2,L097,0.22268128,0.21597188
E014,2,L098,0.20346132,0.20665946
E014,2,L101,0.30722152,0.32084072
E014,2,L102,0.29526272,0.268535
E014,2,L103,0.20124143,0.22380531
E014,2,L104,0.18748941,0.23853103
E014,2,L105,0.33488277,0.18624625
E014,2,L106,0.36670527,0.29531489
E014,2,L107,0.22632639,0.22330774
E014,2,L108,0.29025297,0.27517854
E014,2,L111,0.17048154,0.13778914
E014,2,L112,0.25421111,0.15647141
E014,2,L113,0.28947815,0.17344209
E014,2,L114,0.34585239,0.16503433
E014,2,L115,0.22634254,0.18230838
E014,2,L116,0.28711427,0.15755875
E014,2,L117,0.16433064,0.17178074
E014,2,L118,0.40170233,0.27762268
E014,3,L001,0.29368984,0.3122243
E014,3,L002,0.25744425,0.29477152
E014,3,L003,0.29550615,0.1877027
E014,3,L004,0.27262218,0.19516453
E014,3,L005,0.31393354,0.28332249
E014,3,L006,0.37852513,0.2582168
E014,3,L007,0.16060262,0.17858894
E014,3,L008,0.28367568,0.30266258
E014,3,L011,0.273354,0.18767884
E014,3,L012,0.28017125,0.23215626
E014,3,L013,0.3047344,0.16824852
E014,3,L014,0.30554068,0.21853475
E014,3,L015,0.24278857,0.20308155
E014,3,L016,0.33747132,0.20791389
E014,3,L017,0.23732511,0.20976467
E014,3,L018,0.24590745,0.25862659
E014,3,L021,0.21143497,0.35244191
E014,3,L022,0.215496,0.18498587
E014,3,L023,0.39101144,0.29541052
E014,3,L024,0.27910619,0.32395942
E014,3,L025,0.27180333,0.27806472
E014,3,L026,0.18342596,0.15091242
E014,3,L027,0.15144298,0.32838126
E014,3,L028,0.24197413,0.22763744
E014,3,L031,0.23471453,0.14748728
E014,3,L032,0.20811969,0.26221182
E014,3,L033,0.25345689,0.17501543
E014,3,L034,0.22846816,0.22788227
E014,3,L035,0.27583315,0.26861479
E014,3,L036,0.30867694,0.22890733
E014,3,L037,0.28065152,0.20901778
E014,3,L038,0.23354574,0.25530529
E014,3,L041,0.14457288,0.14118137
E014,3,L042,0.17376587,0.3010798
E014,3,L043,0.24531021,0.48549038
E014,3,L044,0.2030268,0.18355709
E014,3,L045,0.74172896,0.59431385
E014,3,L046,0.18354945,0.2695391
E014,3,L047,0.31667093,0.25028554
E014,3,L048,0.20026799,0.20415676
E014,3,L051,0.27243534,0.22322882
E014,3,L052,0.26123526,0.12389885
E014,3,L053,0.17924492,0.24710809
E014,3,L054,0.20502418,0.21810151
E014,3,L055,0.40651577,0.21391628
E014,3,L056,0.22665275,0.20381582
E014,3,L057,0.23306821,0.29555715
E014,3,L058,0.2898617,0.28391218
E014,3,L061,0.31039271,0.1859309
E014,3,L062,0.30487436,0.25803017
E014,3,L063,0.15483221,0.10390272
E014,3,L064,0.33013568,0.33771792
E014,3,L065,0.23735283,0.16389076
E014,3,L066,0.23817879,0.20842918
E014,3,L067,0.29760427,0.23194827
E014,3,L068,0.27822816,0.19162061
E014,3,L071,0.19812147,0.30712325
E014,3,L072,0.21307434,0.2347989
E014,3,L073,0.1592318,0.2506821
E014,3,L074,0.21286119,0.21776981
E014,3,L075,0.19553088,0.22048617
E014,3,L076,0.23759391,0.26835546
E014,3,L077,0.25649658,0.22199877
E014,3,L078,0.26361904,0.22750034
E014,3,L081,0.32147734,0.22442084
E014,3,L082,0.19816988,0.20165772
E014,3,L083,0.34677718,0.37959392
E014,3,L084,0.28757538,0.24172781
E014,3,L085,0.28239042,0.23040929
E014,3,L086,0.05994584,0.17769044
E014,3,L087,0.21963205,0.21423736
E014,3,L088,0.24479612,0.20249009
E014,3,L091,0.17081936,0.20762237
E014,3,L092,0.19562977,0.26514566
E014,3,L093,0.13315371,0.21550675
E014,3,L094,0.11715173,0.16031029
E014,3,L095,0.18896449,0.2768934
E014,3,L096,0.20591581,0.2374121
E014,3,L097,0.20427363,0.21597188
E014,3,L098,0.18350453,0.20665946
E014,3,L101,0.25079134,0.32084072
E014,3,L102,0.31029518,0.268535
E014,3,L103,0.23377136,0.22380531
E014,3,L104,0.20285334,0.23853103
E014,3,L105,0.33403982,0.18624625
E014,3,L106,0.3020138,0.29531489
E014,3,L107,0.24748671,0.22330774
E014,3,L108,0.24371648,0.27517854
E014,3,L111,0.09746878,0.13778914
E014,3,L112,0.20528152,0.15647141
E014,3,L113,0.31227759,0.17344209
E014,3,L114,0.1918612,0.16503433
E014,3,L115,0.21637937,0.18230838
E014,3,L116,0.16278482,0.15755875
E014,3,L117,0.15874024,0.17178074
E014,3,L118,0.36998944,0.27762268
E015,1,L001,0.38584977,0.34654881
E015,1,L002,0.32937342,0.28478187
E015,1,L003,0.41219377,0.33383376
E015,1,L004,0.47700888,0.34903811
E015,1,L005,0.34233044,0.24338552
E015,1,L006,0.43281656,0.35697063
E015,1,L007,0.24537352,0.28598658
E015,1,L008,0.41425153,0.31662438
E015,1,L011,0.28334736,0.24366207
E015,1,L012,0.39519612,0.26987492
E015,1,L013,0.30208147,0.326542
E015,1,L014,0.30749902,0.24721201
E015,1,L015,0.24739321,0.34522653
E015,1,L016,0.4454111,0.22721986
E015,1,L017,0.31024698,0.24535931
E015,1,L018,0.17915829,0.34304885
E015,1,L021,0.31829195,0.27690848
E015,1,L022,0.37081333,0.23627865
E015,1,L023,0.39044845,0.29850099
E015,1,L024,0.33207968,0.39587441
E015,1,L025,0.17121839,0.28023232
E015,1,L026,0.27325016,0.36769056
E015,1,L027,0.40361113,0.31670634
E015,1,L028,0.2296459,0.36684097
E015,1,L031,0.42943684,0.39139037
E015,1,L032,0.33247048,0.40466828
E015,1,L033,0.29255742,0.22977863
E015,1,L034,0.34741236,0.35004899
E015,1,L035,0.32699608,0.40087949
E015,1,L036,0.36688223,0.42636411
E015,1,L037,0.45500722,0.2336148
E015,1,L038,0.46283518,0.45888308
E015,1,L041,0.37344303,0.41406366
E015,1,L042,0.29691151,0.51261118
E015,1,L043,0.24105875,0.32092695
E015,1,L044,0.39795114,0.34747081
E015,1,L045,0.34648048,0.1575148
E015,1,L046,0.32986029,0.36655239
E015,1,L047,0.36040689,0.40362244
E015,1,L048,0.33733611,0.43287995
E015,1,L051,0.36323808,0.30083701
E015,1,L052,0.31192756,0.21152342
E015,1,L053,0.3291012,0.45867351
E015,1,L054,0.3109472,0.26224868
E015,1,L055,0.39298673,0.35441444
E015,1,L056,0.29962879,0.36763017
E015,1,L057,0.31476701,0.34285955
E015,1,L058,0.34157663,0.32358645
E015,1,L061,0.32029993,0.3527188
E015,1,L062,0.39221498,0.28753125
E015,1,L063,0.3207587,0.2404771
E015,1,L064,0.30791888,0.2870054
E015,1,L065,0.34299239,0.34936629
E015,1,L066,0.32780311,0.32420246
E015,1,L067,0.32406306,0.28986707
E015,1,L068,0.45785749,0.28061118
E015,1,L071,0.27328293,0.48060295
E015,1,L072,0.33188747,0.33148646
E015,1,L073,0.3774764,0.27888909
E015,1,L074,0.25718907,0.28544285
E015,1,L075,0.38045559,0.40183656
E015,1,L076,0.4067962,0.26070779
E015,1,L077,0.43507124,0.33468561
E015,1,L078,0.22404844,0.34878292
E015,1,L081,0.33889291,0.27813775
E015,1,L082,0.33245906,0.36069202
E015,1,L083,0.33841745,0.30781145
E015,1,L084,0.26523768,0.28067616
E015,1,L085,0.3236693,0.37577643
E015,1,L086,0.13430359,0.3812686
E015,1,L087,0.28400424,0.27497414
E015,1,L088,0.46879702,0.23145982
E015,1,L091,0.30784765,0.28348619
E015,1,L092,0.35082449,0.41375695
E015,1,L093,0.55209379,0.28646904
E015,1,L094,0.36956229,0.34002872
E015,1,L095,0.32251236,0.39661221
E015,1,L096,0.36869326,0.38380213
E015,1,L097,0.30430729,0.36083171
E015,1,L098,0.35883008,0.41845139
E015,1,L101,0.45552318,0.30046174
E015,1,L102,0.43445403,0.28854628
E015,1,L103,0.29999447,0.29386752
E015,1,L104,0.39433367,0.26701252
E015,1,L105,0.36738815,0.30719551
E015,1,L106,0.28086006,0.38664441
E015,1,L107,0.2609231,0.18703046
E015,1,L108,0.38570806,0.36186749
E015,1,L111,0.15411254,0.25639688
E015,1,L112,0.2436357,0.29052571
E015,1,L113,0.36291113,0.26551605
E015,1,L114,0.23548518,0.27264657
E015,1,L115,0.35533549,0.3046278
E015,1,L116,0.34575285,0.31298609
E015,1,L117,0.25686263,0.34273875
E015,1,L118,0.4192324,0.28872141
E015,2,L001,0.38879149,0.34654881
E015,2,L002,0.33880137,0.28478187
E015,2,L003,0.42371255,0.33383376
E015,2,L004,0.4801776,0.34903811
E015,2,L005,0.331024,0.24338552
E015,2,L006,0.39839435,0.35697063
E015,2,L007,0.28374858,0.28598658
E015,2,L008,0.36708202,0.31662438
E015,2,L011,0.27647372,0.24366207
E015,2,L012,0.35048683,0.26987492
E015,2,L013,0.33537042,0.326542
E015,2,L014,0.31034421,0.24721201
E015,2,L015,0.24697958,0.34522653
E015,2,L016,0.42051768,0.22721986
E015,2,L017,0.31820197,0.24535931
E015,2,L018,0.19382535,0.34304885
E015,2,L021,0.33504623,0.27690848
E015,2,L022,0.37052716,0.23627865
E015,2,L023,0.39297786,0.29850099
E015,2,L024,0.31940617,0.39587441
E015,2,L025,0.17995042,0.28023232
E015,2,L026,0.28100472,0.36769056
E015,2,L027,0.35503592,0.31670634
E015,2,L028,0.20145215,0.36684097
E015,2,L031,0.42298409,0.39139037
E015,2,L032,0.34288147,0.40466828
E015,2,L033,0.31063819,0.22977863
E015,2,L034,0.32282604,0.35004899
E015,2,L035,0.32255785,0.40087949
E015,2,L036,0.39770142,0.42636411
E015,2,L037,0.45758888,0.2336148
E015,2,L038,0.43111349,0.45888308
E015,2,L041,0.3803654,0.41406366
E015,2,L042,0.31331541,0.51261118
E015,2,L043,0.26346606,0.32092695
E015,2,L044,0.40196628,0.34747081
E015,2,L045,0.34970365,0.1575148
E015,2,L046,0.32303913,0.36655239
E015,2,L047,0.37825847,0.40362244
E015,2,L048,0.36756485,0.43287995
E015,2,L051,0.38494229,0.30083701
E015,2,L052,0.33523417,0.21152342
E015,2,L053,0.35141031,0.45867351
E015,2,L054,0.32810888,0.26224868
E015,2,L055,0.39374604,0.35441444
E015,2,L056,0.2830341,0.36763017
E015,2,L057,0.33496296,0.34285955
E015,2,L058,0.36094749,0.32358645
E015,2,L061,0.30639785,0.3527188
E015,2,L062,0.41309746,0.28753125
E015,2,L063,0.34233738,0.2404771
E015,2,L064,0.29434322,0.2870054
E015,2,L065,0.31976075,0.34936629
E015,2,L066,0.37586034,0.32420246
E015,2,L067,0.32138698,0.28986707
E015,2,L068,0.47047259,0.28061118
E015,2,L071,0.28703985,0.48060295
E015,2,L072,0.38381009,0.33148646
E015,2,L073,0.3481964,0.27888909
E015,2,L074,0.26703617,0.28544285
E015,2,L075,0.40496528,0.40183656
E015,2,L076,0.39671381,0.26070779
E015,2,L077,0.39762455,0.33468561
E015,2,L078,0.23310758,0.34878292
E015,2,L081,0.34458593,0.27813775
E015,2,L082,0.33367255,0.36069202
E015,2,L083,0.36067336,0.30781145
E015,2,L084,0.28004428,0.28067616
E015,2,L085,0.32212242,0.37577643
E015,2,L086,0.13588215,0.3812686
E015,2,L087,0.28643809,0.27497414
E015,2,L088,0.46840989,0.23145982
E015,2,L091,0.29101373,0.28348619
E015,2,L092,0.36281514,0.41375695
E015,2,L093,0.54600148,0.28646904
E015,2,L094,0.33130789,0.34002872
E015,2,L095,0.33803455,0.39661221
E015,2,L096,0.35767802,0.38380213
E015,2,L097,0.32132005,0.36083171
E015,2,L098,0.32075361,0.41845139
E015,2,L101,0.47001609,0.30046174
E015,2,L102,0.45348627,0.28854628
E015,2,L103,0.29803708,0.29386752
E015,2,L104,0.36042269,0.26701252
E015,2,L105,0.339333,0.30719551
E015,2,L106,0.30008951,0.38664441
E015,2,L107,0.25232617,0.18703046
E015,2,L108,0.40080401,0.36186749
E015,2,L111,0.17044005,0.25639688
E015,2,L112,0.28251713,0.29052571
E015,2,L113,0.38020025,0.26551605
E015,2,L114,0.24668251,0.27264657
E015,2,L115,0.36018541,0.3046278
E015,2,L116,0.33783117,0.31298609
E015,2,L117,0.26016293,0.34273875
E015,2,L118,0.42033915,0.28872141
E015,3,L001,0.38883694,0.34654881
E015,3,L002,0.33881431,0.28478187
E015,3,L003,0.42374838,0.33383376
E015,3,L004,0.48018214,0.34903811
E015,3,L005,0.33103926,0.24338552
E015,3,L006,0.39845355,0.35697063
E015,3,L007,0.28363615,0.28598658
E015,3,L008,0.3671472,0.31662438
E015,3,L011,0.2764644,0.24366207
E015,3,L012,0.35050666,0.26987492
E015,3,L013,0.33529145,0.326542
E015,3,L014,0.31038621,0.24721201
E015,3,L015,0.24701705,0.34522653
E015,3,L016,0.42048697,0.22721986
E015,3,L017,0.31818721,0.24535931
E015,3,L018,0.19378343,0.34304885
E015,3,L021,0.33502442,0.27690848
E015,3,L022,0.37042556,0.23627865
E015,3,L023,0.39292619,0.29850099
E015,3,L024,0.31946815,0.39587441
E015,3,L025,0.1798753,0.28023232
E015,3,L026,0.28096415,0.36769056
E015,3,L027,0.3550179,0.31670634
E015,3,L028,0.20149449,0.36684097
E015,3,L031,0.42297365,0.39139037
E015,3,L032,0.34286424,0.40466828
E015,3,L033,0.31060503,0.22977863
E015,3,L034,0.32279466,0.35004899
E015,3,L035,0.32257263,0.40087949
E015,3,L036,0.39763009,0.42636411
E015,3,L037,0.45754603,0.2336148
E015,3,L038,0.43109928,0.45888308
E015,3,L041,0.38034419,0.41406366
E015,3,L042,0.3132647,0.51261118
E015,3,L043,0.26341434,0.32092695
E015,3,L044,0.40192762,0.34747081
E015,3,L045,0.34971107,0.1575148
E015,3,L046,0.3230242,0.36655239
E015,3,L047,0.37826522,0.40362244
E015,3,L048,0.36748076,0.43287995
E015,3,L051,0.38496518,0.30083701
E015,3,L052,0.33520026,0.21152342
E015,3,L053,0.35144416,0.45867351
E015,3,L054,0.32807486,0.26224868
E015,3,L055,0.39373845,0.35441444
E015,3,L056,0.28309846,0.36763017
E015,3,L057,0.33491474,0.34285955
E015,3,L058,0.3609749,0.32358645
E015,3,L061,0.30644985,0.3527188
E015,3,L062,0.41303785,0.28753125
E015,3,L063,0.34234879,0.2404771
E015,3,L064,0.29434227,0.2870054
E015,3,L065,0.31980577,0.34936629
E015,3,L066,0.3757704,0.32420246
E015,3,L067,0.32137258,0.28986707
E015,3,L068,0.47044835,0.28061118
E015,3,L071,0.28700743,0.48060295
E015,3,L072,0.38373957,0.33148646
E015,3,L073,0.34818439,0.27888909
E015,3,L074,0.2669944,0.28544285
E015,3,L075,0.40491641,0.40183656
E015,3,L076,0.39673053,0.26070779
E015,3,L077,0.39768288,0.33468561
E015,3,L078,0.23308492,0.34878292
E015,3,L081,0.34461287,0.27813775
E015,3,L082,0.33360058,0.36069202
E015,3,L083,0.3607049,0.30781145
E015,3,L084,0.28000044,0.28067616
E015,3,L085,0.32207161,0.37577643
E015,3,L086,0.13580355,0.3812686
E015,3,L087,0.2863133,0.27497414
E015,3,L088,0.46843045,0.23145982
E015,3,L091,0.29103711,0.28348619
E015,3,L092,0.36282572,0.41375695
E015,3,L093,0.5459865,0.28646904
E015,3,L094,0.33133366,0.34002872
E015,3,L095,0.33797745,0.39661221
E015,3,L096,0.35768817,0.38380213
E015,3,L097,0.32128071,0.36083171
E015,3,L098,0.32076369,0.41845139
E015,3,L101,0.47000938,0.30046174
E015,3,L102,0.45352142,0.28854628
E015,3,L103,0.29809974,0.29386752
E015,3,L104,0.36047182,0.26701252
E015,3,L105,0.33939037,0.30719551
E015,3,L106,0.30005654,0.38664441
E015,3,L107,0.25232701,0.18703046
E015,3,L108,0.40083661,0.36186749
E015,3,L111,0.17037648,0.25639688
E015,3,L112,0.28243114,0.29052571
E015,3,L113,0.38019219,0.26551605
E015,3,L114,0.24658154,0.27264657
E015,3,L115,0.36018747,0.3046278
E015,3,L116,0.33775737,0.31298609
E015,3,L117,0.26013565,0.34273875
E015,3,L118,0.42037144,0.28872141
E016,1,L001,0.37688042,0.29080903
E016,1,L002,0.36619969,0.29432046
E016,1,L003,0.31291851,0.21046078
E016,1,L004,0.45691612,0.25680619
E016,1,L005,0.4001825,0.29393489
E016,1,L006,0.32039266,0.21056636
E016,1,L007,0.36874309,0.22683282
E016,1,L008,0.35809558,0.29173823
E016,1,L011,0.39907057,0.23204533
E016,1,L012,0.39501225,0.27529018
E016,1,L013,0.27058159,0.21093804
E016,1,L014,0.29278013,0.25031773
E016,1,L015,0.431261,0.19800776
E016,1,L016,0.2963967,0.2050761
E016,1,L017,0.21453514,0.1459365
E016,1,L018,0.31011532,0.34782768
E016,1,L021,0.3884245,0.38541244
E016,1,L022,0.36942391,0.18272295
E016,1,L023,0.22348942,0.23012608
E016,1,L024,0.44371644,0.27476525
E016,1,L025,0.24183298,0.34627683
E016,1,L026,0.30254615,0.18081358
E016,1,L027,0.31243138,0.33359893
E016,1,L028,0.27735085,0.29358008
E016,1,L031,0.26846498,0.20036502
E016,1,L032,0.31094455,0.32360143
E016,1,L033,0.21472913,0.180554
E016,1,L034,0.34322994,0.21883021
E016,1,L035,0.25551172,0.31248042
E016,1,L036,0.34411688,0.34010448
E016,1,L037,0.34759129,0.22342561
E016,1,L038,0.38458311,0.33693409
E016,1,L041,0.30723918,0.23909704
E016,1,L042,0.38883353,0.29788943
E016,1,L043,0.39733595,0.32328368
E016,1,L044,0.19346436,0.18418171
E016,1,L045,0.27995973,0.1924323
E016,1,L046,0.3936398,0.28844535
E016,1,L047,0.36917586,0.29330258
E016,1,L048,0.43602815,0.35000734
E016,1,L051,0.31829174,0.36601457
E016,1,L052,0.35197002,0.27556745
E016,1,L053,0.35131915,0.3496667
E016,1,L054,0.64352607,0.60066618
E016,1,L055,0.29605865,0.22318095
E016,1,L056,0.26903094,0.29547118
E016,1,L057,0.40343678,0.29138399
E016,1,L058,0.55495437,0.34761438
E016,1,L061,0.38955488,0.32423184
E016,1,L062,0.32202204,0.26967108
E016,1,L063,0.28597077,0.17497562
E016,1,L064,0.33334144,0.3824983
E016,1,L065,0.31564138,0.28440029
E016,1,L066,0.42593519,0.2791419
E016,1,L067,0.31052091,0.23559515
E016,1,L068,0.36502962,0.23152981
E016,1,L071,0.33917632,0.33520258
E016,1,L072,0.35468842,0.35022123
E016,1,L073,0.22560344,0.2584858
E016,1,L074,0.26859262,0.28731395
E016,1,L075,0.40309026,0.2577612
E016,1,L076,0.43643191,0.27695553
E016,1,L077,0.35771046,0.20655712
E016,1,L078,0.2338569,0.26758928
E016,1,L081,0.32015213,0.23341162
E016,1,L082,0.28194777,0.2465087
E016,1,L083,0.29294345,0.21162868
E016,1,L084,0.32263474,0.32404456
E016,1,L085,0.28569525,0.18351392
E016,1,L086,0.16066593,0.23568647
E016,1,L087,0.19804919,0.18300971
E016,1,L088,0.41746815,0.31875816
E016,1,L091,0.24701933,0.24189581
E016,1,L092,0.36786543,0.30289681
E016,1,L093,0.19507274,0.19918155
E016,1,L094,0.236121,0.20545358
E016,1,L095,0.42928002,0.34405922
E016,1,L096,0.31086509,0.35320495
E016,1,L097,0.30871024,0.24854392
E016,1,L098,0.22235477,0.2183125
E016,1,L101,0.3299884,0.27954662
E016,1,L102,0.36700315,0.30274354
E016,1,L103,0.23569888,0.24929573
E016,1,L104,0.16442764,0.21019587
E016,1,L105,0.34332601,0.26824417
E016,1,L106,0.39661015,0.35841907
E016,1,L107,0.3081322,0.19532456
E016,1,L108,0.28698472,0.24964433
E016,1,L111,0.31088429,0.2137993
E016,1,L112,0.25531132,0.24224711
E016,1,L113,0.43658329,0.29052766
E016,1,L114,0.45315681,0.3460203
E016,1,L115,0.30464192,0.24680057
E016,1,L116,0.32899825,0.32356792
E016,1,L117,0.27585199,0.21364406
E016,1,L118,0.37895005,0.30088135
E016,2,L001,0.37928362,0.29080903
E016,2,L002,0.34884455,0.29432046
E016,2,L003,0.27726152,0.21046078
E016,2,L004,0.40516641,0.25680619
E016,2,L005,0.44126108,0.29393489
E016,2,L006,0.29559804,0.21056636
E016,2,L007,0.43784955,0.22683282
E016,2,L008,0.3490041,0.29173823
E016,2,L011,0.37671135,0.23204533
E016,2,L012,0.40459846,0.27529018
E016,2,L013,0.28676187,0.21093804
E016,2,L014,0.28848804,0.25031773
E016,2,L015,0.38538182,0.19800776
E016,2,L016,0.25152471,0.2050761
E016,2,L017,0.18678368,0.1459365
E016,2,L018,0.29698106,0.34782768
E016,2,L021,0.40578457,0.38541244
E016,2,L022,0.36022963,0.18272295
E016,2,L023,0.24556762,0.23012608
E016,2,L024,0.41448701,0.27476525
E016,2,L025,0.26520481,0.34627683
E016,2,L026,0.30332487,0.18081358
E016,2,L027,0.30556095,0.33359893
E016,2,L028,0.29337354,0.29358008
E016,2,L031,0.22595366,0.20036502
E016,2,L032,0.34231602,0.32360143
E016,2,L033,0.1868304,0.180554
E016,2,L034,0.32114836,0.21883021
E016,2,L035,0.24044648,0.31248042
E016,2,L036,0.35906087,0.34010448
E016,2,L037,0.34445295,0.22342561
E016,2,L038,0.35056833,0.33693409
E016,2,L041,0.25777895,0.23909704
E016,2,L042,0.40735181,0.29788943
E016,2,L043,0.41856561,0.32328368
E016,2,L044,0.22601814,0.18418171
E016,2,L045,0.27032747,0.1924323
E016,2,L046,0.43812727,0.28844535
E016,2,L047,0.43043049,0.29330258
E016,2,L048,0.48131455,0.35000734
E016,2,L051,0.34579843,0.36601457
E016,2,L052,0.28699665,0.27556745
E016,2,L053,0.37035351,0.3496667
E016,2,L054,0.6517188,0.60066618
E016,2,L055,0.26204793,0.22318095
E016,2,L056,0.34018609,0.29547118
E016,2,L057,0.44468132,0.29138399
E016,2,L058,0.52838329,0.34761438
E016,2,L061,0.35775404,0.32423184
E016,2,L062,0.28947386,0.26967108
E016,2,L063,0.31388023,0.17497562
E016,2,L064,0.30411549,0.3824983
E016,2,L065,0.28873453,0.28440029
E016,2,L066,0.48346583,0.2791419
E016,2,L067,0.24642655,0.23559515
E016,2,L068,0.37657036,0.23152981
E016,2,L071,0.4144858,0.33520258
E016,2,L072,0.40063718,0.35022123
E016,2,L073,0.26668664,0.2584858
E016,2,L074,0.24276083,0.28731395
E016,2,L075,0.43200969,0.2577612
E016,2,L076,0.4172434,0.27695553
E016,2,L077,0.35963087,0.20655712
E016,2,L078,0.260844,0.26758928
E016,2,L081,0.29945147,0.23341162
E016,2,L082,0.28561113,0.2465087
E016,2,L083,0.29934829,0.21162868
E016,2,L084,0.29630451,0.32404456
E016,2,L085,0.2839187,0.18351392
E016,2,L086,0.19002771,0.23568647
E016,2,L087,0.19787936,0.18300971
E016,2,L088,0.40883168,0.31875816
E016,2,L091,0.25202931,0.24189581
E016,2,L092,0.36730605,0.30289681
E016,2,L093,0.19609679,0.19918155
E016,2,L094,0.23172412,0.20545358
E016,2,L095,0.48255012,0.34405922
E016,2,L096,0.32773953,0.35320495
E016,2,L097,0.34163081,0.24854392
E016,2,L098,0.23733195,0.2183125
E016,2,L101,0.34026512,0.27954662
E016,2,L102,0.36671635,0.30274354
E016,2,L103,0.21304325,0.24929573
E016,2,L104,0.15223458,0.21019587
E016,2,L105,0.29615399,0.26824417
E016,2,L106,0.4740658,0.35841907
E016,2,L107,0.29883203,0.19532456
E016,2,L108,0.26746793,0.24964433
E016,2,L111,0.3518477,0.2137993
E016,2,L112,0.32853363,0.24224711
E016,2,L113,0.45068222,0.29052766
E016,2,L114,0.47444171,0.3460203
E016,2,L115,0.34150294,0.24680057
E016,2,L116,0.47856103,0.32356792
E016,2,L117,0.27900636,0.21364406
E016,2,L118,0.36472555,0.30088135
E016,3,L001,0.3737181,0.29080903
E016,3,L002,0.36555734,0.29432046
E016,3,L003,0.29891819,0.21046078
E016,3,L004,0.43468268,0.25680619
E016,3,L005,0.38533372,0.29393489
E016,3,L006,0.31387085,0.21056636
E016,3,L007,0.36976659,0.22683282
E016,3,L008,0.34231947,0.29173823
E016,3,L011,0.39488639,0.23204533
E016,3,L012,0.38098443,0.27529018
E016,3,L013,0.26632018,0.21093804
E016,3,L014,0.27595455,0.25031773
E016,3,L015,0.4000661,0.19800776
E016,3,L016,0.28322373,0.2050761
E016,3,L017,0.20430993,0.1459365
E016,3,L018,0.29877913,0.34782768
E016,3,L021,0.39179517,0.38541244
E016,3,L022,0.38057555,0.18272295
E016,3,L023,0.22647093,0.23012608
E016,3,L024,0.43502856,0.27476525
E016,3,L025,0.24632714,0.34627683
E016,3,L026,0.29720054,0.18081358
E016,3,L027,0.31102909,0.33359893
E016,3,L028,0.28423805,0.29358008
E016,3,L031,0.26944471,0.20036502
E016,3,L032,0.30181933,0.32360143
E016,3,L033,0.20585329,0.180554
E016,3,L034,0.34358184,0.21883021
E016,3,L035,0.25668007,0.31248042
E016,3,L036,0.35053022,0.34010448
E016,3,L037,0.34940209,0.22342561
E016,3,L038,0.39333271,0.33693409
E016,3,L041,0.29928303,0.23909704
E016,3,L042,0.39508773,0.29788943
E016,3,L043,0.40881531,0.32328368
E016,3,L044,0.18806664,0.18418171
E016,3,L045,0.28041438,0.1924323
E016,3,L046,0.3829037,0.28844535
E016,3,L047,0.36771517,0.29330258
E016,3,L048,0.43167767,0.35000734
E016,3,L051,0.31899683,0.36601457
E016,3,L052,0.33764528,0.27556745
E016,3,L053,0.35701851,0.3496667
E016,3,L054,0.64879365,0.60066618
E016,3,L055,0.28350814,0.22318095
E016,3,L056,0.27422584,0.29547118
E016,3,L057,0.39679778,0.29138399
E016,3,L058,0.564581,0.34761438
E016,3,L061,0.37793026,0.32423184
E016,3,L062,0.3212598,0.26967108
E016,3,L063,0.28545084,0.17497562
E016,3,L064,0.34325294,0.3824983
E016,3,L065,0.31228006,0.28440029
E016,3,L066,0.43476556,0.2791419
E016,3,L067,0.30641531,0.23559515
E016,3,L068,0.35619726,0.23152981
E016,3,L071,0.35367293,0.33520258
E016,3,L072,0.3429892,0.35022123
E016,3,L073,0.22818391,0.2584858
E016,3,L074,0.26009416,0.28731395
E016,3,L075,0.40808103,0.2577612
E016,3,L076,0.4373378,0.27695553
E016,3,L077,0.33926448,0.20655712
E016,3,L078,0.23710051,0.26758928
E016,3,L081,0.32094972,0.23341162
E016,3,L082,0.28366218,0.2465087
E016,3,L083,0.28308601,0.21162868
E016,3,L084,0.31542256,0.32404456
E016,3,L085,0.28486537,0.18351392
E016,3,L086,0.1622334,0.23568647
E016,3,L087,0.19514826,0.18300971
E016,3,L088,0.4072232,0.31875816
E016,3,L091,0.23375945,0.24189581
E016,3,L092,0.36872752,0.30289681
E016,3,L093,0.19137583,0.19918155
E016,3,L094,0.22985756,0.20545358
E016,3,L095,0.43482194,0.34405922
E016,3,L096,0.30979241,0.35320495
E016,3,L097,0.30530768,0.24854392
E016,3,L098,0.22307837,0.2183125
E016,3,L101,0.32482916,0.27954662
E016,3,L102,0.36296336,0.30274354
E016,3,L103,0.22321975,0.24929573
E016,3,L104,0.15509009,0.21019587
E016,3,L105,0.34046906,0.26824417
E016,3,L106,0.38535603,0.35841907
E016,3,L107,0.29489106,0.19532456
E016,3,L108,0.27603978,0.24964433
E016,3,L111,0.29771424,0.2137993
E016,3,L112,0.25341612,0.24224711
E016,3,L113,0.42941251,0.29052766
E016,3,L114,0.43326794,0.3460203
E016,3,L115,0.31226834,0.24680057
E016,3,L116,0.32453401,0.32356792
E016,3,L117,0.27587973,0.21364406
E016,3,L118,0.37632202,0.30088135
E017,1,L001,0.34414206,0.33751594
E017,1,L002,0.29449642,0.34891349
E017,1,L003,0.26149626,0.27605105
E017,1,L004,0.29787607,0.30802787
E017,1,L005,0.41969969,0.27936584
E017,1,L006,0.3075955,0.35236404
E017,1,L007,0.4141504,0.2040821
E017,1,L008,0.37154149,0.33145143
E017,1,L011,0.41862757,0.34820302
E017,1,L012,0.45391645,0.28014867
E017,1,L013,0.40186868,0.24328686
E017,1,L014,0.33789124,0.27347588
E017,1,L015,0.38689172,0.30868383
E017,1,L016,0.3220663,0.16409139
E017,1,L017,0.27644258,0.1527159
E017,1,L018,0.42835535,0.45755074
E017,1,L021,0.3230302,0.22256345
E017,1,L022,0.30028649,0.19877154
E017,1,L023,0.31816397,0.30455469
E017,1,L024,0.38433457,0.32558766
E017,1,L025,0.31208462,0.35967476
E017,1,L026,0.26489846,0.24871212
E017,1,L027,0.24097028,0.32541346
E017,1,L028,0.32437057,0.29218252
E017,1,L031,0.250979,0.21144567
E017,1,L032,0.36596443,0.34255221
E017,1,L033,0.24300287,0.25309478
E017,1,L034,0.30267444,0.32117754
E017,1,L035,0.28378815,0.3177635
E017,1,L036,0.37816143,0.32614372
E017,1,L037,0.29819144,0.24288439
E017,1,L038,0.26922512,0.37621442
E017,1,L041,0.19054768,0.28479269
E017,1,L042,0.28704139,0.31625002
E017,1,L043,0.34068111,0.30579673
E017,1,L044,0.27073109,0.19830654
E017,1,L045,0.38908937,0.17319667
E017,1,L046,0.32312052,0.37567493
E017,1,L047,0.45913163,0.30230634
E017,1,L048,0.4125177,0.41809308
E017,1,L051,0.55765207,0.51255384
E017,1,L052,0.23095043,0.29302993
E017,1,L053,0.38021717,0.45348861
E017,1,L054,0.39083059,0.30163082
E017,1,L055,0.31120208,0.24526238
E017,1,L056,0.50516642,0.29850098
E017,1,L057,0.42573931,0.57382746
E017,1,L058,0.37683009,0.34933003
E017,1,L061,0.3426249,0.2643808
E017,1,L062,0.2821821,0.31378109
E017,1,L063,0.28232864,0.2282461
E017,1,L064,0.409221,0.38642203
E017,1,L065,0.33168098,0.32337573
E017,1,L066,0.41575356,0.24830096
E017,1,L067,0.31563338,0.28680332
E017,1,L068,0.39876498,0.27056748
E017,1,L071,0.35552757,0.54156547
E017,1,L072,0.40453261,0.30404401
E017,1,L073,0.26649095,0.23273202
E017,1,L074,0.17959766,0.31205016
E017,1,L075,0.35583021,0.39610634
E017,1,L076,0.37858872,0.23013396
E017,1,L077,0.33202256,0.31205655
E017,1,L078,0.35474139,0.3501917
E017,1,L081,0.29774455,0.19191942
E017,1,L082,0.28137323,0.33737783
E017,1,L083,0.29070049,0.34942643
E017,1,L084,0.2831538,0.2885571
E017,1,L085,0.27754361,0.18418939
E017,1,L086,0.18696764,0.36069783
E017,1,L087,0.29529131,0.34204923
E017,1,L088,0.3146534,0.3421095
E017,1,L091,0.27012069,0.345277
E017,1,L092,0.33089383,0.34181648
E017,1,L093,0.1792926,0.2664864
E017,1,L094,0.24172311,0.32436849
E017,1,L095,0.48292206,0.3584124
E017,1,L096,0.27453785,0.38604111
E017,1,L097,0.42194301,0.30723482
E017,1,L098,0.19456669,0.37152738
E017,1,L101,0.3273572,0.24801584
E017,1,L102,0.29909899,0.21417923
E017,1,L103,0.31091651,0.27809805
E017,1,L104,0.23037049,0.28937161
E017,1,L105,0.33855149,0.28557516
E017,1,L106,0.41763379,0.37548632
E017,1,L107,0.38389751,0.22011605
E017,1,L108,0.27131378,0.26111225
E017,1,L111,0.30105164,0.31167643
E017,1,L112,0.39224118,0.26339714
E017,1,L113,0.41591308,0.34428903
E017,1,L114,0.35742521,0.36066291
E017,1,L115,0.30970343,0.31129699
E017,1,L116,0.38434613,0.39199355
E017,1,L117,0.23293671,0.34237556
E017,1,L118,0.44407187,0.27045835
E017,2,L001,0.34429439,0.33751594
E017,2,L002,0.31132358,0.34891349
E017,2,L003,0.25476299,0.27605105
E017,2,L004,0.31650137,0.30802787
E017,2,L005,0.38666981,0.27936584
E017,2,L006,0.24763315,0.35236404
E017,2,L007,0.33947142,0.2040821
E017,2,L008,0.30902529,0.33145143
E017,2,L011,0.35980847,0.34820302
E017,2,L012,0.35871833,0.28014867
E017,2,L013,0.29247512,0.24328686
E017,2,L014,0.34068494,0.27347588
E017,2,L015,0.36663776,0.30868383
E017,2,L016,0.29653198,0.16409139
E017,2,L017,0.24215819,0.1527159
E017,2,L018,0.38526494,0.45755074
E017,2,L021,0.19963949,0.22256345
E017,2,L022,0.23316633,0.19877154
E017,2,L023,0.25893169,0.30455469
E017,2,L024,0.32310776,0.32558766
E017,2,L025,0.22644107,0.35967476
E017,2,L026,0.21636645,0.24871212
E017,2,L027,0.20238974,0.32541346
E017,2,L028,0.22790374,0.29218252
E017,2,L031,0.24730233,0.21144567
E017,2,L032,0.24624954,0.34255221
E017,2,L033,0.21441229,0.25309478
E017,2,L034,0.22548587,0.32117754
E017,2,L035,0.25012692,0.3177635
E017,2,L036,0.32130216,0.32614372
E017,2,L037,0.27783453,0.24288439
E017,2,L038,0.26157561,0.37621442
E017,2,L041,0.18993274,0.28479269
E017,2,L042,0.28115791,0.31625002
E017,2,L043,0.38860533,0.30579673
E017,2,L044,0.30452914,0.19830654
E017,2,L045,0.31989322,0.17319667
E017,2,L046,0.29884438,0.37567493
E017,2,L047,0.35151044,0.30230634
E017,2,L048,0.38618931,0.41809308
E017,2,L051,0.47420718,0.51255384
E017,2,L052,0.18030728,0.29302993
E017,2,L053,0.41095032,0.45348861
E017,2,L054,0.34234259,0.30163082
E017,2,L055,0.22241343,0.24526238
E017,2,L056,0.41187313,0.29850098
E017,2,L057,0.44872064,0.57382746
E017,2,L058,0.35722858,0.34933003
E017,2,L061,0.33812337,0.2643808
E017,2,L062,0.26566576,0.31378109
E017,2,L063,0.32046776,0.2282461
E017,2,L064,0.48530162,0.38642203
E017,2,L065,0.33223679,0.32337573
E017,2,L066,0.37691936,0.24830096
E017,2,L067,0.25756892,0.28680332
E017,2,L068,0.43679925,0.27056748
E017,2,L071,0.34692628,0.54156547
E017,2,L072,0.35693474,0.30404401
E017,2,L073,0.22360803,0.23273202
E017,2,L074,0.17123269,0.31205016
E017,2,L075,0.34056267,0.39610634
E017,2,L076,0.38353499,0.23013396
E017,2,L077,0.33194409,0.31205655
E017,2,L078,0.25014496,0.3501917
E017,2,L081,0.19638002,0.19191942
E017,2,L082,0.22253322,0.33737783
E017,2,L083,0.2235198,0.34942643
E017,2,L084,0.25025359,0.2885571
E017,2,L085,0.23961486,0.18418939
E017,2,L086,0.17217305,0.36069783
E017,2,L087,0.25150533,0.34204923
E017,2,L088,0.26516973,0.3421095
E017,2,L091,0.3198217,0.345277
E017,2,L092,0.31712919,0.34181648
E017,2,L093,0.24337485,0.2664864
E017,2,L094,0.24843919,0.32436849
E017,2,L095,0.36145855,0.3584124
E017,2,L096,0.25554927,0.38604111
E017,2,L097,0.33931195,0.30723482
E017,2,L098,0.21168829,0.37152738
E017,2,L101,0.23889103,0.24801584
E017,2,L102,0.30653341,0.21417923
E017,2,L103,0.28382474,0.27809805
E017,2,L104,0.2663352,0.28937161
E017,2,L105,0.38016785,0.28557516
E017,2,L106,0.3583562,0.37548632
E017,2,L107,0.37143299,0.22011605
E017,2,L108,0.25695362,0.26111225
E017,2,L111,0.30547088,0.31167643
E017,2,L112,0.26210328,0.26339714
E017,2,L113,0.3063216,0.34428903
E017,2,L114,0.27406134,0.36066291
E017,2,L115,0.32372289,0.31129699
E017,2,L116,0.32849945,0.39199355
E017,2,L117,0.213762,0.34237556
E017,2,L118,0.3390919,0.27045835
E017,3,L001,0.3178745,0.33751594
E017,3,L002,0.31895957,0.34891349
E017,3,L003,0.25351139,0.27605105
E017,3,L004,0.2979137,0.30802787
E017,3,L005,0.43054638,0.27936584
E017,3,L006,0.28119051,0.35236404
E017,3,L007,0.40172042,0.2040821
E017,3,L008,0.34547365,0.33145143
E017,3,L011,0.40949689,0.34820302
E017,3,L012,0.40908687,0.28014867
E017,3,L013,0.37250957,0.24328686
E017,3,L014,0.33197308,0.27347588
E017,3,L015,0.3849471,0.30868383
E017,3,L016,0.29568646,0.16409139
E017,3,L017,0.27455928,0.1527159
E017,3,L018,0.43589525,0.45755074
E017,3,L021,0.26852462,0.22256345
E017,3,L022,0.29434845,0.19877154
E017,3,L023,0.2688032,0.30455469
E017,3,L024,0.38735662,0.32558766
E017,3,L025,0.25129096,0.35967476
E017,3,L026,0.26498678,0.24871212
E017,3,L027,0.21242826,0.32541346
E017,3,L028,0.27957471,0.29218252
E017,3,L031,0.24568176,0.21144567
E017,3,L032,0.2893209,0.34255221
E017,3,L033,0.23657428,0.25309478
E017,3,L034,0.28071267,0.32117754
E017,3,L035,0.31271155,0.3177635
E017,3,L036,0.34935361,0.32614372
E017,3,L037,0.31985017,0.24288439
E017,3,L038,0.28360536,0.37621442
E017,3,L041,0.34695991,0.28479269
E017,3,L042,0.35484809,0.31625002
E017,3,L043,0.36949358,0.30579673
E017,3,L044,0.33063782,0.19830654
E017,3,L045,0.32495698,0.17319667
E017,3,L046,0.33948597,0.37567493
E017,3,L047,0.42619216,0.30230634
E017,3,L048,0.43349,0.41809308
E017,3,L051,0.54886262,0.51255384
E017,3,L052,0.29008169,0.29302993
E017,3,L053,0.43875663,0.45348861
E017,3,L054,0.39412118,0.30163082
E017,3,L055,0.26920918,0.24526238
E017,3,L056,0.48521798,0.29850098
E017,3,L057,0.44073227,0.57382746
E017,3,L058,0.40076554,0.34933003
E017,3,L061,0.35079801,0.2643808
E017,3,L062,0.29537013,0.31378109
E017,3,L063,0.31892107,0.2282461
E017,3,L064,0.47000259,0.38642203
E017,3,L065,0.36309724,0.32337573
E017,3,L066,0.41605278,0.24830096
E017,3,L067,0.33678168,0.28680332
E017,3,L068,0.46255504,0.27056748
E017,3,L071,0.28397922,0.54156547
E017,3,L072,0.41918421,0.30404401
E017,3,L073,0.2806872,0.23273202
E017,3,L074,0.20465304,0.31205016
E017,3,L075,0.36103172,0.39610634
E017,3,L076,0.39761328,0.23013396
E017,3,L077,0.3125201,0.31205655
E017,3,L078,0.32095024,0.3501917
E017,3,L081,0.23298209,0.19191942
E017,3,L082,0.25910717,0.33737783
E017,3,L083,0.26518849,0.34942643
E017,3,L084,0.32260408,0.2885571
E017,3,L085,0.28404837,0.18418939
E017,3,L086,0.2021289,0.36069783
E017,3,L087,0.34818601,0.34204923
E017,3,L088,0.31357076,0.3421095
E017,3,L091,0.29398587,0.345277
E017,3,L092,0.46704179,0.34181648
E017,3,L093,0.25762282,0.2664864
E017,3,L094,0.23201714,0.32436849
E017,3,L095,0.4374044,0.3584124
E017,3,L096,0.30868404,0.38604111
E017,3,L097,0.45692546,0.30723482
E017,3,L098,0.20914529,0.37152738
E017,3,L101,0.31745415,0.24801584
E017,3,L102,0.35170614,0.21417923
E017,3,L103,0.35468635,0.27809805
E017,3,L104,0.31196753,0.28937161
E017,3,L105,0.34563687,0.28557516
E017,3,L106,0.38530454,0.37548632
E017,3,L107,0.45115981,0.22011605
E017,3,L108,0.27107811,0.26111225
E017,3,L111,0.32381077,0.31167643
E017,3,L112,0.34099066,0.26339714
E017,3,L113,0.3592867,0.34428903
E017,3,L114,0.32461729,0.36066291
E017,3,L115,0.27845143,0.31129699
E017,3,L116,0.35516732,0.39199355
E017,3,L117,0.29066665,0.34237556
E017,3,L118,0.36694553,0.27045835
E018,1,L001,0.29229781,0.27438547
E018,1,L002,0.33792888,0.23159841
E018,1,L003,0.46889392,0.35033732
E018,1,L004,0.39089902,0.24173871
E018,1,L005,0.30747083,0.28726199
E018,1,L006,0.40480593,0.38800229
E018,1,L007,0.31836719,0.16480465
E018,1,L008,0.35031993,0.29959075
E018,1,L011,0.34325782,0.22992318
E018,1,L012,0.36761606,0.31353644
E018,1,L013,0.32536554,0.1274119
E018,1,L014,0.29160346,0.18608882
E018,1,L015,0.29440624,0.30876586
E018,1,L016,0.40014458,0.17397405
E018,1,L017,0.25138762,0.24526338
E018,1,L018,0.37588084,0.31637995
E018,1,L021,0.46034368,0.24002898
E018,1,L022,0.30237198,0.18198164
E018,1,L023,0.3807941,0.21685235
E018,1,L024,0.36167258,0.26266298
E018,1,L025,0.2758054,0.23833841
E018,1,L026,0.26817874,0.33446553
E018,1,L027,0.35636773,0.25717384
E018,1,L028,0.27233169,0.36245021
E018,1,L031,0.36027136,0.28749029
E018,1,L032,0.30269344,0.26950015
E018,1,L033,0.25020542,0.12701569
E018,1,L034,0.33105955,0.30247496
E018,1,L035,0.28402136,0.26007638
E018,1,L036,0.32398096,0.17959672
E018,1,L037,0.39330707,0.21619786
E018,1,L038,0.30788596,0.326541
E018,1,L041,0.41019182,0.39543681
E018,1,L042,0.27701972,0.27746646
E018,1,L043,0.29624051,0.20637713
E018,1,L044,0.22635889,0.22650999
E018,1,L045,0.33762736,0.18922686
E018,1,L046,0.44514698,0.34755636
E018,1,L047,0.2736758,0.27843901
E018,1,L048,0.39693428,0.34085725
E018,1,L051,0.31320307,0.36823887
E018,1,L052,0.39985735,0.19598199
E018,1,L053,0.29759242,0.32860559
E018,1,L054,0.41545771,0.20286885
E018,1,L055,0.59888766,0.63147448
E018,1,L056,0.23920458,0.37279026
E018,1,L057,0.42380882,0.37176277
E018,1,L058,0.40366125,0.25733751
E018,1,L061,0.31841863,0.21099284
E018,1,L062,0.33473706,0.18162584
E018,1,L063,0.29859606,0.14560428
E018,1,L064,0.2582706,0.21941231
E018,1,L065,0.24668355,0.24116507
E018,1,L066,0.33562306,0.21423858
E018,1,L067,0.27643911,0.16604981
E018,1,L068,0.38551007,0.21542253
E018,1,L071,0.29221909,0.3728684
E018,1,L072,0.30038689,0.35447807
E018,1,L073,0.26123907,0.20133538
E018,1,L074,0.31625802,0.17236633
E018,1,L075,0.30363318,0.31814575
E018,1,L076,0.40454234,0.19859959
E018,1,L077,0.34352958,0.23207004
E018,1,L078,0.24405276,0.23786205
E018,1,L081,0.4970546,0.22851535
E018,1,L082,0.33580795,0.16018144
E018,1,L083,0.29288282,0.41155359
E018,1,L084,0.23372997,0.26399377
E018,1,L085,0.35709251,0.43715421
E018,1,L086,0.23857545,0.25101066
E018,1,L087,0.23658153,0.19684428
E018,1,L088,0.51081887,0.36089814
E018,1,L091,0.25542818,0.31405457
E018,1,L092,0.26812542,0.23864394
E018,1,L093,0.2907265,0.31270968
E018,1,L094,0.27808558,0.22754862
E018,1,L095,0.27341915,0.30414014
E018,1,L096,0.23765003,0.31240203
E018,1,L097,0.34520588,0.19342193
E018,1,L098,0.28797963,0.3460742
E018,1,L101,0.34285828,0.24949811
E018,1,L102,0.34850042,0.3536098
E018,1,L103,0.28969231,0.17126425
E018,1,L104,0.23478323,0.28626311
E018,1,L105,0.4285401,0.29668746
E018,1,L106,0.48666106,0.4641939
E018,1,L107,0.27257328,0.11261746
E018,1,L108,0.35431433,0.43361711
E018,1,L111,0.30165508,0.1939517
E018,1,L112,0.20490026,0.20363086
E018,1,L113,0.33271764,0.3588803
E018,1,L114,0.4352695,0.30567941
E018,1,L115,0.30073845,0.1895125
E018,1,L116,0.28104482,0.30105872
E018,1,L117,0.3060641,0.2363077
E018,1,L118,0.4686331,0.27811751
E018,2,L001,0.31996574,0.27438547
E018,2,L002,0.27873654,0.23159841
E018,2,L003,0.35045866,0.35033732
E018,2,L004,0.37380356,0.24173871
E018,2,L005,0.3479506,0.28726199
E018,2,L006,0.40901208,0.38800229
E018,2,L007,0.25078548,0.16480465
E018,2,L008,0.38784491,0.29959075
E018,2,L011,0.31801949,0.22992318
E018,2,L012,0.38148408,0.31353644
E018,2,L013,0.34310162,0.1274119
E018,2,L014,0.32497596,0.18608882
E018,2,L015,0.21510396,0.30876586
E018,2,L016,0.29526171,0.17397405
E018,2,L017,0.26788468,0.24526338
E018,2,L018,0.20070023,0.31637995
E018,2,L021,0.3071222,0.24002898
E018,2,L022,0.27559268,0.18198164
E018,2,L023,0.40996179,0.21685235
E018,2,L024,0.34037474,0.26266298
E018,2,L025,0.27196547,0.23833841
E018,2,L026,0.26660156,0.33446553
E018,2,L027,0.27494016,0.25717384
E018,2,L028,0.23563444,0.36245021
E018,2,L031,0.32317864,0.28749029
E018,2,L032,0.31922043,0.26950015
E018,2,L033,0.26425116,0.12701569
E018,2,L034,0.30351796,0.30247496
E018,2,L035,0.28143451,0.26007638
E018,2,L036,0.31076889,0.17959672
E018,2,L037,0.29227703,0.21619786
E018,2,L038,0.29878854,0.326541
E018,2,L041,0.38450024,0.39543681
E018,2,L042,0.25241375,0.27746646
E018,2,L043,0.28150599,0.20637713
E018,2,L044,0.27491256,0.22650999
E018,2,L045,0.34065373,0.18922686
E018,2,L046,0.40782961,0.34755636
E018,2,L047,0.38469571,0.27843901
E018,2,L048,0.3564113,0.34085725
E018,2,L051,0.29158427,0.36823887
E018,2,L052,0.33492756,0.19598199
E018,2,L053,0.3584263,0.32860559
E018,2,L054,0.37493355,0.20286885
E018,2,L055,0.54853508,0.63147448
E018,2,L056,0.26186252,0.37279026
E018,2,L057,0.28880312,0.37176277
E018,2,L058,0.33383652,0.25733751
E018,2,L061,0.27965584,0.21099284
E018,2,L062,0.24556768,0.18162584
E018,2,L063,0.22691752,0.14560428
E018,2,L064,0.32724747,0.21941231
E018,2,L065,0.2744914,0.24116507
E018,2,L066,0.23691712,0.21423858
E018,2,L067,0.27960106,0.16604981
E018,2,L068,0.39326583,0.21542253
E018,2,L071,0.26374945,0.3728684
E018,2,L072,0.24059006,0.35447807
E018,2,L073,0.24764608,0.20133538
E018,2,L074,0.25726532,0.17236633
E018,2,L075,0.28427669,0.31814575
E018,2,L076,0.32755688,0.19859959
E018,2,L077,0.3415498,0.23207004
E018,2,L078,0.2793752,0.23786205
E018,2,L081,0.29725957,0.22851535
E018,2,L082,0.38979491,0.16018144
E018,2,L083,0.34507345,0.41155359
E018,2,L084,0.28982554,0.26399377
E018,2,L085,0.35693308,0.43715421
E018,2,L086,0.19159724,0.25101066
E018,2,L087,0.35708632,0.19684428
E018,2,L088,0.33800615,0.36089814
E018,2,L091,0.32825136,0.31405457
E018,2,L092,0.31151869,0.23864394
E018,2,L093,0.32592536,0.31270968
E018,2,L094,0.25707064,0.22754862
E018,2,L095,0.29241409,0.30414014
E018,2,L096,0.21636386,0.31240203
E018,2,L097,0.34683281,0.19342193
E018,2,L098,0.28914482,0.3460742
E018,2,L101,0.37226349,0.24949811
E018,2,L102,0.34214448,0.3536098
E018,2,L103,0.31286252,0.17126425
E018,2,L104,0.35563281,0.28626311
E018,2,L105,0.37249147,0.29668746
E018,2,L106,0.49676496,0.4641939
E018,2,L107,0.25546149,0.11261746
E018,2,L108,0.28641751,0.43361711
E018,2,L111,0.17459204,0.1939517
E018,2,L112,0.22959322,0.20363086
E018,2,L113,0.28365056,0.3588803
E018,2,L114,0.21732565,0.30567941
E018,2,L115,0.30180311,0.1895125
E018,2,L116,0.34752307,0.30105872
E018,2,L117,0.2574517,0.2363077
E018,2,L118,0.36564266,0.27811751
E018,3,L001,0.39971599,0.27438547
E018,3,L002,0.38346017,0.23159841
E018,3,L003,0.36159267,0.35033732
E018,3,L004,0.50725382,0.24173871
E018,3,L005,0.47050808,0.28726199
E018,3,L006,0.2893877,0.38800229
E018,3,L007,0.38843956,0.16480465
E018,3,L008,0.47335968,0.29959075
E018,3,L011,0.36939332,0.22992318
E018,3,L012,0.38104943,0.31353644
E018,3,L013,0.28086595,0.1274119
E018,3,L014,0.4109145,0.18608882
E018,3,L015,0.41139312,0.30876586
E018,3,L016,0.25686757,0.17397405
E018,3,L017,0.31006619,0.24526338
E018,3,L018,0.26809239,0.31637995
E018,3,L021,0.33850483,0.24002898
E018,3,L022,0.28697362,0.18198164
E018,3,L023,0.27449392,0.21685235
E018,3,L024,0.31137081,0.26266298
E018,3,L025,0.32665912,0.23833841
E018,3,L026,0.25839876,0.33446553
E018,3,L027,0.32852146,0.25717384
E018,3,L028,0.28025798,0.36245021
E018,3,L031,0.3988728,0.28749029
E018,3,L032,0.36975046,0.26950015
E018,3,L033,0.28093085,0.12701569
E018,3,L034,0.25995136,0.30247496
E018,3,L035,0.4321902,0.26007638
E018,3,L036,0.39493754,0.17959672
E018,3,L037,0.39533928,0.21619786
E018,3,L038,0.2624052,0.326541
E018,3,L041,0.36262294,0.39543681
E018,3,L042,0.40860839,0.27746646
E018,3,L043,0.41469281,0.20637713
E018,3,L044,0.23354981,0.22650999
E018,3,L045,0.40117869,0.18922686
E018,3,L046,0.40528747,0.34755636
E018,3,L047,0.36305043,0.27843901
E018,3,L048,0.47935673,0.34085725
E018,3,L051,0.40506293,0.36823887
E018,3,L052,0.37224047,0.19598199
E018,3,L053,0.37188738,0.32860559
E018,3,L054,0.41731671,0.20286885
E018,3,L055,0.38657354,0.63147448
E018,3,L056,0.2765248,0.37279026
E018,3,L057,0.42705335,0.37176277
E018,3,L058,0.41212778,0.25733751
E018,3,L061,0.2851536,0.21099284
E018,3,L062,0.3169023,0.18162584
E018,3,L063,0.38386387,0.14560428
E018,3,L064,0.33738135,0.21941231
E018,3,L065,0.29316788,0.24116507
E018,3,L066,0.49848491,0.21423858
E018,3,L067,0.26274013,0.16604981
E018,3,L068,0.47495271,0.21542253
E018,3,L071,0.39342718,0.3728684
E018,3,L072,0.43916003,0.35447807
E018,3,L073,0.29213087,0.20133538
E018,3,L074,0.27900072,0.17236633
E018,3,L075,0.39396919,0.31814575
E018,3,L076,0.53132524,0.19859959
E018,3,L077,0.38584565,0.23207004
E018,3,L078,0.32793192,0.23786205
E018,3,L081,0.28731876,0.22851535
E018,3,L082,0.34305701,0.16018144
E018,3,L083,0.42373186,0.41155359
E018,3,L084,0.32399693,0.26399377
E018,3,L085,0.32665081,0.43715421
E018,3,L086,0.16911725,0.25101066
E018,3,L087,0.22386809,0.19684428
E018,3,L088,0.37315649,0.36089814
E018,3,L091,0.43519287,0.31405457
E018,3,L092,0.40161184,0.23864394
E018,3,L093,0.34017012,0.31270968
E018,3,L094,0.32197335,0.22754862
E018,3,L095,0.34160488,0.30414014
E018,3,L096,0.26708851,0.31240203
E018,3,L097,0.46008418,0.19342193
E018,3,L098,0.22664898,0.3460742
E018,3,L101,0.43856704,0.24949811
E018,3,L102,0.5916111,0.3536098
E018,3,L103,0.44269316,0.17126425
E018,3,L104,0.32629964,0.28626311
E018,3,L105,0.51246766,0.29668746
E018,3,L106,0.75463915,0.4641939
E018,3,L107,0.32695242,0.11261746
E018,3,L108,0.48338434,0.43361711
E018,3,L111,0.25789224,0.1939517
E018,3,L112,0.24852178,0.20363086
E018,3,L113,0.32563563,0.3588803
E018,3,L114,0.36405915,0.30567941
E018,3,L115,0.39204635,0.1895125
E018,3,L116,0.33844095,0.30105872
E018,3,L117,0.33179738,0.2363077
E018,3,L118,0.39479021,0.27811751
E019,1,L001,0.2677863,0.29539756
E019,1,L002,0.34485404,0.35734073
E019,1,L003,0.37942113,0.23635809
E019,1,L004,0.32018536,0.16122207
E019,1,L005,0.21501342,0.31490972
E019,1,L006,0.34523307,0.19240137
E019,1,L007,0.22325859,0.22649038
E019,1,L008,0.28636226,0.20933433
E019,1,L011,0.268456,0.24268559
E019,1,L012,0.29775541,0.20059223
E019,1,L013,0.48071384,0.19491762
E019,1,L014,0.39318135,0.26407002
E019,1,L015,0.34451438,0.23043918
E019,1,L016,0.30575122,0.16961894
E019,1,L017,0.32466939,0.192676
E019,1,L018,0.30045927,0.1871725
E019,1,L021,0.34743638,0.22163799
E019,1,L022,0.36539995,0.16855208
E019,1,L023,0.36219888,0.38671992
E019,1,L024,0.32542967,0.20919216
E019,1,L025,0.31989388,0.17467675
E019,1,L026,0.25788125,0.23061112
E019,1,L027,0.19489322,0.19547631
E019,1,L028,0.26751087,0.23449339
E019,1,L031,0.32136074,0.23338552
E019,1,L032,0.30240858,0.28823141
E019,1,L033,0.29961815,0.16696971
E019,1,L034,0.30662847,0.22537905
E019,1,L035,0.32360649,0.37527968
E019,1,L036,0.3773846,0.24355792
E019,1,L037,0.3080563,0.26916291
E019,1,L038,0.23776026,0.34079153
E019,1,L041,0.43406334,0.25579921
E019,1,L042,0.25167353,0.30840312
E019,1,L043,0.39268586,0.2539084
E019,1,L044,0.22917997,0.26209359
E019,1,L045,0.33010967,0.16281281
E019,1,L046,0.21998161,0.18784062
E019,1,L047,0.26371221,0.23156942
E019,1,L048,0.26240354,0.25184794
E019,1,L051,0.32813683,0.2523224
E019,1,L052,0.45018768,0.19946437
E019,1,L053,0.37015113,0.33278155
E019,1,L054,0.34781601,0.09910296
E019,1,L055,0.43864586,0.32009608
E019,1,L056,0.20087462,0.22673814
E019,1,L057,0.27234184,0.27412347
E019,1,L058,0.3624775,0.37768151
E019,1,L061,0.39149094,0.37900418
E019,1,L062,0.44006104,0.31299574
E019,1,L063,0.32730175,0.29088158
E019,1,L064,0.36698143,0.35832348
E019,1,L065,0.35680588,0.32342868
E019,1,L066,0.21215427,0.323772
E019,1,L067,0.34921862,0.31803182
E019,1,L068,0.35982811,0.3089721
E019,1,L071,0.24449428,0.32033388
E019,1,L072,0.29454161,0.18146033
E019,1,L073,0.23669657,0.21699416
E019,1,L074,0.4287314,0.40143697
E019,1,L075,0.2736163,0.294046
E019,1,L076,0.25011376,0.16541554
E019,1,L077,0.27645331,0.23678055
E019,1,L078,0.4113757,0.54457181
E019,1,L081,0.37223581,0.31971843
E019,1,L082,0.3151106,0.24964107
E019,1,L083,0.3288492,0.28807038
E019,1,L084,0.23435497,0.10864707
E019,1,L085,0.38885031,0.28012704
E019,1,L086,0.14135008,0.20321111
E019,1,L087,0.32292128,0.17535808
E019,1,L088,0.36020189,0.16307825
E019,1,L091,0.2156383,0.26898905
E019,1,L092,0.31368161,0.31575138
E019,1,L093,0.25029621,0.16555485
E019,1,L094,0.22761288,0.17527308
E019,1,L095,0.36370852,0.23624075
E019,1,L096,0.38599403,0.32456899
E019,1,L097,0.30685993,0.22529023
E019,1,L098,0.23356899,0.21337275
E019,1,L101,0.38762104,0.25221769
E019,1,L102,0.31344791,0.22202211
E019,1,L103,0.27819264,0.35316171
E019,1,L104,0.31032445,0.2112137
E019,1,L105,0.34993674,0.25637328
E019,1,L106,0.3259114,0.21927038
E019,1,L107,0.23535617,0.24627261
E019,1,L108,0.35073549,0.31825018
E019,1,L111,0.22823518,0.19394451
E019,1,L112,0.41809276,0.27618863
E019,1,L113,0.36736153,0.15561097
E019,1,L114,0.35014015,0.12209406
E019,1,L115,0.25883813,0.23584986
E019,1,L116,0.27262198,0.20119851
E019,1,L117,0.26396978,0.19093422
E019,1,L118,0.35422321,0.27190305
E019,2,L001,0.25207138,0.29539756
E019,2,L002,0.27735322,0.35734073
E019,2,L003,0.32301134,0.23635809
E019,2,L004,0.27918507,0.16122207
E019,2,L005,0.25273557,0.31490972
E019,2,L006,0.34207193,0.19240137
E019,2,L007,0.32161714,0.22649038
E019,2,L008,0.31761292,0.20933433
E019,2,L011,0.26926546,0.24268559
E019,2,L012,0.3513665,0.20059223
E019,2,L013,0.50304362,0.19491762
E019,2,L014,0.37336499,0.26407002
E019,2,L015,0.29113343,0.23043918
E019,2,L016,0.27047927,0.16961894
E019,2,L017,0.37818464,0.192676
E019,2,L018,0.27615911,0.1871725
E019,2,L021,0.38196294,0.22163799
E019,2,L022,0.42530554,0.16855208
E019,2,L023,0.38892484,0.38671992
E019,2,L024,0.31129284,0.20919216
E019,2,L025,0.38390296,0.17467675
E019,2,L026,0.36264744,0.23061112
E019,2,L027,0.20627738,0.19547631
E019,2,L028,0.20726395,0.23449339
E019,2,L031,0.36792631,0.23338552
E019,2,L032,0.34819098,0.28823141
E019,2,L033,0.31378643,0.16696971
E019,2,L034,0.36832226,0.22537905
E019,2,L035,0.33373609,0.37527968
E019,2,L036,0.4265488,0.24355792
E019,2,L037,0.32809833,0.26916291
E019,2,L038,0.25103191,0.34079153
E019,2,L041,0.44961995,0.25579921
E019,2,L042,0.29792252,0.30840312
E019,2,L043,0.46074765,0.2539084
E019,2,L044,0.24199924,0.26209359
E019,2,L045,0.3072775,0.16281281
E019,2,L046,0.27173566,0.18784062
E019,2,L047,0.30439867,0.23156942
E019,2,L048,0.32665386,0.25184794
E019,2,L051,0.2752812,0.2523224
E019,2,L052,0.43706945,0.19946437
E019,2,L053,0.34925931,0.33278155
E019,2,L054,0.34239416,0.09910296
E019,2,L055,0.39303483,0.32009608
E019,2,L056,0.14727798,0.22673814
E019,2,L057,0.31001518,0.27412347
E019,2,L058,0.28494591,0.37768151
E019,2,L061,0.32345425,0.37900418
E019,2,L062,0.45047742,0.31299574
E019,2,L063,0.31391792,0.29088158
E019,2,L064,0.29638653,0.35832348
E019,2,L065,0.30237798,0.32342868
E019,2,L066,0.27665785,0.323772
E019,2,L067,0.3309466,0.31803182
E019,2,L068,0.32158344,0.3089721
E019,2,L071,0.3067637,0.32033388
E019,2,L072,0.34193779,0.18146033
E019,2,L073,0.23032581,0.21699416
E019,2,L074,0.42829129,0.40143697
E019,2,L075,0.30509628,0.294046
E019,2,L076,0.28298174,0.16541554
E019,2,L077,0.29479458,0.23678055
E019,2,L078,0.49979623,0.54457181
E019,2,L081,0.37904953,0.31971843
E019,2,L082,0.39713428,0.24964107
E019,2,L083,0.32578175,0.28807038
E019,2,L084,0.21749745,0.10864707
E019,2,L085,0.4272383,0.28012704
E019,2,L086,0.20231922,0.20321111
E019,2,L087,0.35917885,0.17535808
E019,2,L088,0.35172057,0.16307825
E019,2,L091,0.21820166,0.26898905
E019,2,L092,0.32607677,0.31575138
E019,2,L093,0.25608572,0.16555485
E019,2,L094,0.222516,0.17527308
E019,2,L095,0.42289818,0.23624075
E019,2,L096,0.32815292,0.32456899
E019,2,L097,0.34422476,0.22529023
E019,2,L098,0.23292049,0.21337275
E019,2,L101,0.39855809,0.25221769
E019,2,L102,0.28612772,0.22202211
E019,2,L103,0.28881049,0.35316171
E019,2,L104,0.26382094,0.2112137
E019,2,L105,0.3847064,0.25637328
E019,2,L106,0.34139855,0.21927038
E019,2,L107,0.23990012,0.24627261
E019,2,L108,0.31668444,0.31825018
E019,2,L111,0.27724478,0.19394451
E019,2,L112,0.46790778,0.27618863
E019,2,L113,0.36431895,0.15561097
E019,2,L114,0.39732106,0.12209406
E019,2,L115,0.3212009,0.23584986
E019,2,L116,0.35260909,0.20119851
E019,2,L117,0.27623151,0.19093422
E019,2,L118,0.301213,0.27190305
E019,3,L001,0.25350558,0.29539756
E019,3,L002,0.27744589,0.35734073
E019,3,L003,0.34846582,0.23635809
E019,3,L004,0.30029698,0.16122207
E019,3,L005,0.23332049,0.31490972
E019,3,L006,0.33957541,0.19240137
E019,3,L007,0.26054023,0.22649038
E019,3,L008,0.35067599,0.20933433
E019,3,L011,0.26886069,0.24268559
E019,3,L012,0.33670818,0.20059223
E019,3,L013,0.43588588,0.19491762
E019,3,L014,0.32453885,0.26407002
E019,3,L015,0.28510828,0.23043918
E019,3,L016,0.27231178,0.16961894
E019,3,L017,0.35205413,0.192676
E019,3,L018,0.24042464,0.1871725
E019,3,L021,0.40056451,0.22163799
E019,3,L022,0.41327876,0.16855208
E019,3,L023,0.35245433,0.38671992
E019,3,L024,0.30366569,0.20919216
E019,3,L025,0.31985612,0.17467675
E019,3,L026,0.29975764,0.23061112
E019,3,L027,0.21837825,0.19547631
E019,3,L028,0.22045276,0.23449339
E019,3,L031,0.34388409,0.23338552
E019,3,L032,0.35042733,0.28823141
E019,3,L033,0.27274325,0.16696971
E019,3,L034,0.32112091,0.22537905
E019,3,L035,0.33168043,0.37527968
E019,3,L036,0.38282839,0.24355792
E019,3,L037,0.32427714,0.26916291
E019,3,L038,0.24378624,0.34079153
E019,3,L041,0.49345319,0.25579921
E019,3,L042,0.29703476,0.30840312
E019,3,L043,0.44744407,0.2539084
E019,3,L044,0.20634192,0.26209359
E019,3,L045,0.30090326,0.16281281
E019,3,L046,0.25648095,0.18784062
E019,3,L047,0.22779895,0.23156942
E019,3,L048,0.31173189,0.25184794
E019,3,L051,0.3216465,0.2523224
E019,3,L052,0.44794061,0.19946437
E019,3,L053,0.39181021,0.33278155
E019,3,L054,0.32918346,0.09910296
E019,3,L055,0.41893313,0.32009608
E019,3,L056,0.1783766,0.22673814
E019,3,L057,0.30617329,0.27412347
E019,3,L058,0.3128535,0.37768151
E019,3,L061,0.32038943,0.37900418
E019,3,L062,0.45712335,0.31299574
E019,3,L063,0.34259912,0.29088158
E019,3,L064,0.30402696,0.35832348
E019,3,L065,0.2980643,0.32342868
E019,3,L066,0.25307629,0.323772
E019,3,L067,0.29365419,0.31803182
E019,3,L068,0.35937314,0.3089721
E019,3,L071,0.30837939,0.32033388
E019,3,L072,0.33888336,0.18146033
E019,3,L073,0.27016044,0.21699416
E019,3,L074,0.42184961,0.40143697
E019,3,L075,0.30641508,0.294046
E019,3,L076,0.28993395,0.16541554
E019,3,L077,0.32511371,0.23678055
E019,3,L078,0.37932729,0.54457181
E019,3,L081,0.38499605,0.31971843
E019,3,L082,0.34241512,0.24964107
E019,3,L083,0.31387036,0.28807038
E019,3,L084,0.21754094,0.10864707
E019,3,L085,0.39160721,0.28012704
E019,3,L086,0.17794198,0.20321111
E019,3,L087,0.33856486,0.17535808
E019,3,L088,0.36451743,0.16307825
E019,3,L091,0.21051758,0.26898905
E019,3,L092,0.3229184,0.31575138
E019,3,L093,0.28677129,0.16555485
E019,3,L094,0.22521249,0.17527308
E019,3,L095,0.29131686,0.23624075
E019,3,L096,0.3176874,0.32456899
E019,3,L097,0.29156435,0.22529023
E019,3,L098,0.22089288,0.21337275
E019,3,L101,0.38300386,0.25221769
E019,3,L102,0.28695991,0.22202211
E019,3,L103,0.26762655,0.35316171
E019,3,L104,0.28642176,0.2112137
E019,3,L105,0.40295426,0.25637328
E019,3,L106,0.29840974,0.21927038
E019,3,L107,0.19162418,0.24627261
E019,3,L108,0.32998783,0.31825018
E019,3,L111,0.28263515,0.19394451
E019,3,L112,0.33625424,0.27618863
E019,3,L113,0.3703892,0.15561097
E019,3,L114,0.37292322,0.12209406
E019,3,L115,0.31154333,0.23584986
E019,3,L116,0.29670088,0.20119851
E019,3,L117,0.27163151,0.19093422
E019,3,L118,0.31033424,0.27190305
E020,1,L001,0.31764889,0.26390993
E020,1,L002,0.24732111,0.22803453
E020,1,L003,0.26509553,0.28739114
E020,1,L004,0.38628273,0.19176373
E020,1,L005,0.34350905,0.25690344
E020,1,L006,0.24072857,0.22964691
E020,1,L007,0.32945132,0.28815303
E020,1,L008,0.39936405,0.30394118
E020,1,L011,0.32016322,0.15318057
E020,1,L012,0.33835899,0.23702064
E020,1,L013,0.21701084,0.17044895
E020,1,L014,0.27771663,0.18935338
E020,1,L015,0.2374256,0.22165814
E020,1,L016,0.23368231,0.19902334
E020,1,L017,0.20557894,0.12459633
E020,1,L018,0.16772608,0.32775302
E020,1,L021,0.28803481,0.19905539
E020,1,L022,0.2346605,0.20334072
E020,1,L023,0.288805,0.20504488
E020,1,L024,0.30899782,0.19972164
E020,1,L025,0.19588287,0.2211463
E020,1,L026,0.1991407,0.20964026
E020,1,L027,0.31236922,0.1945261
E020,1,L028,0.131712,0.20442489
E020,1,L031,0.26479795,0.25402399
E020,1,L032,0.2991099,0.3278855
E020,1,L033,0.16635899,0.14930145
E020,1,L034,0.15132143,0.2378577
E020,1,L035,0.261591,0.2915187
E020,1,L036,0.29226926,0.24472419
E020,1,L037,0.33563723,0.1766331
E020,1,L038,0.28173981,0.37271019
E020,1,L041,0.34900146,0.24609763
E020,1,L042,0.55722802,0.33421199
E020,1,L043,0.47283197,0.19420795
E020,1,L044,0.17973464,0.18644821
E020,1,L045,0.30804828,0.16975245
E020,1,L046,0.46458791,0.27698017
E020,1,L047,0.39750558,0.22740668
E020,1,L048,0.34931883,0.40806016
E020,1,L051,0.33964003,0.32808743
E020,1,L052,0.2344029,0.25795755
E020,1,L053,0.4498612,0.46105344
E020,1,L054,0.36774382,0.15966609
E020,1,L055,0.27230647,0.27430875
E020,1,L056,0.28454736,0.32849851
E020,1,L057,0.32119156,0.27622631
E020,1,L058,0.34341458,0.30819691
E020,1,L061,0.21703943,0.39694108
E020,1,L062,0.25959436,0.3111072
E020,1,L063,0.3428029,0.58605019
E020,1,L064,0.284983,0.30819789
E020,1,L065,0.18424546,0.28291722
E020,1,L066,0.35403404,0.36769005
E020,1,L067,0.23002588,0.17377942
E020,1,L068,0.43532999,0.33357445
E020,1,L071,0.3937441,0.39425295
E020,1,L072,0.40639403,0.34128529
E020,1,L073,0.39731313,0.22690881
E020,1,L074,0.19806071,0.34345546
E020,1,L075,0.39366575,0.34725035
E020,1,L076,0.46900303,0.29093876
E020,1,L077,0.39574601,0.53992381
E020,1,L078,0.25660493,0.31210125
E020,1,L081,0.29813742,0.18460319
E020,1,L082,0.22970237,0.18370386
E020,1,L083,0.32996278,0.22872437
E020,1,L084,0.35548292,0.19287315
E020,1,L085,0.28362451,0.2088936
E020,1,L086,0.17584354,0.14578435
E020,1,L087,0.24085879,0.16024462
E020,1,L088,0.33164975,0.23306621
E020,1,L091,0.38977851,0.24308538
E020,1,L092,0.4825834,0.28551114
E020,1,L093,0.34243091,0.31670578
E020,1,L094,0.25732861,0.20645751
E020,1,L095,0.28957306,0.35585551
E020,1,L096,0.37573787,0.30270118
E020,1,L097,0.37182855,0.21064007
E020,1,L098,0.1759607,0.23500772
E020,1,L101,0.38733543,0.26970437
E020,1,L102,0.50438865,0.26527696
E020,1,L103,0.31380019,0.22401327
E020,1,L104,0.29265878,0.29852518
E020,1,L105,0.3794552,0.31381041
E020,1,L106,0.30575884,0.26974251
E020,1,L107,0.26145,0.23298149
E020,1,L108,0.30094767,0.39859342
E020,1,L111,0.22773659,0.31101062
E020,1,L112,0.25304875,0.27868883
E020,1,L113,0.35912341,0.31650147
E020,1,L114,0.29315801,0.27816598
E020,1,L115,0.50774336,0.24053052
E020,1,L116,0.29431858,0.21673712
E020,1,L117,0.29513019,0.22963929
E020,1,L118,0.23432229,0.22876074
E020,2,L001,0.34873723,0.26390993
E020,2,L002,0.27309629,0.22803453
E020,2,L003,0.27254468,0.28739114
E020,2,L004,0.39635847,0.19176373
E020,2,L005,0.37270512,0.25690344
E020,2,L006,0.23530623,0.22964691
E020,2,L007,0.35190539,0.28815303
E020,2,L008,0.42686747,0.30394118
E020,2,L011,0.30324026,0.15318057
E020,2,L012,0.33841448,0.23702064
E020,2,L013,0.19496577,0.17044895
E020,2,L014,0.25805985,0.18935338
E020,2,L015,0.21717063,0.22165814
E020,2,L016,0.28488778,0.19902334
E020,2,L017,0.19947982,0.12459633
E020,2,L018,0.19130317,0.32775302
E020,2,L021,0.29137964,0.19905539
E020,2,L022,0.26316578,0.20334072
E020,2,L023,0.27753133,0.20504488
E020,2,L024,0.32202947,0.19972164
E020,2,L025,0.20334461,0.2211463
E020,2,L026,0.18720919,0.20964026
E020,2,L027,0.31100605,0.1945261
E020,2,L028,0.16246651,0.20442489
E020,2,L031,0.22000715,0.25402399
E020,2,L032,0.28610964,0.3278855
E020,2,L033,0.14917453,0.14930145
E020,2,L034,0.13654721,0.2378577
E020,2,L035,0.22885826,0.2915187
E020,2,L036,0.27079386,0.24472419
E020,2,L037,0.34671719,0.1766331
E020,2,L038,0.27931188,0.37271019
E020,2,L041,0.31723042,0.24609763
E020,2,L042,0.54621696,0.33421199
E020,2,L043,0.45303814,0.19420795
E020,2,L044,0.20689325,0.18644821
E020,2,L045,0.30337603,0.16975245
E020,2,L046,0.45332467,0.27698017
E020,2,L047,0.37399717,0.22740668
E020,2,L048,0.34629068,0.40806016
E020,2,L051,0.37893999,0.32808743
E020,2,L052,0.21799309,0.25795755
E020,2,L053,0.49866036,0.46105344
E020,2,L054,0.3365963,0.15966609
E020,2,L055,0.27659932,0.27430875
E020,2,L056,0.34487533,0.32849851
E020,2,L057,0.3716844,0.27622631
E020,2,L058,0.32590047,0.30819691
E020,2,L061,0.22554031,0.39694108
E020,2,L062,0.24740416,0.3111072
E020,2,L063,0.38882644,0.58605019
E020,2,L064,0.30643776,0.30819789
E020,2,L065,0.19179349,0.28291722
E020,2,L066,0.36935504,0.36769005
E020,2,L067,0.20440428,0.17377942
E020,2,L068,0.48590655,0.33357445
E020,2,L071,0.41404643,0.39425295
E020,2,L072,0.42071441,0.34128529
E020,2,L073,0.4105669,0.22690881
E020,2,L074,0.18855831,0.34345546
E020,2,L075,0.42098209,0.34725035
E020,2,L076,0.46235555,0.29093876
E020,2,L077,0.50079674,0.53992381
E020,2,L078,0.2329875,0.31210125
E020,2,L081,0.29090025,0.18460319
E020,2,L082,0.19609019,0.18370386
E020,2,L083,0.36395083,0.22872437
E020,2,L084,0.36295402,0.19287315
E020,2,L085,0.2562025,0.2088936
E020,2,L086,0.16145519,0.14578435
E020,2,L087,0.24895722,0.16024462
E020,2,L088,0.33284103,0.23306621
E020,2,L091,0.36447739,0.24308538
E020,2,L092,0.48158587,0.28551114
E020,2,L093,0.34705677,0.31670578
E020,2,L094,0.26780019,0.20645751
E020,2,L095,0.27235297,0.35585551
E020,2,L096,0.38959625,0.30270118
E020,2,L097,0.3484674,0.21064007
E020,2,L098,0.18694403,0.23500772
E020,2,L101,0.36855075,0.26970437
E020,2,L102,0.49127149,0.26527696
E020,2,L103,0.27636113,0.22401327
E020,2,L104,0.2808324,0.29852518
E020,2,L105,0.40678718,0.31381041
E020,2,L106,0.34210258,0.26974251
E020,2,L107,0.27825875,0.23298149
E020,2,L108,0.32722271,0.39859342
E020,2,L111,0.25517814,0.31101062
E020,2,L112,0.24012177,0.27868883
E020,2,L113,0.34352237,0.31650147
E020,2,L114,0.3111186,0.27816598
E020,2,L115,0.47325647,0.24053052
E020,2,L116,0.3304884,0.21673712
E020,2,L117,0.28838487,0.22963929
E020,2,L118,0.25251175,0.22876074
E020,3,L001,0.31764889,0.26390993
E020,3,L002,0.24732111,0.22803453
E020,3,L003,0.26509553,0.28739114
E020,3,L004,0.38628273,0.19176373
E020,3,L005,0.34350905,0.25690344
E020,3,L006,0.24072857,0.22964691
E020,3,L007,0.32945132,0.28815303
E020,3,L008,0.39936405,0.30394118
E020,3,L011,0.32016322,0.15318057
E020,3,L012,0.33835899,0.23702064
E020,3,L013,0.21701084,0.17044895
E020,3,L014,0.27771663,0.18935338
E020,3,L015,0.2374256,0.22165814
E020,3,L016,0.23368231,0.19902334
E020,3,L017,0.20557894,0.12459633
E020,3,L018,0.16772608,0.32775302
E020,3,L021,0.28803481,0.19905539
E020,3,L022,0.2346605,0.20334072
E020,3,L023,0.288805,0.20504488
E020,3,L024,0.30899782,0.19972164
E020,3,L025,0.19588287,0.2211463
E020,3,L026,0.1991407,0.20964026
E020,3,L027,0.31236922,0.1945261
E020,3,L028,0.131712,0.20442489
E020,3,L031,0.26479795,0.25402399
E020,3,L032,0.2991099,0.3278855
E020,3,L033,0.16635899,0.14930145
E020,3,L034,0.15132143,0.2378577
E020,3,L035,0.261591,0.2915187
E020,3,L036,0.29226926,0.24472419
E020,3,L037,0.33563723,0.1766331
E020,3,L038,0.28173981,0.37271019
E020,3,L041,0.34900146,0.24609763
E020,3,L042,0.55722802,0.33421199
E020,3,L043,0.47283197,0.19420795
E020,3,L044,0.17973464,0.18644821
E020,3,L045,0.30804828,0.16975245
E020,3,L046,0.46458791,0.27698017
E020,3,L047,0.39750558,0.22740668
E020,3,L048,0.34931883,0.40806016
E020,3,L051,0.33964003,0.32808743
E020,3,L052,0.2344029,0.25795755
E020,3,L053,0.4498612,0.46105344
E020,3,L054,0.36774382,0.15966609
E020,3,L055,0.27230647,0.27430875
E020,3,L056,0.28454736,0.32849851
E020,3,L057,0.32119156,0.27622631
E020,3,L058,0.34341458,0.30819691
E020,3,L061,0.21703943,0.39694108
E020,3,L062,0.25959436,0.3111072
E020,3,L063,0.3428029,0.58605019
E020,3,L064,0.284983,0.30819789
E020,3,L065,0.18424546,0.28291722
E020,3,L066,0.35403404,0.36769005
E020,3,L067,0.23002588,0.17377942
E020,3,L068,0.43532999,0.33357445
E020,3,L071,0.3937441,0.39425295
E020,3,L072,0.40639403,0.34128529
E020,3,L073,0.39731313,0.22690881
E020,3,L074,0.19806071,0.34345546
E020,3,L075,0.39366575,0.34725035
E020,3,L076,0.46900303,0.29093876
E020,3,L077,0.39574601,0.53992381
E020,3,L078,0.25660493,0.31210125
E020,3,L081,0.29813742,0.18460319
E020,3,L082,0.22970237,0.18370386
E020,3,L083,0.32996278,0.22872437
E020,3,L084,0.35548292,0.19287315
E020,3,L085,0.28362451,0.2088936
E020,3,L086,0.17584354,0.14578435
E020,3,L087,0.24085879,0.16024462
E020,3,L088,0.33164975,0.23306621
E020,3,L091,0.38977851,0.24308538
E020,3,L092,0.4825834,0.28551114
E020,3,L093,0.34243091,0.31670578
E020,3,L094,0.25732861,0.20645751
E020,3,L095,0.28957306,0.35585551
E020,3,L096,0.37573787,0.30270118
E020,3,L097,0.37182855,0.21064007
E020,3,L098,0.1759607,0.23500772
E020,3,L101,0.38733543,0.26970437
E020,3,L102,0.50438865,0.26527696
E020,3,L103,0.31380019,0.22401327
E020,3,L104,0.29265878,0.29852518
E020,3,L105,0.3794552,0.31381041
E020,3,L106,0.30575884,0.26974251
E020,3,L107,0.26145,0.23298149
E020,3,L108,0.30094767,0.39859342
E020,3,L111,0.22773659,0.31101062
E020,3,L112,0.25304875,0.27868883
E020,3,L113,0.35912341,0.31650147
E020,3,L114,0.29315801,0.27816598
E020,3,L115,0.50774336,0.24053052
E020,3,L116,0.29431858,0.21673712
E020,3,L117,0.29513019,0.22963929
E020,3,L118,0.23432229,0.22876074
E021,1,L001,0.32346722,0.25738707
E021,1,L002,0.33444321,0.27111773
E021,1,L003,0.34885384,0.22013786
E021,1,L004,0.41646758,0.20427509
E021,1,L005,0.33876817,0.20958119
E021,1,L006,0.28815196,0.25589163
E021,1,L007,0.29826855,0.16301726
E021,1,L008,0.32672754,0.21353755
E021,1,L011,0.35068378,0.36195683
E021,1,L012,0.3674542,0.27127414
E021,1,L013,0.42915137,0.24073765
E021,1,L014,0.55737747,0.35838219
E021,1,L015,0.44062048,0.30368207
E021,1,L016,0.21195649,0.12430818
E021,1,L017,0.39905116,0.14658334
E021,1,L018,0.20866753,0.30001879
E021,1,L021,0.29559406,0.24706007
E021,1,L022,0.39235885,0.13873288
E021,1,L023,0.36359905,0.36075252
E021,1,L024,0.31143408,0.27235469
E021,1,L025,0.4898598,0.26002448
E021,1,L026,0.33781146,0.19334873
E021,1,L027,0.27350533,0.34910833
E021,1,L028,0.3259201,0.33386111
E021,1,L031,0.44567321,0.25397302
E021,1,L032,0.26945472,0.2230525
E021,1,L033,0.46741523,0.21012102
E021,1,L034,0.36328721,0.26739587
E021,1,L035,0.40973026,0.17623966
E021,1,L036,0.47593404,0.22227678
E021,1,L037,0.3766579,0.18488356
E021,1,L038,0.34009764,0.23162357
E021,1,L041,0.28958391,0.23089193
E021,1,L042,0.20385133,0.30972717
E021,1,L043,0.32687844,0.17167149
E021,1,L044,0.41256719,0.28535953
E021,1,L045,0.36965323,0.23134061
E021,1,L046,0.33867171,0.29301331
E021,1,L047,0.29664974,0.27204021
E021,1,L048,0.36694977,0.22121499
E021,1,L051,0.29326026,0.24829414
E021,1,L052,0.26287907,0.19450731
E021,1,L053,0.35177606,0.28223918
E021,1,L054,0.34289974,0.23284611
E021,1,L055,0.20562756,0.30504455
E021,1,L056,0.30353137,0.1955278
E021,1,L057,0.27403684,0.41062845
E021,1,L058,0.34187465,0.34921259
E021,1,L061,0.35253006,0.3049166
E021,1,L062,0.35612567,0.21256926
E021,1,L063,0.35540124,0.31077762
E021,1,L064,0.54810104,0.56969661
E021,1,L065,0.57848166,0.35186789
E021,1,L066,0.36214345,0.22532691
E021,1,L067,0.45410555,0.41079326
E021,1,L068,0.49023489,0.36918811
E021,1,L071,0.36657924,0.40940358
E021,1,L072,0.30648379,0.23230847
E021,1,L073,0.17194313,0.22547561
E021,1,L074,0.29275151,0.34251842
E021,1,L075,0.3059485,0.28017487
E021,1,L076,0.36435298,0.2018036
E021,1,L077,0.28567389,0.24537812
E021,1,L078,0.29775787,0.27078525
E021,1,L081,0.27934298,0.10636339
E021,1,L082,0.44150418,0.21867924
E021,1,L083,0.22696626,0.29721437
E021,1,L084,0.25827946,0.22782144
E021,1,L085,0.2882837,0.15631668
E021,1,L086,0.20983162,0.22562287
E021,1,L087,0.24344879,0.2290769
E021,1,L088,0.31634265,0.26004859
E021,1,L091,0.44042056,0.25208969
E021,1,L092,0.41316063,0.3854603
E021,1,L093,0.31720446,0.21270689
E021,1,L094,0.33795867,0.26429224
E021,1,L095,0.42753461,0.31603315
E021,1,L096,0.24839759,0.26469722
E021,1,L097,0.45918281,0.33832112
E021,1,L098,0.34535381,0.24840349
E021,1,L101,0.34549972,0.32303607
E021,1,L102,0.32704461,0.22219376
E021,1,L103,0.38553723,0.23932143
E021,1,L104,0.22779831,0.28747269
E021,1,L105,0.32117918,0.18158762
E021,1,L106,0.38154623,0.26027417
E021,1,L107,0.3819524,0.24069144
E021,1,L108,0.35681445,0.31848375
E021,1,L111,0.24758989,0.21454894
E021,1,L112,0.36606138,0.31929021
E021,1,L113,0.30108285,0.26782643
E021,1,L114,0.3486756,0.28008531
E021,1,L115,0.34317309,0.21674153
E021,1,L116,0.3156428,0.28469042
E021,1,L117,0.30716918,0.23135363
E021,1,L118,0.39391028,0.40327605
E021,2,L001,0.26212576,0.25738707
E021,2,L002,0.27381312,0.27111773
E021,2,L003,0.32130406,0.22013786
E021,2,L004,0.38640598,0.20427509
E021,2,L005,0.3272249,0.20958119
E021,2,L006,0.29450256,0.25589163
E021,2,L007,0.30942386,0.16301726
E021,2,L008,0.3012622,0.21353755
E021,2,L011,0.35277232,0.36195683
E021,2,L012,0.34394602,0.27127414
E021,2,L013,0.41379885,0.24073765
E021,2,L014,0.51332423,0.35838219
E021,2,L015,0.41516283,0.30368207
E021,2,L016,0.24918879,0.12430818
E021,2,L017,0.41301068,0.14658334
E021,2,L018,0.19754424,0.30001879
E021,2,L021,0.33441934,0.24706007
E021,2,L022,0.46066697,0.13873288
E021,2,L023,0.38031535,0.36075252
E021,2,L024,0.35224057,0.27235469
E021,2,L025,0.35026293,0.26002448
E021,2,L026,0.37405343,0.19334873
E021,2,L027,0.27321342,0.34910833
E021,2,L028,0.29720407,0.33386111
E021,2,L031,0.47531745,0.25397302
E021,2,L032,0.28920581,0.2230525
E021,2,L033,0.4535443,0.21012102
E021,2,L034,0.40537058,0.26739587
E021,2,L035,0.42273772,0.17623966
E021,2,L036,0.48289713,0.22227678
E021,2,L037,0.40214392,0.18488356
E021,2,L038,0.3853253,0.23162357
E021,2,L041,0.32269483,0.23089193
E021,2,L042,0.26401073,0.30972717
E021,2,L043,0.30393779,0.17167149
E021,2,L044,0.40678622,0.28535953
E021,2,L045,0.36492288,0.23134061
E021,2,L046,0.39351241,0.29301331
E021,2,L047,0.29532759,0.27204021
E021,2,L048,0.41680766,0.22121499
E021,2,L051,0.3053565,0.24829414
E021,2,L052,0.27433236,0.19450731
E021,2,L053,0.39952435,0.28223918
E021,2,L054,0.35605765,0.23284611
E021,2,L055,0.22644802,0.30504455
E021,2,L056,0.31511429,0.1955278
E021,2,L057,0.29053587,0.41062845
E021,2,L058,0.30298018,0.34921259
E021,2,L061,0.36529873,0.3049166
E021,2,L062,0.39113647,0.21256926
E021,2,L063,0.38697989,0.31077762
E021,2,L064,0.37758233,0.56969661
E021,2,L065,0.57033587,0.35186789
E021,2,L066,0.41366548,0.22532691
E021,2,L067,0.44280164,0.41079326
E021,2,L068,0.45706995,0.36918811
E021,2,L071,0.40021389,0.40940358
E021,2,L072,0.34256801,0.23230847
E021,2,L073,0.17043169,0.22547561
E021,2,L074,0.32049201,0.34251842
E021,2,L075,0.31395706,0.28017487
E021,2,L076,0.38559755,0.2018036
E021,2,L077,0.25517948,0.24537812
E021,2,L078,0.29289326,0.27078525
E021,2,L081,0.32502908,0.10636339
E021,2,L082,0.58743608,0.21867924
E021,2,L083,0.23488522,0.29721437
E021,2,L084,0.23403668,0.22782144
E021,2,L085,0.32431706,0.15631668
E021,2,L086,0.2442322,0.22562287
E021,2,L087,0.20739834,0.2290769
E021,2,L088,0.38526484,0.26004859
E021,2,L091,0.38391146,0.25208969
E021,2,L092,0.33739987,0.3854603
E021,2,L093,0.34417166,0.21270689
E021,2,L094,0.41596654,0.26429224
E021,2,L095,0.46084366,0.31603315
E021,2,L096,0.22412917,0.26469722
E021,2,L097,0.4708642,0.33832112
E021,2,L098,0.4348346,0.24840349
E021,2,L101,0.26153374,0.32303607
E021,2,L102,0.3093442,0.22219376
E021,2,L103,0.27993177,0.23932143
E021,2,L104,0.22114443,0.28747269
E021,2,L105,0.25629771,0.18158762
E021,2,L106,0.37247675,0.26027417
E021,2,L107,0.36582032,0.24069144
E021,2,L108,0.3864786,0.31848375
E021,2,L111,0.32427606,0.21454894
E021,2,L112,0.37708921,0.31929021
E021,2,L113,0.32645468,0.26782643
E021,2,L114,0.36076849,0.28008531
E021,2,L115,0.34400483,0.21674153
E021,2,L116,0.35069575,0.28469042
E021,2,L117,0.29990046,0.23135363
E021,2,L118,0.43207254,0.40327605
E021,3,L001,0.24953523,0.25738707
E021,3,L002,0.21771553,0.27111773
E021,3,L003,0.29488364,0.22013786
E021,3,L004,0.35046167,0.20427509
E021,3,L005,0.30208679,0.20958119
E021,3,L006,0.29560884,0.25589163
E021,3,L007,0.33177819,0.16301726
E021,3,L008,0.32574164,0.21353755
E021,3,L011,0.4249262,0.36195683
E021,3,L012,0.3508888,0.27127414
E021,3,L013,0.44938855,0.24073765
E021,3,L014,0.53101982,0.35838219
E021,3,L015,0.45536358,0.30368207
E021,3,L016,0.21355061,0.12430818
E021,3,L017,0.37646917,0.14658334
E021,3,L018,0.19631045,0.30001879
E021,3,L021,0.30104599,0.24706007
E021,3,L022,0.42899588,0.13873288
E021,3,L023,0.40759791,0.36075252
E021,3,L024,0.31036411,0.27235469
E021,3,L025,0.31885245,0.26002448
E021,3,L026,0.41139643,0.19334873
E021,3,L027,0.31053656,0.34910833
E021,3,L028,0.27386576,0.33386111
E021,3,L031,0.47209261,0.25397302
E021,3,L032,0.32963929,0.2230525
E021,3,L033,0.42256628,0.21012102
E021,3,L034,0.33375448,0.26739587
E021,3,L035,0.42829362,0.17623966
E021,3,L036,0.45015692,0.22227678
E021,3,L037,0.34236595,0.18488356
E021,3,L038,0.32688491,0.23162357
E021,3,L041,0.27842466,0.23089193
E021,3,L042,0.241602,0.30972717
E021,3,L043,0.30779894,0.17167149
E021,3,L044,0.36925364,0.28535953
E021,3,L045,0.33440955,0.23134061
E021,3,L046,0.36086311,0.29301331
E021,3,L047,0.30307032,0.27204021
E021,3,L048,0.46261347,0.22121499
E021,3,L051,0.29804492,0.24829414
E021,3,L052,0.30200707,0.19450731
E021,3,L053,0.37501022,0.28223918
E021,3,L054,0.39146102,0.23284611
E021,3,L055,0.22629853,0.30504455
E021,3,L056,0.24790729,0.1955278
E021,3,L057,0.27803577,0.41062845
E021,3,L058,0.32758225,0.34921259
E021,3,L061,0.29741739,0.3049166
E021,3,L062,0.32224264,0.21256926
E021,3,L063,0.41629321,0.31077762
E021,3,L064,0.42203483,0.56969661
E021,3,L065,0.4564602,0.35186789
E021,3,L066,0.39898188,0.22532691
E021,3,L067,0.36019203,0.41079326
E021,3,L068,0.49910035,0.36918811
E021,3,L071,0.42735707,0.40940358
E021,3,L072,0.38951453,0.23230847
E021,3,L073,0.18601446,0.22547561
E021,3,L074,0.30829579,0.34251842
E021,3,L075,0.33707079,0.28017487
E021,3,L076,0.35669745,0.2018036
E021,3,L077,0.28344848,0.24537812
E021,3,L078,0.35125134,0.27078525
E021,3,L081,0.29077215,0.10636339
E021,3,L082,0.51719541,0.21867924
E021,3,L083,0.24568876,0.29721437
E021,3,L084,0.29378191,0.22782144
E021,3,L085,0.38105465,0.15631668
E021,3,L086,0.21638883,0.22562287
E021,3,L087,0.23724394,0.2290769
E021,3,L088,0.37885709,0.26004859
E021,3,L091,0.42152271,0.25208969
E021,3,L092,0.33484159,0.3854603
E021,3,L093,0.35600199,0.21270689
E021,3,L094,0.33441198,0.26429224
E021,3,L095,0.44176556,0.31603315
E021,3,L096,0.20553059,0.26469722
E021,3,L097,0.46749412,0.33832112
E021,3,L098,0.32359195,0.24840349
E021,3,L101,0.32243471,0.32303607
E021,3,L102,0.28419149,0.22219376
E021,3,L103,0.27674674,0.23932143
E021,3,L104,0.32376886,0.28747269
E021,3,L105,0.26449346,0.18158762
E021,3,L106,0.39908606,0.26027417
E021,3,L107,0.39250502,0.24069144
E021,3,L108,0.31027333,0.31848375
E021,3,L111,0.33184856,0.21454894
E021,3,L112,0.39657821,0.31929021
E021,3,L113,0.38878852,0.26782643
E021,3,L114,0.34876187,0.28008531
E021,3,L115,0.34188973,0.21674153
E021,3,L116,0.39267916,0.28469042
E021,3,L117,0.27321002,0.23135363
E021,3,L118,0.36491054,0.40327605
E022,1,L001,0.44115361,0.34226894
E022,1,L002,0.35164714,0.21739008
E022,1,L003,0.33732657,0.30925699
E022,1,L004,0.46946926,0.28241465
E022,1,L005,0.41912304,0.21341068
E022,1,L006,0.31167789,0.2764859
E022,1,L007,0.47566338,0.32394524
E022,1,L008,0.45453543,0.32801391
E022,1,L011,0.37055807,0.26347455
E022,1,L012,0.4097301,0.26624715
E022,1,L013,0.24318568,0.25408218
E022,1,L014,0.38005057,0.16473046
E022,1,L015,0.41334354,0.34672023
E022,1,L016,0.24324269,0.1931747
E022,1,L017,0.2521516,0.18304149
E022,1,L018,0.2997986,0.4778737
E022,1,L021,0.37549981,0.22389939
E022,1,L022,0.35138909,0.22679026
E022,1,L023,0.30764766,0.2771724
E022,1,L024,0.36498286,0.30475307
E022,1,L025,0.27126113,0.37238254
E022,1,L026,0.22380504,0.25403965
E022,1,L027,0.50467127,0.25064178
E022,1,L028,0.17665471,0.2436459
E022,1,L031,0.37808979,0.20413635
E022,1,L032,0.37226403,0.34437067
E022,1,L033,0.22507174,0.21994726
E022,1,L034,0.25349107,0.22776405
E022,1,L035,0.31625232,0.29233821
E022,1,L036,0.36050765,0.28290696
E022,1,L037,0.37619885,0.23573291
E022,1,L038,0.37677835,0.31496139
E022,1,L041,0.36999293,0.28644323
E022,1,L042,0.38872805,0.33568061
E022,1,L043,0.48761037,0.34197089
E022,1,L044,0.22423481,0.1820601
E022,1,L045,0.2998155,0.17677569
E022,1,L046,0.43774745,0.3669277
E022,1,L047,0.42135649,0.3050226
E022,1,L048,0.58235605,0.42615584
E022,1,L051,0.42105264,0.37458595
E022,1,L052,0.32125158,0.22683893
E022,1,L053,0.56125139,0.45613741
E022,1,L054,0.50542412,0.24516813
E022,1,L055,0.29393867,0.24916947
E022,1,L056,0.29628583,0.32158072
E022,1,L057,0.51014315,0.47017282
E022,1,L058,0.47546434,0.23641998
E022,1,L061,0.33005171,0.21525014
E022,1,L062,0.331767,0.26386467
E022,1,L063,0.53175611,0.23077668
E022,1,L064,0.32585802,0.28945107
E022,1,L065,0.41458604,0.26461875
E022,1,L066,0.49334086,0.30907337
E022,1,L067,0.25759466,0.21065859
E022,1,L068,0.45265344,0.28732452
E022,1,L071,0.66020657,0.519997
E022,1,L072,0.46859653,0.29539196
E022,1,L073,0.31666364,0.18499141
E022,1,L074,0.25873722,0.28192658
E022,1,L075,0.63689134,0.48063173
E022,1,L076,0.50374608,0.26546951
E022,1,L077,0.45945794,0.37777666
E022,1,L078,0.31027798,0.28559165
E022,1,L081,0.29467753,0.21963901
E022,1,L082,0.32999422,0.2326294
E022,1,L083,0.33509434,0.29632083
E022,1,L084,0.33220683,0.32507377
E022,1,L085,0.32542922,0.27942345
E022,1,L086,0.36185105,0.34557407
E022,1,L087,0.2560361,0.32674205
E022,1,L088,0.39760561,0.23119002
E022,1,L091,0.47933309,0.2359894
E022,1,L092,0.42951806,0.31198351
E022,1,L093,0.51938201,0.35217308
E022,1,L094,0.44681139,0.3152621
E022,1,L095,0.47007297,0.36496689
E022,1,L096,0.31983185,0.30043457
E022,1,L097,0.48802075,0.26128137
E022,1,L098,0.34391924,0.29924388
E022,1,L101,0.43717378,0.2972772
E022,1,L102,0.46311302,0.26505061
E022,1,L103,0.36639522,0.23943484
E022,1,L104,0.28073916,0.31235623
E022,1,L105,0.42581426,0.33794959
E022,1,L106,0.42814066,0.32537451
E022,1,L107,0.32165258,0.24180666
E022,1,L108,0.38248579,0.32389921
E022,1,L111,0.33263306,0.28686496
E022,1,L112,0.23258,0.27460323
E022,1,L113,0.44022089,0.28979137
E022,1,L114,0.39109777,0.29131077
E022,1,L115,0.43579199,0.33167898
E022,1,L116,0.44559794,0.30108145
E022,1,L117,0.47992258,0.28523647
E022,1,L118,0.34941252,0.21293079
E022,2,L001,0.44509529,0.34226894
E022,2,L002,0.33607718,0.21739008
E022,2,L003,0.34601541,0.30925699
E022,2,L004,0.47121766,0.28241465
E022,2,L005,0.41899592,0.21341068
E022,2,L006,0.29831484,0.2764859
E022,2,L007,0.49176885,0.32394524
E022,2,L008,0.45490282,0.32801391
E022,2,L011,0.37152847,0.26347455
E022,2,L012,0.41008835,0.26624715
E022,2,L013,0.25016895,0.25408218
E022,2,L014,0.38417265,0.16473046
E022,2,L015,0.40093107,0.34672023
E022,2,L016,0.24057219,0.1931747
E022,2,L017,0.25368368,0.18304149
E022,2,L018,0.28930217,0.4778737
E022,2,L021,0.38376304,0.22389939
E022,2,L022,0.35661889,0.22679026
E022,2,L023,0.32965407,0.2771724
E022,2,L024,0.36689547,0.30475307
E022,2,L025,0.25968803,0.37238254
E022,2,L026,0.23121551,0.25403965
E022,2,L027,0.51387328,0.25064178
E022,2,L028,0.16682198,0.2436459
E022,2,L031,0.41462235,0.20413635
E022,2,L032,0.39534083,0.34437067
E022,2,L033,0.2325106,0.21994726
E022,2,L034,0.25117676,0.22776405
E022,2,L035,0.3082858,0.29233821
E022,2,L036,0.3552561,0.28290696
E022,2,L037,0.38396383,0.23573291
E022,2,L038,0.38815921,0.31496139
E022,2,L041,0.37127666,0.28644323
E022,2,L042,0.39598721,0.33568061
E022,2,L043,0.4838209,0.34197089
E022,2,L044,0.24858384,0.1820601
E022,2,L045,0.3040726,0.17677569
E022,2,L046,0.44957626,0.3669277
E022,2,L047,0.44042733,0.3050226
E022,2,L048,0.58602551,0.42615584
E022,2,L051,0.45062971,0.37458595
E022,2,L052,0.33308124,0.22683893
E022,2,L053,0.54778694,0.45613741
E022,2,L054,0.49352535,0.24516813
E022,2,L055,0.29612786,0.24916947
E022,2,L056,0.2913659,0.32158072
E022,2,L057,0.50793795,0.47017282
E022,2,L058,0.45659997,0.23641998
E022,2,L061,0.33598735,0.21525014
E022,2,L062,0.34205996,0.26386467
E022,2,L063,0.53843198,0.23077668
E022,2,L064,0.31206733,0.28945107
E022,2,L065,0.40805044,0.26461875
E022,2,L066,0.53608233,0.30907337
E022,2,L067,0.25831846,0.21065859
E022,2,L068,0.47278655,0.28732452
E022,2,L071,0.68426729,0.519997
E022,2,L072,0.47571963,0.29539196
E022,2,L073,0.3028924,0.18499141
E022,2,L074,0.25879867,0.28192658
E022,2,L075,0.62641998,0.48063173
E022,2,L076,0.51385506,0.26546951
E022,2,L077,0.46305947,0.37777666
E022,2,L078,0.30129359,0.28559165
E022,2,L081,0.31399557,0.21963901
E022,2,L082,0.36525185,0.2326294
E022,2,L083,0.34601616,0.29632083
E022,2,L084,0.3348291,0.32507377
E022,2,L085,0.34454071,0.27942345
E022,2,L086,0.37768869,0.34557407
E022,2,L087,0.28493673,0.32674205
E022,2,L088,0.40235651,0.23119002
E022,2,L091,0.45736169,0.2359894
E022,2,L092,0.42659156,0.31198351
E022,2,L093,0.53867682,0.35217308
E022,2,L094,0.46313642,0.3152621
E022,2,L095,0.46461923,0.36496689
E022,2,L096,0.32664924,0.30043457
E022,2,L097,0.47492626,0.26128137
E022,2,L098,0.35572863,0.29924388
E022,2,L101,0.42808027,0.2972772
E022,2,L102,0.44877585,0.26505061
E022,2,L103,0.36532925,0.23943484
E022,2,L104,0.27868607,0.31235623
E022,2,L105,0.41808841,0.33794959
E022,2,L106,0.41799747,0.32537451
E022,2,L107,0.31245664,0.24180666
E022,2,L108,0.39612001,0.32389921
E022,2,L111,0.36344115,0.28686496
E022,2,L112,0.22930031,0.27460323
E022,2,L113,0.42723499,0.28979137
E022,2,L114,0.40447943,0.29131077
E022,2,L115,0.44389308,0.33167898
E022,2,L116,0.47222871,0.30108145
E022,2,L117,0.50423681,0.28523647
E022,2,L118,0.35699359,0.21293079
E022,3,L001,0.44509529,0.34226894
E022,3,L002,0.33607718,0.21739008
E022,3,L003,0.34601541,0.30925699
E022,3,L004,0.47121766,0.28241465
E022,3,L005,0.41899592,0.21341068
E022,3,L006,0.29831484,0.2764859
E022,3,L007,0.49176885,0.32394524
E022,3,L008,0.45490282,0.32801391
E022,3,L011,0.37152847,0.26347455
E022,3,L012,0.41008835,0.26624715
E022,3,L013,0.25016895,0.25408218
E022,3,L014,0.38417265,0.16473046
E022,3,L015,0.40093107,0.34672023
E022,3,L016,0.24057219,0.1931747
E022,3,L017,0.25368368,0.18304149
E022,3,L018,0.28930217,0.4778737
E022,3,L021,0.38376304,0.22389939
E022,3,L022,0.35661889,0.22679026
E022,3,L023,0.32965407,0.2771724
E022,3,L024,0.36689547,0.30475307
E022,3,L025,0.25968803,0.37238254
E022,3,L026,0.23121551,0.25403965
E022,3,L027,0.51387328,0.25064178
E022,3,L028,0.16682198,0.2436459
E022,3,L031,0.41462235,0.20413635
E022,3,L032,0.39534083,0.34437067
E022,3,L033,0.2325106,0.21994726
E022,3,L034,0.25117676,0.22776405
E022,3,L035,0.3082858,0.29233821
E022,3,L036,0.3552561,0.28290696
E022,3,L037,0.38396383,0.23573291
E022,3,L038,0.38815921,0.31496139
E022,3,L041,0.37127666,0.28644323
E022,3,L042,0.39598721,0.33568061
E022,3,L043,0.4838209,0.34197089
E022,3,L044,0.24858384,0.1820601
E022,3,L045,0.3040726,0.17677569
E022,3,L046,0.44957626,0.3669277
E022,3,L047,0.44042733,0.3050226
E022,3,L048,0.58602551,0.42615584
E022,3,L051,0.45062971,0.37458595
E022,3,L052,0.33308124,0.22683893
E022,3,L053,0.54778694,0.45613741
E022,3,L054,0.49352535,0.24516813
E022,3,L055,0.29612786,0.24916947
E022,3,L056,0.2913659,0.32158072
E022,3,L057,0.50793795,0.47017282
E022,3,L058,0.45659997,0.23641998
E022,3,L061,0.33598735,0.21525014
E022,3,L062,0.34205996,0.26386467
E022,3,L063,0.53843198,0.23077668
E022,3,L064,0.31206733,0.28945107
E022,3,L065,0.40805044,0.26461875
E022,3,L066,0.53608233,0.30907337
E022,3,L067,0.25831846,0.21065859
E022,3,L068,0.47278655,0.28732452
E022,3,L071,0.68426729,0.519997
E022,3,L072,0.47571963,0.29539196
E022,3,L073,0.3028924,0.18499141
E022,3,L074,0.25879867,0.28192658
E022,3,L075,0.62641998,0.48063173
E022,3,L076,0.51385506,0.26546951
E022,3,L077,0.46305947,0.37777666
E022,3,L078,0.30129359,0.28559165
E022,3,L081,0.31399557,0.21963901
E022,3,L082,0.36525185,0.2326294
E022,3,L083,0.34601616,0.29632083
E022,3,L084,0.3348291,0.32507377
E022,3,L085,0.34454071,0.27942345
E022,3,L086,0.37768869,0.34557407
E022,3,L087,0.28493673,0.32674205
E022,3,L088,0.40235651,0.23119002
E022,3,L091,0.45736169,0.2359894
E022,3,L092,0.42659156,0.31198351
E022,3,L093,0.53867682,0.35217308
E022,3,L094,0.46313642,0.3152621
E022,3,L095,0.46461923,0.36496689
E022,3,L096,0.32664924,0.30043457
E022,3,L097,0.47492626,0.26128137
E022,3,L098,0.35572863,0.29924388
E022,3,L101,0.42808027,0.2972772
E022,3,L102,0.44877585,0.26505061
E022,3,L103,0.36532925,0.23943484
E022,3,L104,0.27868607,0.31235623
E022,3,L105,0.41808841,0.33794959
E022,3,L106,0.41799747,0.32537451
E022,3,L107,0.31245664,0.24180666
E022,3,L108,0.39612001,0.32389921
E022,3,L111,0.36344115,0.28686496
E022,3,L112,0.22930031,0.27460323
E022,3,L113,0.42723499,0.28979137
E022,3,L114,0.40447943,0.29131077
E022,3,L115,0.44389308,0.33167898
E022,3,L116,0.47222871,0.30108145
E022,3,L117,0.50423681,0.28523647
E022,3,L118,0.35699359,0.21293079
E023,1,L001,0.34098543,0.23629012
E023,1,L002,0.30192371,0.20414758
E023,1,L003,0.30932853,0.36030419
E023,1,L004,0.39130289,0.26534764
E023,1,L005,0.40054465,0.28093706
E023,1,L006,0.27375905,0.16379352
E023,1,L007,0.35181301,0.19838057
E023,1,L008,0.37353768,0.31208097
E023,1,L011,0.2890207,0.14719967
E023,1,L012,0.26675166,0.29771253
E023,1,L013,0.23622591,0.2905068
E023,1,L014,0.25733868,0.19350274
E023,1,L015,0.33235705,0.28442042
E023,1,L016,0.31710227,0.14698723
E023,1,L017,0.24542536,0.24499267
E023,1,L018,0.3258321,0.32593289
E023,1,L021,0.32581328,0.29014452
E023,1,L022,0.30524594,0.14299008
E023,1,L023,0.26470137,0.24802622
E023,1,L024,0.29838366,0.19661938
E023,1,L025,0.21848434,0.16223815
E023,1,L026,0.25084756,0.22919083
E023,1,L027,0.29101318,0.24164765
E023,1,L028,0.32878585,0.28583217
E023,1,L031,0.28419977,0.20477077
E023,1,L032,0.30791944,0.32980604
E023,1,L033,0.20142879,0.22046173
E023,1,L034,0.23321395,0.29722395
E023,1,L035,0.29153801,0.28992447
E023,1,L036,0.3206417,0.22334644
E023,1,L037,0.29724351,0.25397256
E023,1,L038,0.25563562,0.30005016
E023,1,L041,0.26611794,0.26765659
E023,1,L042,0.37341147,0.34722187
E023,1,L043,0.3772499,0.26282463
E023,1,L044,0.23292462,0.3114292
E023,1,L045,0.35802814,0.21152448
E023,1,L046,0.34725467,0.36635616
E023,1,L047,0.3448641,0.2256251
E023,1,L048,0.43255274,0.35975242
E023,1,L051,0.42603783,0.42254639
E023,1,L052,0.30543904,0.34275435
E023,1,L053,0.35864995,0.34061901
E023,1,L054,0.33079447,0.22891275
E023,1,L055,0.33761343,0.34423801
E023,1,L056,0.30200315,0.38663257
E023,1,L057,0.4348515,0.26819181
E023,1,L058,0.32437981,0.32493933
E023,1,L061,0.20182864,0.2766932
E023,1,L062,0.38644936,0.3150721
E023,1,L063,0.36943207,0.25854423
E023,1,L064,0.226774,0.32053699
E023,1,L065,0.18758553,0.22673904
E023,1,L066,0.43963945,0.45892296
E023,1,L067,0.18940204,0.30478267
E023,1,L068,0.43495556,0.34937521
E023,1,L071,0.36093387,0.29638725
E023,1,L072,0.45064705,0.52349645
E023,1,L073,0.27873815,0.32618609
E023,1,L074,0.24979064,0.42438795
E023,1,L075,0.39812933,0.44299528
E023,1,L076,0.38504144,0.26473464
E023,1,L077,0.42787501,0.33704759
E023,1,L078,0.23478976,0.25973308
E023,1,L081,0.29382033,0.2707356
E023,1,L082,0.2642276,0.18750864
E023,1,L083,0.37042822,0.23275248
E023,1,L084,0.33653707,0.32348302
E023,1,L085,0.24481179,0.28295214
E023,1,L086,0.15089771,0.23331444
E023,1,L087,0.20205789,0.15364191
E023,1,L088,0.42481295,0.26905984
E023,1,L091,0.25414118,0.23470407
E023,1,L092,0.27414322,0.25155102
E023,1,L093,0.30809404,0.2994727
E023,1,L094,0.25532461,0.2753747
E023,1,L095,0.28033839,0.28078919
E023,1,L096,0.26596544,0.23496774
E023,1,L097,0.31717761,0.24883705
E023,1,L098,0.21962646,0.26563865
E023,1,L101,0.35068484,0.24086551
E023,1,L102,0.45839911,0.32241978
E023,1,L103,0.30476794,0.19292899
E023,1,L104,0.22567734,0.3343922
E023,1,L105,0.34124592,0.35764527
E023,1,L106,0.42474547,0.28270113
E023,1,L107,0.26451647,0.17776111
E023,1,L108,0.43724964,0.41645176
E023,1,L111,0.33589481,0.34515438
E023,1,L112,0.25068222,0.25667088
E023,1,L113,0.42940437,0.31647692
E023,1,L114,0.36618407,0.29514076
E023,1,L115,0.32312326,0.28004145
E023,1,L116,0.32848242,0.26432938
E023,1,L117,0.21780963,0.29577065
E023,1,L118,0.3376494,0.31345774
E023,2,L001,0.34098543,0.23629012
E023,2,L002,0.30192371,0.20414758
E023,2,L003,0.30932853,0.36030419
E023,2,L004,0.39130289,0.26534764
E023,2,L005,0.40054465,0.28093706
E023,2,L006,0.27375905,0.16379352
E023,2,L007,0.35181301,0.19838057
E023,2,L008,0.37353768,0.31208097
E023,2,L011,0.2890207,0.14719967
E023,2,L012,0.26675166,0.29771253
E023,2,L013,0.23622591,0.2905068
E023,2,L014,0.25733868,0.19350274
E023,2,L015,0.33235705,0.28442042
E023,2,L016,0.31710227,0.14698723
E023,2,L017,0.24542536,0.24499267
E023,2,L018,0.3258321,0.32593289
E023,2,L021,0.32581328,0.29014452
E023,2,L022,0.30524594,0.14299008
E023,2,L023,0.26470137,0.24802622
E023,2,L024,0.29838366,0.19661938
E023,2,L025,0.21848434,0.16223815
E023,2,L026,0.25084756,0.22919083
E023,2,L027,0.29101318,0.24164765
E023,2,L028,0.32878585,0.28583217
E023,2,L031,0.28419977,0.20477077
E023,2,L032,0.30791944,0.32980604
E023,2,L033,0.20142879,0.22046173
E023,2,L034,0.23321395,0.29722395
E023,2,L035,0.29153801,0.28992447
E023,2,L036,0.3206417,0.22334644
E023,2,L037,0.29724351,0.25397256
E023,2,L038,0.25563562,0.30005016
E023,2,L041,0.26611794,0.26765659
E023,2,L042,0.37341147,0.34722187
E023,2,L043,0.3772499,0.26282463
E023,2,L044,0.23292462,0.3114292
E023,2,L045,0.35802814,0.21152448
E023,2,L046,0.34725467,0.36635616
E023,2,L047,0.3448641,0.2256251
E023,2,L048,0.43255274,0.35975242
E023,2,L051,0.42603783,0.42254639
E023,2,L052,0.30543904,0.34275435
E023,2,L053,0.35864995,0.34061901
E023,2,L054,0.33079447,0.22891275
E023,2,L055,0.33761343,0.34423801
E023,2,L056,0.30200315,0.38663257
E023,2,L057,0.4348515,0.26819181
E023,2,L058,0.32437981,0.32493933
E023,2,L061,0.20182864,0.2766932
E023,2,L062,0.38644936,0.3150721
E023,2,L063,0.36943207,0.25854423
E023,2,L064,0.226774,0.32053699
E023,2,L065,0.18758553,0.22673904
E023,2,L066,0.43963945,0.45892296
E023,2,L067,0.18940204,0.30478267
E023,2,L068,0.43495556,0.34937521
E023,2,L071,0.36093387,0.29638725
E023,2,L072,0.45064705,0.52349645
E023,2,L073,0.27873815,0.32618609
E023,2,L074,0.24979064,0.42438795
E023,2,L075,0.39812933,0.44299528
E023,2,L076,0.38504144,0.26473464
E023,2,L077,0.42787501,0.33704759
E023,2,L078,0.23478976,0.25973308
E023,2,L081,0.29382033,0.2707356
E023,2,L082,0.2642276,0.18750864
E023,2,L083,0.37042822,0.23275248
E023,2,L084,0.33653707,0.32348302
E023,2,L085,0.24481179,0.28295214
E023,2,L086,0.15089771,0.23331444
E023,2,L087,0.20205789,0.15364191
E023,2,L088,0.42481295,0.26905984
E023,2,L091,0.25414118,0.23470407
E023,2,L092,0.27414322,0.25155102
E023,2,L093,0.30809404,0.2994727
E023,2,L094,0.25532461,0.2753747
E023,2,L095,0.28033839,0.28078919
E023,2,L096,0.26596544,0.23496774
E023,2,L097,0.31717761,0.24883705
E023,2,L098,0.21962646,0.26563865
E023,2,L101,0.35068484,0.24086551
E023,2,L102,0.45839911,0.32241978
E023,2,L103,0.30476794,0.19292899
E023,2,L104,0.22567734,0.3343922
E023,2,L105,0.34124592,0.35764527
E023,2,L106,0.42474547,0.28270113
E023,2,L107,0.26451647,0.17776111
E023,2,L108,0.43724964,0.41645176
E023,2,L111,0.33589481,0.34515438
E023,2,L112,0.25068222,0.25667088
E023,2,L113,0.42940437,0.31647692
E023,2,L114,0.36618407,0.29514076
E023,2,L115,0.32312326,0.28004145
E023,2,L116,0.32848242,0.26432938
E023,2,L117,0.21780963,0.29577065
E023,2,L118,0.3376494,0.31345774
E023,3,L001,0.34098543,0.23629012
E023,3,L002,0.30192371,0.20414758
E023,3,L003,0.30932853,0.36030419
E023,3,L004,0.39130289,0.26534764
E023,3,L005,0.40054465,0.28093706
E023,3,L006,0.27375905,0.16379352
E023,3,L007,0.35181301,0.19838057
E023,3,L008,0.37353768,0.31208097
E023,3,L011,0.2890207,0.14719967
E023,3,L012,0.26675166,0.29771253
E023,3,L013,0.23622591,0.2905068
E023,3,L014,0.25733868,0.19350274
E023,3,L015,0.33235705,0.28442042
E023,3,L016,0.31710227,0.14698723
E023,3,L017,0.24542536,0.24499267
E023,3,L018,0.3258321,0.32593289
E023,3,L021,0.32581328,0.29014452
E023,3,L022,0.30524594,0.14299008
E023,3,L023,0.26470137,0.24802622
E023,3,L024,0.29838366,0.19661938
E023,3,L025,0.21848434,0.16223815
E023,3,L026,0.25084756,0.22919083
E023,3,L027,0.29101318,0.24164765
E023,3,L028,0.32878585,0.28583217
E023,3,L031,0.28419977,0.20477077
E023,3,L032,0.30791944,0.32980604
E023,3,L033,0.20142879,0.22046173
E023,3,L034,0.23321395,0.29722395
E023,3,L035,0.29153801,0.28992447
E023,3,L036,0.3206417,0.22334644
E023,3,L037,0.29724351,0.25397256
E023,3,L038,0.25563562,0.30005016
E023,3,L041,0.26611794,0.26765659
E023,3,L042,0.37341147,0.34722187
E023,3,L043,0.3772499,0.26282463
E023,3,L044,0.23292462,0.3114292
E023,3,L045,0.35802814,0.21152448
E023,3,L046,0.34725467,0.36635616
E023,3,L047,0.3448641,0.2256251
E023,3,L048,0.43255274,0.35975242
E023,3,L051,0.42603783,0.42254639
E023,3,L052,0.30543904,0.34275435
E023,3,L053,0.35864995,0.34061901
E023,3,L054,0.33079447,0.22891275
E023,3,L055,0.33761343,0.34423801
E023,3,L056,0.30200315,0.38663257
E023,3,L057,0.4348515,0.26819181
E023,3,L058,0.32437981,0.32493933
E023,3,L061,0.20182864,0.2766932
E023,3,L062,0.38644936,0.3150721
E023,3,L063,0.36943207,0.25854423
E023,3,L064,0.226774,0.32053699
E023,3,L065,0.18758553,0.22673904
E023,3,L066,0.43963945,0.45892296
E023,3,L067,0.18940204,0.30478267
E023,3,L068,0.43495556,0.34937521
E023,3,L071,0.36093387,0.29638725
E023,3,L072,0.45064705,0.52349645
E023,3,L073,0.27873815,0.32618609
E023,3,L074,0.24979064,0.42438795
E023,3,L075,0.39812933,0.44299528
E023,3,L076,0.38504144,0.26473464
E023,3,L077,0.42787501,0.33704759
E023,3,L078,0.23478976,0.25973308
E023,3,L081,0.29382033,0.2707356
E023,3,L082,0.2642276,0.18750864
E023,3,L083,0.37042822,0.23275248
E023,3,L084,0.33653707,0.32348302
E023,3,L085,0.24481179,0.28295214
E023,3,L086,0.15089771,0.23331444
E023,3,L087,0.20205789,0.15364191
E023,3,L088,0.42481295,0.26905984
E023,3,L091,0.25414118,0.23470407
E023,3,L092,0.27414322,0.25155102
E023,3,L093,0.30809404,0.2994727
E023,3,L094,0.25532461,0.2753747
E023,3,L095,0.28033839,0.28078919
E023,3,L096,0.26596544,0.23496774
E023,3,L097,0.31717761,0.24883705
E023,3,L098,0.21962646,0.26563865
E023,3,L101,0.35068484,0.24086551
E023,3,L102,0.45839911,0.32241978
E023,3,L103,0.30476794,0.19292899
E023,3,L104,0.22567734,0.3343922
E023,3,L105,0.34124592,0.35764527
E023,3,L106,0.42474547,0.28270113
E023,3,L107,0.26451647,0.17776111
E023,3,L108,0.43724964,0.41645176
E023,3,L111,0.33589481,0.34515438
E023,3,L112,0.25068222,0.25667088
E023,3,L113,0.42940437,0.31647692
E023,3,L114,0.36618407,0.29514076
E023,3,L115,0.32312326,0.28004145
E023,3,L116,0.32848242,0.26432938
E023,3,L117,0.21780963,0.29577065
E023,3,L118,0.3376494,0.31345774
E024,1,L001,0.35578464,0.27706632
E024,1,L002,0.34994303,0.30658786
E024,1,L003,0.33711475,0.25592342
E024,1,L004,0.48526171,0.27197478
E024,1,L005,0.41645541,0.27151554
E024,1,L006,0.3247903,0.1811656
E024,1,L007,0.56862578,0.29235125
E024,1,L008,0.46572046,0.42318476
E024,1,L011,0.30493674,0.2156334
E024,1,L012,0.39233278,0.32912686
E024,1,L013,0.4054415,0.24300641
E024,1,L014,0.33795448,0.22786675
E024,1,L015,0.23549929,0.29256269
E024,1,L016,0.30092749,0.15691273
E024,1,L017,0.3791383,0.29209841
E024,1,L018,0.24597315,0.29161285
E024,1,L021,0.32500964,0.35928974
E024,1,L022,0.39332325,0.29437174
E024,1,L023,0.37907456,0.17396612
E024,1,L024,0.34764118,0.19372103
E024,1,L025,0.29833865,0.30970206
E024,1,L026,0.28262442,0.16131649
E024,1,L027,0.2795045,0.26851457
E024,1,L028,0.2673247,0.3065476
E024,1,L031,0.42058461,0.17249769
E024,1,L032,0.39463937,0.28990894
E024,1,L033,0.2972124,0.16364742
E024,1,L034,0.30496648,0.23594134
E024,1,L035,0.32808552,0.29897606
E024,1,L036,0.42860638,0.31768706
E024,1,L037,0.48236832,0.35542522
E024,1,L038,0.49195774,0.48739125
E024,1,L041,0.33089961,0.22713827
E024,1,L042,0.38103904,0.49901319
E024,1,L043,0.37116794,0.3252492
E024,1,L044,0.54926248,0.27889225
E024,1,L045,0.39550219,0.20099105
E024,1,L046,0.40652832,0.53846484
E024,1,L047,0.41789469,0.2785931
E024,1,L048,0.331552,0.3974849
E024,1,L051,0.33295336,0.34470484
E024,1,L052,0.35930154,0.20895422
E024,1,L053,0.36510781,0.3332656
E024,1,L054,0.34426603,0.38875774
E024,1,L055,0.33889631,0.20349242
E024,1,L056,0.31916071,0.47140741
E024,1,L057,0.34209246,0.24522371
E024,1,L058,0.28160773,0.27444962
E024,1,L061,0.31376978,0.24581567
E024,1,L062,0.42618837,0.2944805
E024,1,L063,0.33230153,0.22990578
E024,1,L064,0.33911739,0.34795758
E024,1,L065,0.316041,0.21565997
E024,1,L066,0.37030505,0.34354813
E024,1,L067,0.30183459,0.25705576
E024,1,L068,0.51061319,0.38063633
E024,1,L071,0.36307462,0.34130407
E024,1,L072,0.36357258,0.44646392
E024,1,L073,0.41920449,0.61087657
E024,1,L074,0.28803508,0.27700865
E024,1,L075,0.32531863,0.23903952
E024,1,L076,0.52672242,0.55958378
E024,1,L077,0.40795197,0.32506897
E024,1,L078,0.41778535,0.23637993
E024,1,L081,0.34276958,0.2304429
E024,1,L082,0.38898171,0.19178224
E024,1,L083,0.42133261,0.19749124
E024,1,L084,0.24579877,0.22805852
E024,1,L085,0.34809171,0.22384717
E024,1,L086,0.22731475,0.25324717
E024,1,L087,0.31813215,0.19710102
E024,1,L088,0.31852315,0.26516067
E024,1,L091,0.34364427,0.35224945
E024,1,L092,0.45810996,0.44592636
E024,1,L093,0.55608117,0.29487947
E024,1,L094,0.38612518,0.29148144
E024,1,L095,0.43883588,0.49233863
E024,1,L096,0.34078577,0.3419017
E024,1,L097,0.38567294,0.27740419
E024,1,L098,0.38688486,0.3246004
E024,1,L101,0.37870965,0.3115708
E024,1,L102,0.45675467,0.42353326
E024,1,L103,0.30706167,0.26800286
E024,1,L104,0.25319112,0.21028587
E024,1,L105,0.39353474,0.2965281
E024,1,L106,0.38330597,0.32176673
E024,1,L107,0.28770936,0.24638742
E024,1,L108,0.40017743,0.34261276
E024,1,L111,0.20892207,0.31164965
E024,1,L112,0.31733302,0.26933142
E024,1,L113,0.29260156,0.2229278
E024,1,L114,0.31147387,0.35331553
E024,1,L115,0.41828136,0.32985205
E024,1,L116,0.41050067,0.2597336
E024,1,L117,0.29018628,0.36721593
E024,1,L118,0.36339669,0.26380184
E024,2,L001,0.29205456,0.27706632
E024,2,L002,0.3138732,0.30658786
E024,2,L003,0.24957898,0.25592342
E024,2,L004,0.41847559,0.27197478
E024,2,L005,0.41579305,0.27151554
E024,2,L006,0.28602922,0.1811656
E024,2,L007,0.60680342,0.29235125
E024,2,L008,0.48515363,0.42318476
E024,2,L011,0.34497601,0.2156334
E024,2,L012,0.36631779,0.32912686
E024,2,L013,0.37583022,0.24300641
E024,2,L014,0.31766366,0.22786675
E024,2,L015,0.27711518,0.29256269
E024,2,L016,0.19984549,0.15691273
E024,2,L017,0.30253971,0.29209841
E024,2,L018,0.22247931,0.29161285
E024,2,L021,0.44868703,0.35928974
E024,2,L022,0.31864289,0.29437174
E024,2,L023,0.27164841,0.17396612
E024,2,L024,0.34924295,0.19372103
E024,2,L025,0.40807076,0.30970206
E024,2,L026,0.2485186,0.16131649
E024,2,L027,0.28541811,0.26851457
E024,2,L028,0.32578663,0.3065476
E024,2,L031,0.33762704,0.17249769
E024,2,L032,0.51159863,0.28990894
E024,2,L033,0.23465412,0.16364742
E024,2,L034,0.22377643,0.23594134
E024,2,L035,0.3326036,0.29897606
E024,2,L036,0.35866743,0.31768706
E024,2,L037,0.41387761,0.35542522
E024,2,L038,0.39626641,0.48739125
E024,2,L041,0.23688671,0.22713827
E024,2,L042,0.42844406,0.49901319
E024,2,L043,0.4542593,0.3252492
E024,2,L044,0.28733631,0.27889225
E024,2,L045,0.38733851,0.20099105
E024,2,L046,0.4033202,0.53846484
E024,2,L047,0.4260187,0.2785931
E024,2,L048,0.34429917,0.3974849
E024,2,L051,0.31776176,0.34470484
E024,2,L052,0.32239222,0.20895422
E024,2,L053,0.29621624,0.3332656
E024,2,L054,0.3591162,0.38875774
E024,2,L055,0.30821136,0.20349242
E024,2,L056,0.28201318,0.47140741
E024,2,L057,0.33610676,0.24522371
E024,2,L058,0.22540584,0.27444962
E024,2,L061,0.24729818,0.24581567
E024,2,L062,0.37368335,0.2944805
E024,2,L063,0.30956181,0.22990578
E024,2,L064,0.302733,0.34795758
E024,2,L065,0.25254354,0.21565997
E024,2,L066,0.40917878,0.34354813
E024,2,L067,0.22754443,0.25705576
E024,2,L068,0.44341192,0.38063633
E024,2,L071,0.37216748,0.34130407
E024,2,L072,0.41243517,0.44646392
E024,2,L073,0.52153263,0.61087657
E024,2,L074,0.28156698,0.27700865
E024,2,L075,0.34150493,0.23903952
E024,2,L076,0.57071787,0.55958378
E024,2,L077,0.33194579,0.32506897
E024,2,L078,0.39309893,0.23637993
E024,2,L081,0.46252161,0.2304429
E024,2,L082,0.29052744,0.19178224
E024,2,L083,0.32133575,0.19749124
E024,2,L084,0.3817791,0.22805852
E024,2,L085,0.34545845,0.22384717
E024,2,L086,0.22096355,0.25324717
E024,2,L087,0.25685697,0.19710102
E024,2,L088,0.30268812,0.26516067
E024,2,L091,0.30112151,0.35224945
E024,2,L092,0.52759422,0.44592636
E024,2,L093,0.30298467,0.29487947
E024,2,L094,0.27113596,0.29148144
E024,2,L095,0.47450935,0.49233863
E024,2,L096,0.31493784,0.3419017
E024,2,L097,0.41919616,0.27740419
E024,2,L098,0.25702269,0.3246004
E024,2,L101,0.52729623,0.3115708
E024,2,L102,0.45607672,0.42353326
E024,2,L103,0.25024645,0.26800286
E024,2,L104,0.2190213,0.21028587
E024,2,L105,0.3338238,0.2965281
E024,2,L106,0.40722199,0.32176673
E024,2,L107,0.25768694,0.24638742
E024,2,L108,0.33982317,0.34261276
E024,2,L111,0.20833596,0.31164965
E024,2,L112,0.30308635,0.26933142
E024,2,L113,0.3090911,0.2229278
E024,2,L114,0.36500235,0.35331553
E024,2,L115,0.46523901,0.32985205
E024,2,L116,0.39707261,0.2597336
E024,2,L117,0.23671548,0.36721593
E024,2,L118,0.3390371,0.26380184
E024,3,L001,0.33752272,0.27706632
E024,3,L002,0.31756301,0.30658786
E024,3,L003,0.31244902,0.25592342
E024,3,L004,0.54731384,0.27197478
E024,3,L005,0.43195949,0.27151554
E024,3,L006,0.33763692,0.1811656
E024,3,L007,0.62919031,0.29235125
E024,3,L008,0.42470447,0.42318476
E024,3,L011,0.4044007,0.2156334
E024,3,L012,0.35874965,0.32912686
E024,3,L013,0.44744112,0.24300641
E024,3,L014,0.34418691,0.22786675
E024,3,L015,0.25219195,0.29256269
E024,3,L016,0.2955209,0.15691273
E024,3,L017,0.36443571,0.29209841
E024,3,L018,0.27516674,0.29161285
E024,3,L021,0.41108346,0.35928974
E024,3,L022,0.36899509,0.29437174
E024,3,L023,0.40229469,0.17396612
E024,3,L024,0.39394792,0.19372103
E024,3,L025,0.33016608,0.30970206
E024,3,L026,0.28329122,0.16131649
E024,3,L027,0.35579496,0.26851457
E024,3,L028,0.2283209,0.3065476
E024,3,L031,0.40395176,0.17249769
E024,3,L032,0.40264671,0.28990894
E024,3,L033,0.31023025,0.16364742
E024,3,L034,0.27927124,0.23594134
E024,3,L035,0.29812333,0.29897606
E024,3,L036,0.41593614,0.31768706
E024,3,L037,0.48918715,0.35542522
E024,3,L038,0.51637763,0.48739125
E024,3,L041,0.31801637,0.22713827
E024,3,L042,0.38916764,0.49901319
E024,3,L043,0.36736629,0.3252492
E024,3,L044,0.51038535,0.27889225
E024,3,L045,0.40498435,0.20099105
E024,3,L046,0.42193116,0.53846484
E024,3,L047,0.42300157,0.2785931
E024,3,L048,0.43714806,0.3974849
E024,3,L051,0.36810761,0.34470484
E024,3,L052,0.38770409,0.20895422
E024,3,L053,0.33209908,0.3332656
E024,3,L054,0.4227638,0.38875774
E024,3,L055,0.33755107,0.20349242
E024,3,L056,0.26124919,0.47140741
E024,3,L057,0.39114723,0.24522371
E024,3,L058,0.2992613,0.27444962
E024,3,L061,0.33286582,0.24581567
E024,3,L062,0.41277036,0.2944805
E024,3,L063,0.37695317,0.22990578
E024,3,L064,0.32408047,0.34795758
E024,3,L065,0.25691331,0.21565997
E024,3,L066,0.46890404,0.34354813
E024,3,L067,0.30288592,0.25705576
E024,3,L068,0.49870226,0.38063633
E024,3,L071,0.40991218,0.34130407
E024,3,L072,0.45579018,0.44646392
E024,3,L073,0.36681908,0.61087657
E024,3,L074,0.29276448,0.27700865
E024,3,L075,0.38790421,0.23903952
E024,3,L076,0.60847166,0.55958378
E024,3,L077,0.34146748,0.32506897
E024,3,L078,0.41534876,0.23637993
E024,3,L081,0.38204748,0.2304429
E024,3,L082,0.35357064,0.19178224
E024,3,L083,0.38506184,0.19749124
E024,3,L084,0.39279176,0.22805852
E024,3,L085,0.40197527,0.22384717
E024,3,L086,0.24430588,0.25324717
E024,3,L087,0.31187886,0.19710102
E024,3,L088,0.33822343,0.26516067
E024,3,L091,0.32842086,0.35224945
E024,3,L092,0.42580522,0.44592636
E024,3,L093,0.4950329,0.29487947
E024,3,L094,0.36415578,0.29148144
E024,3,L095,0.51276195,0.49233863
E024,3,L096,0.31414011,0.3419017
E024,3,L097,0.40869601,0.27740419
E024,3,L098,0.38795039,0.3246004
E024,3,L101,0.40195164,0.3115708
E024,3,L102,0.47224491,0.42353326
E024,3,L103,0.22840015,0.26800286
E024,3,L104,0.20052274,0.21028587
E024,3,L105,0.38361381,0.2965281
E024,3,L106,0.47062819,0.32176673
E024,3,L107,0.27489654,0.24638742
E024,3,L108,0.39514035,0.34261276
E024,3,L111,0.29438348,0.31164965
E024,3,L112,0.3833417,0.26933142
E024,3,L113,0.28775488,0.2229278
E024,3,L114,0.45501588,0.35331553
E024,3,L115,0.40708491,0.32985205
E024,3,L116,0.42826673,0.2597336
E024,3,L117,0.32403613,0.36721593
E024,3,L118,0.43952194,0.26380184
E025,1,L001,0.25688635,0.34493924
E025,1,L002,0.15733319,0.14866368
E025,1,L003,0.20458611,0.32137039
E025,1,L004,0.32691729,0.15510232
E025,1,L005,0.29049602,0.23957211
E025,1,L006,0.31903077,0.220965
E025,1,L007,0.4707069,0.20330876
E025,1,L008,0.3571872,0.30399581
E025,1,L011,0.2792835,0.17759117
E025,1,L012,0.32648675,0.2249066
E025,1,L013,0.28288701,0.16739085
E025,1,L014,0.25586736,0.08033438
E025,1,L015,0.22618905,0.17924444
E025,1,L016,0.3258942,0.2957375
E025,1,L017,0.24600213,0.12106339
E025,1,L018,0.26607683,0.24181664
E025,1,L021,0.43809856,0.3865696
E025,1,L022,0.32999134,0.28372424
E025,1,L023,0.28573028,0.19680081
E025,1,L024,0.33204773,0.20839397
E025,1,L025,0.42982545,0.27302977
E025,1,L026,0.24843572,0.12301174
E025,1,L027,0.38344082,0.31644992
E025,1,L028,0.20254179,0.27296219
E025,1,L031,0.31610945,0.14318605
E025,1,L032,0.47596903,0.36425017
E025,1,L033,0.22088459,0.07489249
E025,1,L034,0.24855133,0.16872376
E025,1,L035,0.21707811,0.24970659
E025,1,L036,0.26979901,0.21186155
E025,1,L037,0.31924831,0.19428935
E025,1,L038,0.26002068,0.21231541
E025,1,L041,0.26706618,0.16187556
E025,1,L042,0.27817703,0.29369404
E025,1,L043,0.33101004,0.21028268
E025,1,L044,0.21416085,0.20922791
E025,1,L045,0.41198988,0.33458198
E025,1,L046,0.26952022,0.25155566
E025,1,L047,0.27695641,0.2184977
E025,1,L048,0.33688452,0.19780478
E025,1,L051,0.32077276,0.23908407
E025,1,L052,0.50575761,0.2156296
E025,1,L053,0.27591082,0.22558018
E025,1,L054,0.30199627,0.14990974
E025,1,L055,0.3814674,0.24140076
E025,1,L056,0.19727392,0.25397796
E025,1,L057,0.35267009,0.27690143
E025,1,L058,0.23438656,0.19413331
E025,1,L061,0.27338282,0.16045257
E025,1,L062,0.34987529,0.26185081
E025,1,L063,0.26317372,0.10790671
E025,1,L064,0.25002338,0.23552983
E025,1,L065,0.23964682,0.20033771
E025,1,L066,0.36123692,0.27486681
E025,1,L067,0.19858731,0.18999692
E025,1,L068,0.35131293,0.21315369
E025,1,L071,0.34144602,0.21239188
E025,1,L072,0.37592547,0.25183202
E025,1,L073,0.25980902,0.19340417
E025,1,L074,0.26656296,0.2094674
E025,1,L075,0.31428883,0.27975513
E025,1,L076,0.43309741,0.19088503
E025,1,L077,0.2919862,0.19935496
E025,1,L078,0.37020894,0.22427163
E025,1,L081,0.38261331,0.45882298
E025,1,L082,0.32723936,0.29971318
E025,1,L083,0.35791227,0.41874922
E025,1,L084,0.37762908,0.3370286
E025,1,L085,0.4407128,0.2700306
E025,1,L086,0.28926695,0.29291588
E025,1,L087,0.32583,0.26647943
E025,1,L088,0.37335768,0.22878541
E025,1,L091,0.21981397,0.20759156
E025,1,L092,0.35334229,0.1638786
E025,1,L093,0.31261064,0.24043738
E025,1,L094,0.24832061,0.09343169
E025,1,L095,0.32383832,0.25701791
E025,1,L096,0.19733229,0.26890544
E025,1,L097,0.2826311,0.20697587
E025,1,L098,0.17011492,0.25432221
E025,1,L101,0.45166588,0.29409749
E025,1,L102,0.27928721,0.34599666
E025,1,L103,0.25300814,0.24725821
E025,1,L104,0.24341783,0.19205338
E025,1,L105,0.43811305,0.19305109
E025,1,L106,0.38156372,0.3663506
E025,1,L107,0.22806329,0.18167822
E025,1,L108,0.26732538,0.27054745
E025,1,L111,0.27447001,0.27430977
E025,1,L112,0.30209419,0.14827143
E025,1,L113,0.25737023,0.32320192
E025,1,L114,0.48866026,0.23625637
E025,1,L115,0.29316079,0.20323746
E025,1,L116,0.44025202,0.28670906
E025,1,L117,0.3136193,0.20332515
E025,1,L118,0.31477806,0.22676737
E025,2,L001,0.30307402,0.34493924
E025,2,L002,0.19922593,0.14866368
E025,2,L003,0.21498916,0.32137039
E025,2,L004,0.38612668,0.15510232
E025,2,L005,0.3691241,0.23957211
E025,2,L006,0.30630754,0.220965
E025,2,L007,0.53714939,0.20330876
E025,2,L008,0.40303899,0.30399581
E025,2,L011,0.29883034,0.17759117
E025,2,L012,0.34542908,0.2249066
E025,2,L013,0.27070719,0.16739085
E025,2,L014,0.29697867,0.08033438
E025,2,L015,0.26026885,0.17924444
E025,2,L016,0.31176492,0.2957375
E025,2,L017,0.23528985,0.12106339
E025,2,L018,0.27017191,0.24181664
E025,2,L021,0.44461314,0.3865696
E025,2,L022,0.33334164,0.28372424
E025,2,L023,0.28266014,0.19680081
E025,2,L024,0.33882305,0.20839397
E025,2,L025,0.41707382,0.27302977
E025,2,L026,0.23720389,0.12301174
E025,2,L027,0.38121672,0.31644992
E025,2,L028,0.17180272,0.27296219
E025,2,L031,0.31991317,0.14318605
E025,2,L032,0.50874866,0.36425017
E025,2,L033,0.21469917,0.07489249
E025,2,L034,0.22657417,0.16872376
E025,2,L035,0.23318311,0.24970659
E025,2,L036,0.30072736,0.21186155
E025,2,L037,0.34098414,0.19428935
E025,2,L038,0.26469482,0.21231541
E025,2,L041,0.26888096,0.16187556
E025,2,L042,0.36745999,0.29369404
E025,2,L043,0.40624885,0.21028268
E025,2,L044,0.21731713,0.20922791
E025,2,L045,0.41755831,0.33458198
E025,2,L046,0.31751109,0.25155566
E025,2,L047,0.33962648,0.2184977
E025,2,L048,0.395463,0.19780478
E025,2,L051,0.33418405,0.23908407
E025,2,L052,0.49822684,0.2156296
E025,2,L053,0.33358884,0.22558018
E025,2,L054,0.33993402,0.14990974
E025,2,L055,0.36628442,0.24140076
E025,2,L056,0.21215141,0.25397796
E025,2,L057,0.41807385,0.27690143
E025,2,L058,0.26148553,0.19413331
E025,2,L061,0.25789315,0.16045257
E025,2,L062,0.35229969,0.26185081
E025,2,L063,0.32561068,0.10790671
E025,2,L064,0.2775587,0.23552983
E025,2,L065,0.23084676,0.20033771
E025,2,L066,0.46094501,0.27486681
E025,2,L067,0.20231692,0.18999692
E025,2,L068,0.40870121,0.21315369
E025,2,L071,0.4072032,0.21239188
E025,2,L072,0.46466077,0.25183202
E025,2,L073,0.30207119,0.19340417
E025,2,L074,0.27433886,0.2094674
E025,2,L075,0.39155384,0.27975513
E025,2,L076,0.49016383,0.19088503
E025,2,L077,0.35182242,0.19935496
E025,2,L078,0.38359026,0.22427163
E025,2,L081,0.37850316,0.45882298
E025,2,L082,0.34319609,0.29971318
E025,2,L083,0.3969671,0.41874922
E025,2,L084,0.39409848,0.3370286
E025,2,L085,0.42745824,0.2700306
E025,2,L086,0.29430365,0.29291588
E025,2,L087,0.32246694,0.26647943
E025,2,L088,0.37558786,0.22878541
E025,2,L091,0.28893226,0.20759156
E025,2,L092,0.40631994,0.1638786
E025,2,L093,0.33734122,0.24043738
E025,2,L094,0.27504589,0.09343169
E025,2,L095,0.37234518,0.25701791
E025,2,L096,0.23494615,0.26890544
E025,2,L097,0.35096347,0.20697587
E025,2,L098,0.16739934,0.25432221
E025,2,L101,0.49000559,0.29409749
E025,2,L102,0.3625514,0.34599666
E025,2,L103,0.28205351,0.24725821
E025,2,L104,0.23300779,0.19205338
E025,2,L105,0.47659214,0.19305109
E025,2,L106,0.4515771,0.3663506
E025,2,L107,0.25585174,0.18167822
E025,2,L108,0.31747517,0.27054745
E025,2,L111,0.31000221,0.27430977
E025,2,L112,0.31945228,0.14827143
E025,2,L113,0.28347771,0.32320192
E025,2,L114,0.5159775,0.23625637
E025,2,L115,0.36127693,0.20323746
E025,2,L116,0.48168588,0.28670906
E025,2,L117,0.33759619,0.20332515
E025,2,L118,0.29883199,0.22676737
E025,3,L001,0.24104547,0.34493924
E025,3,L002,0.15568829,0.14866368
E025,3,L003,0.20492111,0.32137039
E025,3,L004,0.33795486,0.15510232
E025,3,L005,0.28945503,0.23957211
E025,3,L006,0.35155014,0.220965
E025,3,L007,0.41411967,0.20330876
E025,3,L008,0.37711677,0.30399581
E025,3,L011,0.30801508,0.17759117
E025,3,L012,0.34774435,0.2249066
E025,3,L013,0.2843771,0.16739085
E025,3,L014,0.27222033,0.08033438
E025,3,L015,0.24541292,0.17924444
E025,3,L016,0.36941474,0.2957375
E025,3,L017,0.25747235,0.12106339
E025,3,L018,0.25558998,0.24181664
E025,3,L021,0.45067695,0.3865696
E025,3,L022,0.3142203,0.28372424
E025,3,L023,0.30869042,0.19680081
E025,3,L024,0.3638859,0.20839397
E025,3,L025,0.38347585,0.27302977
E025,3,L026,0.23914154,0.12301174
E025,3,L027,0.4452538,0.31644992
E025,3,L028,0.22626015,0.27296219
E025,3,L031,0.30896967,0.14318605
E025,3,L032,0.46709015,0.36425017
E025,3,L033,0.19836583,0.07489249
E025,3,L034,0.22237192,0.16872376
E025,3,L035,0.21438999,0.24970659
E025,3,L036,0.24699598,0.21186155
E025,3,L037,0.34997713,0.19428935
E025,3,L038,0.27012231,0.21231541
E025,3,L041,0.24832196,0.16187556
E025,3,L042,0.2862224,0.29369404
E025,3,L043,0.33254453,0.21028268
E025,3,L044,0.1840298,0.20922791
E025,3,L045,0.43173557,0.33458198
E025,3,L046,0.28420514,0.25155566
E025,3,L047,0.26220092,0.2184977
E025,3,L048,0.34412128,0.19780478
E025,3,L051,0.32086964,0.23908407
E025,3,L052,0.42106969,0.2156296
E025,3,L053,0.2987356,0.22558018
E025,3,L054,0.32095157,0.14990974
E025,3,L055,0.37470367,0.24140076
E025,3,L056,0.21890628,0.25397796
E025,3,L057,0.3658543,0.27690143
E025,3,L058,0.2435275,0.19413331
E025,3,L061,0.28152107,0.16045257
E025,3,L062,0.36442177,0.26185081
E025,3,L063,0.24875787,0.10790671
E025,3,L064,0.25533912,0.23552983
E025,3,L065,0.22933495,0.20033771
E025,3,L066,0.35085561,0.27486681
E025,3,L067,0.18069886,0.18999692
E025,3,L068,0.34624287,0.21315369
E025,3,L071,0.33390403,0.21239188
E025,3,L072,0.39909148,0.25183202
E025,3,L073,0.27832737,0.19340417
E025,3,L074,0.27760435,0.2094674
E025,3,L075,0.32116626,0.27975513
E025,3,L076,0.44359832,0.19088503
E025,3,L077,0.3112311,0.19935496
E025,3,L078,0.36539286,0.22427163
E025,3,L081,0.38475696,0.45882298
E025,3,L082,0.29222227,0.29971318
E025,3,L083,0.35295335,0.41874922
E025,3,L084,0.36831399,0.3370286
E025,3,L085,0.45776486,0.2700306
E025,3,L086,0.22342037,0.29291588
E025,3,L087,0.3063059,0.26647943
E025,3,L088,0.41407432,0.22878541
E025,3,L091,0.22457756,0.20759156
E025,3,L092,0.35321982,0.1638786
E025,3,L093,0.31203111,0.24043738
E025,3,L094,0.25288065,0.09343169
E025,3,L095,0.30664336,0.25701791
E025,3,L096,0.19138369,0.26890544
E025,3,L097,0.28824577,0.20697587
E025,3,L098,0.1811979,0.25432221
E025,3,L101,0.47804547,0.29409749
E025,3,L102,0.28057472,0.34599666
E025,3,L103,0.254772,0.24725821
E025,3,L104,0.25130602,0.19205338
E025,3,L105,0.48848857,0.19305109
E025,3,L106,0.3819259,0.3663506
E025,3,L107,0.23346232,0.18167822
E025,3,L108,0.24566758,0.27054745
E025,3,L111,0.2567846,0.27430977
E025,3,L112,0.32341746,0.14827143
E025,3,L113,0.30117881,0.32320192
E025,3,L114,0.46442626,0.23625637
E025,3,L115,0.3196851,0.20323746
E025,3,L116,0.42338251,0.28670906
E025,3,L117,0.27024737,0.20332515
E025,3,L118,0.30522903,0.22676737
E026,1,L001,0.27829021,0.28985254
E026,1,L002,0.20303401,0.12137294
E026,1,L003,0.24744634,0.1998669
E026,1,L004,0.34875079,0.21177086
E026,1,L005,0.34076415,0.17916176
E026,1,L006,0.20233526,0.32944309
E026,1,L007,0.49099732,0.26683279
E026,1,L008,0.36331898,0.32499361
E026,1,L011,0.31741116,0.23616435
E026,1,L012,0.23388376,0.28442747
E026,1,L013,0.26308445,0.26671223
E026,1,L014,0.2198707,0.13439176
E026,1,L015,0.19030366,0.28481149
E026,1,L016,0.18642003,0.19453737
E026,1,L017,0.17358276,0.1032184
E026,1,L018,0.15255663,0.25456398
E026,1,L021,0.34583736,0.46527797
E026,1,L022,0.26605914,0.30369665
E026,1,L023,0.2509793,0.26188956
E026,1,L024,0.20814058,0.33560535
E026,1,L025,0.35408271,0.37719262
E026,1,L026,0.09927882,0.16934748
E026,1,L027,0.28376106,0.31396726
E026,1,L028,0.16262017,0.25664309
E026,1,L031,0.30816545,0.19047705
E026,1,L032,0.54397882,0.46784927
E026,1,L033,0.21077194,0.14650134
E026,1,L034,0.19178476,0.23266318
E026,1,L035,0.16666685,0.30028939
E026,1,L036,0.24228614,0.36148492
E026,1,L037,0.23496063,0.20079159
E026,1,L038,0.24061425,0.24558203
E026,1,L041,0.18290262,0.18800715
E026,1,L042,0.33052235,0.26655998
E026,1,L043,0.38620373,0.3131226
E026,1,L044,0.24776676,0.14346742
E026,1,L045,0.26317513,0.27713943
E026,1,L046,0.37586935,0.41885734
E026,1,L047,0.34014946,0.16842433
E026,1,L048,0.30380291,0.34539492
E026,1,L051,0.22431324,0.23565991
E026,1,L052,0.22291755,0.21244363
E026,1,L053,0.27975278,0.26593545
E026,1,L054,0.33812487,0.3400966
E026,1,L055,0.23367505,0.14957137
E026,1,L056,0.19654755,0.22807532
E026,1,L057,0.29816684,0.3765935
E026,1,L058,0.1594914,0.19309903
E026,1,L061,0.17187212,0.10131712
E026,1,L062,0.17028407,0.28173553
E026,1,L063,0.25804906,0.14697538
E026,1,L064,0.20804865,0.23315185
E026,1,L065,0.20443172,0.24178236
E026,1,L066,0.35821915,0.19686839
E026,1,L067,0.22936533,0.21296209
E026,1,L068,0.31969055,0.22905214
E026,1,L071,0.4269683,0.35407859
E026,1,L072,0.30305003,0.24086984
E026,1,L073,0.31464805,0.20964559
E026,1,L074,0.19719781,0.2633084
E026,1,L075,0.36701065,0.29556212
E026,1,L076,0.41171898,0.15639399
E026,1,L077,0.25436211,0.23573506
E026,1,L078,0.23830621,0.25595954
E026,1,L081,0.38623028,0.23319857
E026,1,L082,0.54208488,0.58901255
E026,1,L083,0.36620171,0.35223416
E026,1,L084,0.46860774,0.53663322
E026,1,L085,0.36685022,0.30472252
E026,1,L086,0.52746526,0.44324579
E026,1,L087,0.49538943,0.48447827
E026,1,L088,0.27566119,0.30495049
E026,1,L091,0.29237915,0.2265272
E026,1,L092,0.36189529,0.2481631
E026,1,L093,0.26300458,0.22932529
E026,1,L094,0.30789227,0.25478059
E026,1,L095,0.31296351,0.29707585
E026,1,L096,0.18970979,0.23440035
E026,1,L097,0.32569115,0.35554359
E026,1,L098,0.29668015,0.34591759
E026,1,L101,0.36056842,0.27325228
E026,1,L102,0.34134511,0.38055157
E026,1,L103,0.20769542,0.23296483
E026,1,L104,0.19881862,0.3078593
E026,1,L105,0.21999166,0.1841287
E026,1,L106,0.31383588,0.57501501
E026,1,L107,0.24780673,0.13918645
E026,1,L108,0.28643189,0.25181848
E026,1,L111,0.38560582,0.34190215
E026,1,L112,0.22647036,0.27750339
E026,1,L113,0.21020024,0.38259874
E026,1,L114,0.46057759,0.3418251
E026,1,L115,0.33429971,0.30355579
E026,1,L116,0.56920083,0.48525022
E026,1,L117,0.34459727,0.30070152
E026,1,L118,0.20687768,0.23753763
E026,2,L001,0.19189179,0.28985254
E026,2,L002,0.17142294,0.12137294
E026,2,L003,0.21797184,0.1998669
E026,2,L004,0.24722138,0.21177086
E026,2,L005,0.2400318,0.17916176
E026,2,L006,0.25312946,0.32944309
E026,2,L007,0.46068326,0.26683279
E026,2,L008,0.27118673,0.32499361
E026,2,L011,0.2674461,0.23616435
E026,2,L012,0.25701946,0.28442747
E026,2,L013,0.39357451,0.26671223
E026,2,L014,0.24696538,0.13439176
E026,2,L015,0.21030108,0.28481149
E026,2,L016,0.29127238,0.19453737
E026,2,L017,0.23357488,0.1032184
E026,2,L018,0.33491471,0.25456398
E026,2,L021,0.33810551,0.46527797
E026,2,L022,0.36859626,0.30369665
E026,2,L023,0.25167921,0.26188956
E026,2,L024,0.30274502,0.33560535
E026,2,L025,0.47071766,0.37719262
E026,2,L026,0.18862435,0.16934748
E026,2,L027,0.25559868,0.31396726
E026,2,L028,0.24234011,0.25664309
E026,2,L031,0.3198392,0.19047705
E026,2,L032,0.57485236,0.46784927
E026,2,L033,0.21141993,0.14650134
E026,2,L034,0.23662253,0.23266318
E026,2,L035,0.19987123,0.30028939
E026,2,L036,0.28101731,0.36148492
E026,2,L037,0.24559029,0.20079159
E026,2,L038,0.244945,0.24558203
E026,2,L041,0.23949328,0.18800715
E026,2,L042,0.23223878,0.26655998
E026,2,L043,0.35490066,0.3131226
E026,2,L044,0.25519103,0.14346742
E026,2,L045,0.34980363,0.27713943
E026,2,L046,0.223664,0.41885734
E026,2,L047,0.31664901,0.16842433
E026,2,L048,0.2933277,0.34539492
E026,2,L051,0.24613021,0.23565991
E026,2,L052,0.36591267,0.21244363
E026,2,L053,0.27831351,0.26593545
E026,2,L054,0.29594562,0.3400966
E026,2,L055,0.26771038,0.14957137
E026,2,L056,0.17501082,0.22807532
E026,2,L057,0.36685498,0.3765935
E026,2,L058,0.16707734,0.19309903
E026,2,L061,0.24225956,0.10131712
E026,2,L062,0.28862753,0.28173553
E026,2,L063,0.2474933,0.14697538
E026,2,L064,0.21177226,0.23315185
E026,2,L065,0.23973367,0.24178236
E026,2,L066,0.31749884,0.19686839
E026,2,L067,0.22570267,0.21296209
E026,2,L068,0.25642887,0.22905214
E026,2,L071,0.31986125,0.35407859
E026,2,L072,0.28749451,0.24086984
E026,2,L073,0.22677436,0.20964559
E026,2,L074,0.29738239,0.2633084
E026,2,L075,0.31327548,0.29556212
E026,2,L076,0.32572457,0.15639399
E026,2,L077,0.23006482,0.23573506
E026,2,L078,0.33534942,0.25595954
E026,2,L081,0.35884633,0.23319857
E026,2,L082,0.5542457,0.58901255
E026,2,L083,0.28709414,0.35223416
E026,2,L084,0.41847161,0.53663322
E026,2,L085,0.4413937,0.30472252
E026,2,L086,0.40527884,0.44324579
E026,2,L087,0.59276001,0.48447827
E026,2,L088,0.27219237,0.30495049
E026,2,L091,0.14860386,0.2265272
E026,2,L092,0.29163511,0.2481631
E026,2,L093,0.19489828,0.22932529
E026,2,L094,0.18356114,0.25478059
E026,2,L095,0.34093725,0.29707585
E026,2,L096,0.15568226,0.23440035
E026,2,L097,0.27847489,0.35554359
E026,2,L098,0.19316788,0.34591759
E026,2,L101,0.39301749,0.27325228
E026,2,L102,0.21141284,0.38055157
E026,2,L103,0.22855612,0.23296483
E026,2,L104,0.18137508,0.3078593
E026,2,L105,0.30712508,0.1841287
E026,2,L106,0.31937228,0.57501501
E026,2,L107,0.22237392,0.13918645
E026,2,L108,0.21274489,0.25181848
E026,2,L111,0.28130377,0.34190215
E026,2,L112,0.31451664,0.27750339
E026,2,L113,0.24308641,0.38259874
E026,2,L114,0.44021148,0.3418251
E026,2,L115,0.22557713,0.30355579
E026,2,L116,0.53453058,0.48525022
E026,2,L117,0.25607257,0.30070152
E026,2,L118,0.22214854,0.23753763
E026,3,L001,0.33719776,0.28985254
E026,3,L002,0.25437868,0.12137294
E026,3,L003,0.32599049,0.1998669
E026,3,L004,0.39852599,0.21177086
E026,3,L005,0.38102467,0.17916176
E026,3,L006,0.27249453,0.32944309
E026,3,L007,0.48589506,0.26683279
E026,3,L008,0.38268285,0.32499361
E026,3,L011,0.34450446,0.23616435
E026,3,L012,0.33119744,0.28442747
E026,3,L013,0.40789962,0.26671223
E026,3,L014,0.31121861,0.13439176
E026,3,L015,0.26710454,0.28481149
E026,3,L016,0.23760528,0.19453737
E026,3,L017,0.25377103,0.1032184
E026,3,L018,0.27326404,0.25456398
E026,3,L021,0.31306214,0.46527797
E026,3,L022,0.32504103,0.30369665
E026,3,L023,0.33773598,0.26188956
E026,3,L024,0.26661873,0.33560535
E026,3,L025,0.31411156,0.37719262
E026,3,L026,0.20739942,0.16934748
E026,3,L027,0.32042204,0.31396726
E026,3,L028,0.19559873,0.25664309
E026,3,L031,0.41752443,0.19047705
E026,3,L032,0.54055386,0.46784927
E026,3,L033,0.2695962,0.14650134
E026,3,L034,0.26298886,0.23266318
E026,3,L035,0.23078342,0.30028939
E026,3,L036,0.31718972,0.36148492
E026,3,L037,0.30766142,0.20079159
E026,3,L038,0.33243953,0.24558203
E026,3,L041,0.23960163,0.18800715
E026,3,L042,0.34343321,0.26655998
E026,3,L043,0.46338045,0.3131226
E026,3,L044,0.31568567,0.14346742
E026,3,L045,0.30321201,0.27713943
E026,3,L046,0.4399295,0.41885734
E026,3,L047,0.41425348,0.16842433
E026,3,L048,0.36504307,0.34539492
E026,3,L051,0.23309699,0.23565991
E026,3,L052,0.3260266,0.21244363
E026,3,L053,0.33060683,0.26593545
E026,3,L054,0.39576485,0.3400966
E026,3,L055,0.30665244,0.14957137
E026,3,L056,0.18737971,0.22807532
E026,3,L057,0.37720824,0.3765935
E026,3,L058,0.20456122,0.19309903
E026,3,L061,0.21821474,0.10131712
E026,3,L062,0.25065115,0.28173553
E026,3,L063,0.3236925,0.14697538
E026,3,L064,0.23536967,0.23315185
E026,3,L065,0.2685984,0.24178236
E026,3,L066,0.41018023,0.19686839
E026,3,L067,0.25130485,0.21296209
E026,3,L068,0.33653892,0.22905214
E026,3,L071,0.44433058,0.35407859
E026,3,L072,0.33676588,0.24086984
E026,3,L073,0.34335946,0.20964559
E026,3,L074,0.29145487,0.2633084
E026,3,L075,0.41513927,0.29556212
E026,3,L076,0.44413351,0.15639399
E026,3,L077,0.31507313,0.23573506
E026,3,L078,0.37343839,0.25595954
E026,3,L081,0.34615552,0.23319857
E026,3,L082,0.58744926,0.58901255
E026,3,L083,0.41125143,0.35223416
E026,3,L084,0.32734323,0.53663322
E026,3,L085,0.49206933,0.30472252
E026,3,L086,0.45750238,0.44324579
E026,3,L087,0.55602574,0.48447827
E026,3,L088,0.35084482,0.30495049
E026,3,L091,0.32867054,0.2265272
E026,3,L092,0.41181435,0.2481631
E026,3,L093,0.30895212,0.22932529
E026,3,L094,0.3533858,0.25478059
E026,3,L095,0.40805151,0.29707585
E026,3,L096,0.25313423,0.23440035
E026,3,L097,0.4160584,0.35554359
E026,3,L098,0.34064369,0.34591759
E026,3,L101,0.37169736,0.27325228
E026,3,L102,0.36802942,0.38055157
E026,3,L103,0.23757091,0.23296483
E026,3,L104,0.21052058,0.3078593
E026,3,L105,0.30208093,0.1841287
E026,3,L106,0.36066895,0.57501501
E026,3,L107,0.22804428,0.13918645
E026,3,L108,0.31328869,0.25181848
E026,3,L111,0.40381773,0.34190215
E026,3,L112,0.34571354,0.27750339
E026,3,L113,0.26894754,0.38259874
E026,3,L114,0.45079497,0.3418251
E026,3,L115,0.34137321,0.30355579
E026,3,L116,0.64265494,0.48525022
E026,3,L117,0.39690329,0.30070152
E026,3,L118,0.25719064,0.23753763
E027,1,L001,0.24860392,0.36472212
E027,1,L002,0.22084796,0.25204488
E027,1,L003,0.30488365,0.41854537
E027,1,L004,0.32588104,0.21805651
E027,1,L005,0.34268301,0.30394176
E027,1,L006,0.27016578,0.20851819
E027,1,L007,0.27859803,0.12698933
E027,1,L008,0.31711455,0.25705742
E027,1,L011,0.32357221,0.22191826
E027,1,L012,0.36275944,0.23244293
E027,1,L013,0.35761187,0.14580584
E027,1,L014,0.29647658,0.1633661
E027,1,L015,0.23105508,0.23639876
E027,1,L016,0.26154496,0.2176283
E027,1,L017,0.2754806,0.14431815
E027,1,L018,0.31649232,0.38517824
E027,1,L021,0.26046642,0.27363379
E027,1,L022,0.39809344,0.25266056
E027,1,L023,0.3362509,0.28899052
E027,1,L024,0.31289684,0.1895488
E027,1,L025,0.25283586,0.30097373
E027,1,L026,0.22115631,0.18200379
E027,1,L027,0.26196679,0.27839754
E027,1,L028,0.21572185,0.25262576
E027,1,L031,0.47089164,0.24453802
E027,1,L032,0.42180644,0.23788849
E027,1,L033,0.2881336,0.11592599
E027,1,L034,0.21991426,0.22022072
E027,1,L035,0.24292727,0.26534018
E027,1,L036,0.31936638,0.24618697
E027,1,L037,0.31222082,0.22230582
E027,1,L038,0.29615033,0.32964085
E027,1,L041,0.22752591,0.25340045
E027,1,L042,0.22365784,0.31516014
E027,1,L043,0.41972116,0.29260845
E027,1,L044,0.21317574,0.21381875
E027,1,L045,0.29882204,0.22158701
E027,1,L046,0.26981952,0.3230083
E027,1,L047,0.25891696,0.18733554
E027,1,L048,0.3368167,0.2655756
E027,1,L051,0.24464996,0.35980819
E027,1,L052,0.35531599,0.16667659
E027,1,L053,0.24695761,0.25728137
E027,1,L054,0.3402435,0.22865546
E027,1,L055,0.24795935,0.36454257
E027,1,L056,0.15527963,0.33576739
E027,1,L057,0.36527943,0.51987259
E027,1,L058,0.28261064,0.302715
E027,1,L061,0.22740128,0.22291653
E027,1,L062,0.22810083,0.27018759
E027,1,L063,0.26324849,0.166241
E027,1,L064,0.32828242,0.37128535
E027,1,L065,0.24950979,0.22141991
E027,1,L066,0.41683981,0.28759383
E027,1,L067,0.23196677,0.24273287
E027,1,L068,0.30146878,0.27536358
E027,1,L071,0.32975629,0.36402495
E027,1,L072,0.30963256,0.37114572
E027,1,L073,0.18330246,0.20260832
E027,1,L074,0.27577743,0.25739816
E027,1,L075,0.39214401,0.29071573
E027,1,L076,0.3121879,0.28500939
E027,1,L077,0.25338154,0.19186024
E027,1,L078,0.29032292,0.24119852
E027,1,L081,0.34474333,0.32423198
E027,1,L082,0.55236993,0.23184056
E027,1,L083,0.28244175,0.49641146
E027,1,L084,0.21072159,0.30420328
E027,1,L085,0.55683446,0.36751865
E027,1,L086,0.30159545,0.31981966
E027,1,L087,0.49638383,0.29930335
E027,1,L088,0.26991566,0.3188215
E027,1,L091,0.23908713,0.2925835
E027,1,L092,0.2891294,0.25061606
E027,1,L093,0.26439742,0.23684214
E027,1,L094,0.22514507,0.21639033
E027,1,L095,0.27896573,0.32742972
E027,1,L096,0.16313514,0.280116
E027,1,L097,0.33544227,0.19700824
E027,1,L098,0.19644699,0.30770462
E027,1,L101,0.31700592,0.23543462
E027,1,L102,0.25957241,0.32299099
E027,1,L103,0.30751562,0.20901554
E027,1,L104,0.19298962,0.21189798
E027,1,L105,0.37516448,0.3043962
E027,1,L106,0.31057427,0.31796874
E027,1,L107,0.21327877,0.17907495
E027,1,L108,0.20315856,0.33208446
E027,1,L111,0.24812428,0.1976967
E027,1,L112,0.25488242,0.20164685
E027,1,L113,0.26331644,0.23682123
E027,1,L114,0.29002296,0.26819002
E027,1,L115,0.27627348,0.18506494
E027,1,L116,0.41793167,0.2141984
E027,1,L117,0.27001073,0.24604171
E027,1,L118,0.27615701,0.33044458
E027,2,L001,0.24477884,0.36472212
E027,2,L002,0.23845226,0.25204488
E027,2,L003,0.31672189,0.41854537
E027,2,L004,0.33080858,0.21805651
E027,2,L005,0.35047856,0.30394176
E027,2,L006,0.26938047,0.20851819
E027,2,L007,0.31157268,0.12698933
E027,2,L008,0.36319861,0.25705742
E027,2,L011,0.37069664,0.22191826
E027,2,L012,0.36671679,0.23244293
E027,2,L013,0.48612836,0.14580584
E027,2,L014,0.37422875,0.1633661
E027,2,L015,0.30839832,0.23639876
E027,2,L016,0.28540339,0.2176283
E027,2,L017,0.40782581,0.14431815
E027,2,L018,0.32579544,0.38517824
E027,2,L021,0.26970102,0.27363379
E027,2,L022,0.38696228,0.25266056
E027,2,L023,0.46308813,0.28899052
E027,2,L024,0.3452499,0.1895488
E027,2,L025,0.29524299,0.30097373
E027,2,L026,0.30942161,0.18200379
E027,2,L027,0.26891707,0.27839754
E027,2,L028,0.29174826,0.25262576
E027,2,L031,0.48899561,0.24453802
E027,2,L032,0.36648544,0.23788849
E027,2,L033,0.42951732,0.11592599
E027,2,L034,0.29227034,0.22022072
E027,2,L035,0.30669075,0.26534018
E027,2,L036,0.3835556,0.24618697
E027,2,L037,0.36209514,0.22230582
E027,2,L038,0.36037699,0.32964085
E027,2,L041,0.2313271,0.25340045
E027,2,L042,0.27152854,0.31516014
E027,2,L043,0.42645737,0.29260845
E027,2,L044,0.32607349,0.21381875
E027,2,L045,0.3401881,0.22158701
E027,2,L046,0.3509736,0.3230083
E027,2,L047,0.36143099,0.18733554
E027,2,L048,0.37397287,0.2655756
E027,2,L051,0.25800062,0.35980819
E027,2,L052,0.35616377,0.16667659
E027,2,L053,0.27480236,0.25728137
E027,2,L054,0.41736413,0.22865546
E027,2,L055,0.31950993,0.36454257
E027,2,L056,0.20756257,0.33576739
E027,2,L057,0.36685056,0.51987259
E027,2,L058,0.30910347,0.302715
E027,2,L061,0.24878485,0.22291653
E027,2,L062,0.28088578,0.27018759
E027,2,L063,0.23994554,0.166241
E027,2,L064,0.34779055,0.37128535
E027,2,L065,0.24115949,0.22141991
E027,2,L066,0.41830314,0.28759383
E027,2,L067,0.29071271,0.24273287
E027,2,L068,0.34612819,0.27536358
E027,2,L071,0.31896158,0.36402495
E027,2,L072,0.34470685,0.37114572
E027,2,L073,0.24493482,0.20260832
E027,2,L074,0.29026259,0.25739816
E027,2,L075,0.36963697,0.29071573
E027,2,L076,0.34972877,0.28500939
E027,2,L077,0.2898594,0.19186024
E027,2,L078,0.33474721,0.24119852
E027,2,L081,0.33420387,0.32423198
E027,2,L082,0.50769764,0.23184056
E027,2,L083,0.30510704,0.49641146
E027,2,L084,0.21930531,0.30420328
E027,2,L085,0.55510147,0.36751865
E027,2,L086,0.25178526,0.31981966
E027,2,L087,0.44789998,0.29930335
E027,2,L088,0.35071705,0.3188215
E027,2,L091,0.3149396,0.2925835
E027,2,L092,0.33524878,0.25061606
E027,2,L093,0.29108481,0.23684214
E027,2,L094,0.26148652,0.21639033
E027,2,L095,0.29097807,0.32742972
E027,2,L096,0.21298887,0.280116
E027,2,L097,0.35551125,0.19700824
E027,2,L098,0.23122216,0.30770462
E027,2,L101,0.32714492,0.23543462
E027,2,L102,0.30107611,0.32299099
E027,2,L103,0.38986259,0.20901554
E027,2,L104,0.24649892,0.21189798
E027,2,L105,0.35370091,0.3043962
E027,2,L106,0.33514297,0.31796874
E027,2,L107,0.28459208,0.17907495
E027,2,L108,0.23530771,0.33208446
E027,2,L111,0.29680984,0.1976967
E027,2,L112,0.32271641,0.20164685
E027,2,L113,0.33617899,0.23682123
E027,2,L114,0.30063459,0.26819002
E027,2,L115,0.3014709,0.18506494
E027,2,L116,0.36759204,0.2141984
E027,2,L117,0.25322477,0.24604171
E027,2,L118,0.29173921,0.33044458
E027,3,L001,0.25516397,0.36472212
E027,3,L002,0.2512827,0.25204488
E027,3,L003,0.31229789,0.41854537
E027,3,L004,0.32753465,0.21805651
E027,3,L005,0.32865782,0.30394176
E027,3,L006,0.25920555,0.20851819
E027,3,L007,0.29478099,0.12698933
E027,3,L008,0.33035986,0.25705742
E027,3,L011,0.33179452,0.22191826
E027,3,L012,0.36200551,0.23244293
E027,3,L013,0.40034761,0.14580584
E027,3,L014,0.36900444,0.1633661
E027,3,L015,0.24596671,0.23639876
E027,3,L016,0.2550055,0.2176283
E027,3,L017,0.29320145,0.14431815
E027,3,L018,0.29865348,0.38517824
E027,3,L021,0.25376604,0.27363379
E027,3,L022,0.39814585,0.25266056
E027,3,L023,0.35699761,0.28899052
E027,3,L024,0.28760612,0.1895488
E027,3,L025,0.30343278,0.30097373
E027,3,L026,0.22563522,0.18200379
E027,3,L027,0.27580453,0.27839754
E027,3,L028,0.20832762,0.25262576
E027,3,L031,0.46855269,0.24453802
E027,3,L032,0.41501479,0.23788849
E027,3,L033,0.3183642,0.11592599
E027,3,L034,0.21036337,0.22022072
E027,3,L035,0.24472835,0.26534018
E027,3,L036,0.33294754,0.24618697
E027,3,L037,0.31478869,0.22230582
E027,3,L038,0.28383799,0.32964085
E027,3,L041,0.20654953,0.25340045
E027,3,L042,0.22552699,0.31516014
E027,3,L043,0.41936138,0.29260845
E027,3,L044,0.21064604,0.21381875
E027,3,L045,0.31329667,0.22158701
E027,3,L046,0.25868226,0.3230083
E027,3,L047,0.25502544,0.18733554
E027,3,L048,0.31763805,0.2655756
E027,3,L051,0.22715954,0.35980819
E027,3,L052,0.35919055,0.16667659
E027,3,L053,0.23213668,0.25728137
E027,3,L054,0.34551113,0.22865546
E027,3,L055,0.26390015,0.36454257
E027,3,L056,0.13729872,0.33576739
E027,3,L057,0.35440177,0.51987259
E027,3,L058,0.26743467,0.302715
E027,3,L061,0.21582781,0.22291653
E027,3,L062,0.23422344,0.27018759
E027,3,L063,0.26354457,0.166241
E027,3,L064,0.37884264,0.37128535
E027,3,L065,0.24287862,0.22141991
E027,3,L066,0.39870342,0.28759383
E027,3,L067,0.20822289,0.24273287
E027,3,L068,0.29903299,0.27536358
E027,3,L071,0.33157622,0.36402495
E027,3,L072,0.30053518,0.37114572
E027,3,L073,0.19902306,0.20260832
E027,3,L074,0.27447458,0.25739816
E027,3,L075,0.37465148,0.29071573
E027,3,L076,0.31134228,0.28500939
E027,3,L077,0.28115568,0.19186024
E027,3,L078,0.30058324,0.24119852
E027,3,L081,0.33406423,0.32423198
E027,3,L082,0.54041129,0.23184056
E027,3,L083,0.29784935,0.49641146
E027,3,L084,0.21018303,0.30420328
E027,3,L085,0.57434172,0.36751865
E027,3,L086,0.3052512,0.31981966
E027,3,L087,0.47072503,0.29930335
E027,3,L088,0.2728316,0.3188215
E027,3,L091,0.28259337,0.2925835
E027,3,L092,0.30073766,0.25061606
E027,3,L093,0.24118944,0.23684214
E027,3,L094,0.20914636,0.21639033
E027,3,L095,0.29207031,0.32742972
E027,3,L096,0.15637713,0.280116
E027,3,L097,0.3510246,0.19700824
E027,3,L098,0.19102481,0.30770462
E027,3,L101,0.3522889,0.23543462
E027,3,L102,0.28296088,0.32299099
E027,3,L103,0.31041368,0.20901554
E027,3,L104,0.21221809,0.21189798
E027,3,L105,0.36616864,0.3043962
E027,3,L106,0.34604947,0.31796874
E027,3,L107,0.23849733,0.17907495
E027,3,L108,0.1945552,0.33208446
E027,3,L111,0.23512431,0.1976967
E027,3,L112,0.25901078,0.20164685
E027,3,L113,0.25368875,0.23682123
E027,3,L114,0.30034433,0.26819002
E027,3,L115,0.27005994,0.18506494
E027,3,L116,0.42348326,0.2141984
E027,3,L117,0.27148346,0.24604171
E027,3,L118,0.26284009,0.33044458
E028,1,L001,0.32456205,0.24356415
E028,1,L002,0.29627044,0.28065998
E028,1,L003,0.26648651,0.20981882
E028,1,L004,0.34821473,0.1630236
E028,1,L005,0.39270239,0.22781711
E028,1,L006,0.31314554,0.27069018
E028,1,L007,0.27411967,0.12558734
E028,1,L008,0.36071088,0.26685171
E028,1,L011,0.43138995,0.35927407
E028,1,L012,0.32165548,0.1979696
E028,1,L013,0.25651558,0.26516523
E028,1,L014,0.48979513,0.34648482
E028,1,L015,0.42984629,0.30653053
E028,1,L016,0.16621107,0.0944292
E028,1,L017,0.19457047,0.16357081
E028,1,L018,0.18444666,0.25063227
E028,1,L021,0.24185416,0.19350779
E028,1,L022,0.22131268,0.14068077
E028,1,L023,0.25425049,0.32744435
E028,1,L024,0.25850463,0.2259206
E028,1,L025,0.27968112,0.2775043
E028,1,L026,0.19212812,0.18862334
E028,1,L027,0.38156346,0.26928976
E028,1,L028,0.21035789,0.18827469
E028,1,L031,0.23016959,0.16761411
E028,1,L032,0.22918718,0.16397174
E028,1,L033,0.2445128,0.27180928
E028,1,L034,0.27182111,0.23914993
E028,1,L035,0.41204243,0.28592473
E028,1,L036,0.31031461,0.20720653
E028,1,L037,0.24144003,0.16067501
E028,1,L038,0.22716367,0.28124003
E028,1,L041,0.33021399,0.19091595
E028,1,L042,0.24038822,0.27057928
E028,1,L043,0.30351634,0.35654378
E028,1,L044,0.1868813,0.23466874
E028,1,L045,0.21044433,0.10262947
E028,1,L046,0.42315191,0.38793641
E028,1,L047,0.33287479,0.22471433
E028,1,L048,0.31904898,0.31096493
E028,1,L051,0.23839817,0.20864038
E028,1,L052,0.22295268,0.16375052
E028,1,L053,0.40786319,0.31441021
E028,1,L054,0.3076476,0.2668244
E028,1,L055,0.23319174,0.17437421
E028,1,L056,0.2454395,0.29432119
E028,1,L057,0.23473258,0.2975253
E028,1,L058,0.19114651,0.21204854
E028,1,L061,0.23300188,0.18741793
E028,1,L062,0.2390117,0.20675946
E028,1,L063,0.38860081,0.20994547
E028,1,L064,0.31896963,0.38229893
E028,1,L065,0.37473753,0.28594891
E028,1,L066,0.20589797,0.17440289
E028,1,L067,0.25566368,0.26949537
E028,1,L068,0.25098038,0.34433078
E028,1,L071,0.4207715,0.37708355
E028,1,L072,0.21592543,0.20057329
E028,1,L073,0.2806482,0.20085594
E028,1,L074,0.23498986,0.31986097
E028,1,L075,0.33356885,0.32170477
E028,1,L076,0.41790061,0.26670855
E028,1,L077,0.34803732,0.29751276
E028,1,L078,0.41845396,0.28901412
E028,1,L081,0.21449823,0.16289226
E028,1,L082,0.27286977,0.19287891
E028,1,L083,0.26231765,0.19566894
E028,1,L084,0.23712821,0.15844663
E028,1,L085,0.26670758,0.19234835
E028,1,L086,0.33923239,0.35274255
E028,1,L087,0.25513406,0.19818117
E028,1,L088,0.22729647,0.30710291
E028,1,L091,0.84902343,0.47080837
E028,1,L092,0.37279213,0.35044738
E028,1,L093,0.31932282,0.244689
E028,1,L094,0.36953451,0.30452013
E028,1,L095,0.45202019,0.33727433
E028,1,L096,0.34977592,0.34498502
E028,1,L097,0.70437787,0.33459265
E028,1,L098,0.38360225,0.3489028
E028,1,L101,0.32436382,0.26708461
E028,1,L102,0.42354007,0.19356164
E028,1,L103,0.42957476,0.32324429
E028,1,L104,0.29449555,0.26372215
E028,1,L105,0.31712124,0.19630947
E028,1,L106,0.33997302,0.23241922
E028,1,L107,0.48925781,0.22831233
E028,1,L108,0.24351784,0.20788757
E028,1,L111,0.2265821,0.31415942
E028,1,L112,0.26572251,0.25871881
E028,1,L113,0.23364621,0.26082503
E028,1,L114,0.27444288,0.29353214
E028,1,L115,0.2815879,0.23387141
E028,1,L116,0.36811951,0.2534755
E028,1,L117,0.43971198,0.22875358
E028,1,L118,0.23392557,0.26758563
E028,2,L001,0.32727368,0.24356415
E028,2,L002,0.31317233,0.28065998
E028,2,L003,0.27381034,0.20981882
E028,2,L004,0.36994848,0.1630236
E028,2,L005,0.42156961,0.22781711
E028,2,L006,0.28593031,0.27069018
E028,2,L007,0.33190858,0.12558734
E028,2,L008,0.39579291,0.26685171
E028,2,L011,0.4800728,0.35927407
E028,2,L012,0.36795128,0.1979696
E028,2,L013,0.28256825,0.26516523
E028,2,L014,0.51554562,0.34648482
E028,2,L015,0.46042435,0.30653053
E028,2,L016,0.17521031,0.0944292
E028,2,L017,0.21547242,0.16357081
E028,2,L018,0.21288352,0.25063227
E028,2,L021,0.28170206,0.19350779
E028,2,L022,0.2407517,0.14068077
E028,2,L023,0.26631303,0.32744435
E028,2,L024,0.29119157,0.2259206
E028,2,L025,0.33662653,0.2775043
E028,2,L026,0.22347215,0.18862334
E028,2,L027,0.35629189,0.26928976
E028,2,L028,0.23366811,0.18827469
E028,2,L031,0.24320163,0.16761411
E028,2,L032,0.2663627,0.16397174
E028,2,L033,0.27505418,0.27180928
E028,2,L034,0.30471365,0.23914993
E028,2,L035,0.43479757,0.28592473
E028,2,L036,0.33757483,0.20720653
E028,2,L037,0.27989657,0.16067501
E028,2,L038,0.23951382,0.28124003
E028,2,L041,0.33278861,0.19091595
E028,2,L042,0.27592525,0.27057928
E028,2,L043,0.32169007,0.35654378
E028,2,L044,0.22384659,0.23466874
E028,2,L045,0.22062959,0.10262947
E028,2,L046,0.46912108,0.38793641
E028,2,L047,0.35947881,0.22471433
E028,2,L048,0.34414396,0.31096493
E028,2,L051,0.24150868,0.20864038
E028,2,L052,0.24486139,0.16375052
E028,2,L053,0.35914414,0.31441021
E028,2,L054,0.33763485,0.2668244
E028,2,L055,0.23529114,0.17437421
E028,2,L056,0.25626501,0.29432119
E028,2,L057,0.27481961,0.2975253
E028,2,L058,0.19822447,0.21204854
E028,2,L061,0.2472206,0.18741793
E028,2,L062,0.2616024,0.20675946
E028,2,L063,0.3765273,0.20994547
E028,2,L064,0.33420087,0.38229893
E028,2,L065,0.35889987,0.28594891
E028,2,L066,0.2439203,0.17440289
E028,2,L067,0.29104751,0.26949537
E028,2,L068,0.29145321,0.34433078
E028,2,L071,0.39728384,0.37708355
E028,2,L072,0.26911424,0.20057329
E028,2,L073,0.31067825,0.20085594
E028,2,L074,0.24080345,0.31986097
E028,2,L075,0.31695376,0.32170477
E028,2,L076,0.45635173,0.26670855
E028,2,L077,0.37387066,0.29751276
E028,2,L078,0.43366802,0.28901412
E028,2,L081,0.25377472,0.16289226
E028,2,L082,0.27933666,0.19287891
E028,2,L083,0.28853522,0.19566894
E028,2,L084,0.25100405,0.15844663
E028,2,L085,0.27822284,0.19234835
E028,2,L086,0.29186674,0.35274255
E028,2,L087,0.27121055,0.19818117
E028,2,L088,0.25454013,0.30710291
E028,2,L091,0.86939315,0.47080837
E028,2,L092,0.40515875,0.35044738
E028,2,L093,0.27636197,0.244689
E028,2,L094,0.34209362,0.30452013
E028,2,L095,0.46735749,0.33727433
E028,2,L096,0.37971926,0.34498502
E028,2,L097,0.77156645,0.33459265
E028,2,L098,0.36885222,0.3489028
E028,2,L101,0.36154901,0.26708461
E028,2,L102,0.4422202,0.19356164
E028,2,L103,0.4396474,0.32324429
E028,2,L104,0.28843054,0.26372215
E028,2,L105,0.32141483,0.19630947
E028,2,L106,0.3989508,0.23241922
E028,2,L107,0.5204931,0.22831233
E028,2,L108,0.24799246,0.20788757
E028,2,L111,0.27013572,0.31415942
E028,2,L112,0.317103,0.25871881
E028,2,L113,0.25603474,0.26082503
E028,2,L114,0.35679427,0.29353214
E028,2,L115,0.31491992,0.23387141
E028,2,L116,0.41589283,0.2534755
E028,2,L117,0.45116904,0.22875358
E028,2,L118,0.27431445,0.26758563
E028,3,L001,0.32454639,0.24356415
E028,3,L002,0.29626926,0.28065998
E028,3,L003,0.26648417,0.20981882
E028,3,L004,0.3481844,0.1630236
E028,3,L005,0.39264558,0.22781711
E028,3,L006,0.31314403,0.27069018
E028,3,L007,0.27405591,0.12558734
E028,3,L008,0.36065685,0.26685171
E028,3,L011,0.43141297,0.35927407
E028,3,L012,0.3216181,0.1979696
E028,3,L013,0.25650163,0.26516523
E028,3,L014,0.48983729,0.34648482
E028,3,L015,0.42982938,0.30653053
E028,3,L016,0.16615768,0.0944292
E028,3,L017,0.19451264,0.16357081
E028,3,L018,0.18447465,0.25063227
E028,3,L021,0.24177719,0.19350779
E028,3,L022,0.22125963,0.14068077
E028,3,L023,0.25423902,0.32744435
E028,3,L024,0.25848517,0.2259206
E028,3,L025,0.27963171,0.2775043
E028,3,L026,0.1921103,0.18862334
E028,3,L027,0.38155604,0.26928976
E028,3,L028,0.21031806,0.18827469
E028,3,L031,0.23016636,0.16761411
E028,3,L032,0.2291392,0.16397174
E028,3,L033,0.2445275,0.27180928
E028,3,L034,0.27180855,0.23914993
E028,3,L035,0.4120533,0.28592473
E028,3,L036,0.31029182,0.20720653
E028,3,L037,0.24137086,0.16067501
E028,3,L038,0.22710836,0.28124003
E028,3,L041,0.33017999,0.19091595
E028,3,L042,0.24030454,0.27057928
E028,3,L043,0.30346949,0.35654378
E028,3,L044,0.18685109,0.23466874
E028,3,L045,0.21043122,0.10262947
E028,3,L046,0.423117,0.38793641
E028,3,L047,0.33282523,0.22471433
E028,3,L048,0.31900931,0.31096493
E028,3,L051,0.23831305,0.20864038
E028,3,L052,0.2229657,0.16375052
E028,3,L053,0.40782579,0.31441021
E028,3,L054,0.30763515,0.2668244
E028,3,L055,0.23315396,0.17437421
E028,3,L056,0.24539126,0.29432119
E028,3,L057,0.23465731,0.2975253
E028,3,L058,0.19109515,0.21204854
E028,3,L061,0.23299837,0.18741793
E028,3,L062,0.23900231,0.20675946
E028,3,L063,0.38854525,0.20994547
E028,3,L064,0.31896528,0.38229893
E028,3,L065,0.37473377,0.28594891
E028,3,L066,0.20582549,0.17440289
E028,3,L067,0.25563826,0.26949537
E028,3,L068,0.25093429,0.34433078
E028,3,L071,0.42069737,0.37708355
E028,3,L072,0.21582222,0.20057329
E028,3,L073,0.28057747,0.20085594
E028,3,L074,0.23500894,0.31986097
E028,3,L075,0.3334717,0.32170477
E028,3,L076,0.41783496,0.26670855
E028,3,L077,0.34795365,0.29751276
E028,3,L078,0.41844363,0.28901412
E028,3,L081,0.21446627,0.16289226
E028,3,L082,0.27286115,0.19287891
E028,3,L083,0.26228155,0.19566894
E028,3,L084,0.23703728,0.15844663
E028,3,L085,0.26670304,0.19234835
E028,3,L086,0.33920202,0.35274255
E028,3,L087,0.25513288,0.19818117
E028,3,L088,0.2272101,0.30710291
E028,3,L091,0.84904745,0.47080837
E028,3,L092,0.37275503,0.35044738
E028,3,L093,0.31927217,0.244689
E028,3,L094,0.36951709,0.30452013
E028,3,L095,0.45201511,0.33727433
E028,3,L096,0.34977839,0.34498502
E028,3,L097,0.70431751,0.33459265
E028,3,L098,0.38361777,0.3489028
E028,3,L101,0.32429647,0.26708461
E028,3,L102,0.42345669,0.19356164
E028,3,L103,0.42957731,0.32324429
E028,3,L104,0.29446317,0.26372215
E028,3,L105,0.31706621,0.19630947
E028,3,L106,0.33993343,0.23241922
E028,3,L107,0.48925458,0.22831233
E028,3,L108,0.24346597,0.20788757
E028,3,L111,0.22657635,0.31415942
E028,3,L112,0.26569164,0.25871881
E028,3,L113,0.23357533,0.26082503
E028,3,L114,0.2744384,0.29353214
E028,3,L115,0.28150894,0.23387141
E028,3,L116,0.36810491,0.2534755
E028,3,L117,0.43974202,0.22875358
E028,3,L118,0.23389278,0.26758563
E029,1,L001,0.36183911,0.36427932
E029,1,L002,0.39251106,0.33994117
E029,1,L003,0.35175335,0.21620587
E029,1,L004,0.4125393,0.18138303
E029,1,L005,0.38831725,0.29103299
E029,1,L006,0.35939337,0.21636963
E029,1,L007,0.32857113,0.29664689
E029,1,L008,0.33131032,0.28982651
E029,1,L011,0.42202449,0.30015219
E029,1,L012,0.44898707,0.20136332
E029,1,L013,0.3904634,0.20757281
E029,1,L014,0.50359502,0.35427545
E029,1,L015,0.38294154,0.19451439
E029,1,L016,0.28049019,0.16262987
E029,1,L017,0.40768741,0.10202789
E029,1,L018,0.28689658,0.24048949
E029,1,L021,0.29727097,0.17029679
E029,1,L022,0.37493721,0.26758362
E029,1,L023,0.42655604,0.20194827
E029,1,L024,0.36446208,0.24590117
E029,1,L025,0.3893583,0.45159551
E029,1,L026,0.3517876,0.22575663
E029,1,L027,0.3262275,0.32552396
E029,1,L028,0.18020865,0.19389019
E029,1,L031,0.43185546,0.21035
E029,1,L032,0.27189598,0.29045321
E029,1,L033,0.46436006,0.20041477
E029,1,L034,0.48242462,0.24938173
E029,1,L035,0.43590178,0.33223062
E029,1,L036,0.50583417,0.29777346
E029,1,L037,0.42304987,0.15717468
E029,1,L038,0.40715829,0.2878064
E029,1,L041,0.40103635,0.25358376
E029,1,L042,0.29112831,0.29116549
E029,1,L043,0.39184274,0.30521465
E029,1,L044,0.30057703,0.20175889
E029,1,L045,0.33126274,0.13681618
E029,1,L046,0.35533743,0.23607027
E029,1,L047,0.34670793,0.41052302
E029,1,L048,0.38923879,0.2919449
E029,1,L051,0.2687237,0.25091923
E029,1,L052,0.37894962,0.1649502
E029,1,L053,0.32322662,0.35033492
E029,1,L054,0.36496516,0.21334022
E029,1,L055,0.29703303,0.25569776
E029,1,L056,0.25791722,0.30495079
E029,1,L057,0.30479409,0.3233727
E029,1,L058,0.31474331,0.19345786
E029,1,L061,0.36976907,0.21689647
E029,1,L062,0.40513098,0.30420244
E029,1,L063,0.33064921,0.25686252
E029,1,L064,0.42948357,0.3599719
E029,1,L065,0.40101186,0.44984059
E029,1,L066,0.37384515,0.27992085
E029,1,L067,0.35549953,0.22003074
E029,1,L068,0.36928791,0.22101458
E029,1,L071,0.32534303,0.40006855
E029,1,L072,0.27022004,0.18467403
E029,1,L073,0.2361387,0.24416167
E029,1,L074,0.38588818,0.270638
E029,1,L075,0.32011071,0.33000997
E029,1,L076,0.46107855,0.27642284
E029,1,L077,0.34034719,0.32814751
E029,1,L078,0.36553133,0.36117511
E029,1,L081,0.34476414,0.19175209
E029,1,L082,0.36351432,0.23061246
E029,1,L083,0.22503172,0.24941182
E029,1,L084,0.29942412,0.11069373
E029,1,L085,0.31772607,0.23145893
E029,1,L086,0.22934841,0.32817441
E029,1,L087,0.28659161,0.27819717
E029,1,L088,0.23851871,0.20720807
E029,1,L091,0.46436988,0.37242229
E029,1,L092,0.43382376,0.43567768
E029,1,L093,0.47129396,0.29920281
E029,1,L094,0.35981176,0.24596636
E029,1,L095,0.52903226,0.51929803
E029,1,L096,0.41698422,0.68226715
E029,1,L097,0.39821172,0.31215448
E029,1,L098,0.36539146,0.30196354
E029,1,L101,0.3861377,0.32919683
E029,1,L102,0.37107742,0.24798401
E029,1,L103,0.5158154,0.45780743
E029,1,L104,0.26893022,0.24167354
E029,1,L105,0.42088333,0.2572047
E029,1,L106,0.34283287,0.26952567
E029,1,L107,0.45930942,0.42034717
E029,1,L108,0.3481444,0.22352002
E029,1,L111,0.22002728,0.25364703
E029,1,L112,0.33034169,0.23216068
E029,1,L113,0.33257777,0.14348551
E029,1,L114,0.32971994,0.28221771
E029,1,L115,0.34298612,0.21131988
E029,1,L116,0.26408232,0.25410997
E029,1,L117,0.4609348,0.25932428
E029,1,L118,0.39433975,0.21667243
E029,2,L001,0.37669772,0.36427932
E029,2,L002,0.41953829,0.33994117
E029,2,L003,0.35247805,0.21620587
E029,2,L004,0.40302817,0.18138303
E029,2,L005,0.40174011,0.29103299
E029,2,L006,0.34502946,0.21636963
E029,2,L007,0.29552165,0.29664689
E029,2,L008,0.32779813,0.28982651
E029,2,L011,0.40503494,0.30015219
E029,2,L012,0.41409029,0.20136332
E029,2,L013,0.39735949,0.20757281
E029,2,L014,0.50389411,0.35427545
E029,2,L015,0.3859299,0.19451439
E029,2,L016,0.29818296,0.16262987
E029,2,L017,0.39090497,0.10202789
E029,2,L018,0.25120829,0.24048949
E029,2,L021,0.27310113,0.17029679
E029,2,L022,0.36383617,0.26758362
E029,2,L023,0.45016951,0.20194827
E029,2,L024,0.3621153,0.24590117
E029,2,L025,0.36028673,0.45159551
E029,2,L026,0.3115671,0.22575663
E029,2,L027,0.32691511,0.32552396
E029,2,L028,0.19533177,0.19389019
E029,2,L031,0.42751183,0.21035
E029,2,L032,0.23734829,0.29045321
E029,2,L033,0.48539025,0.20041477
E029,2,L034,0.43478679,0.24938173
E029,2,L035,0.44769639,0.33223062
E029,2,L036,0.50298504,0.29777346
E029,2,L037,0.42668576,0.15717468
E029,2,L038,0.39790729,0.2878064
E029,2,L041,0.33987706,0.25358376
E029,2,L042,0.29547967,0.29116549
E029,2,L043,0.40971398,0.30521465
E029,2,L044,0.31775368,0.20175889
E029,2,L045,0.33553761,0.13681618
E029,2,L046,0.36522389,0.23607027
E029,2,L047,0.34115988,0.41052302
E029,2,L048,0.38580481,0.2919449
E029,2,L051,0.26908928,0.25091923
E029,2,L052,0.31748323,0.1649502
E029,2,L053,0.32399324,0.35033492
E029,2,L054,0.36399707,0.21334022
E029,2,L055,0.27500104,0.25569776
E029,2,L056,0.2784781,0.30495079
E029,2,L057,0.2706085,0.3233727
E029,2,L058,0.31939088,0.19345786
E029,2,L061,0.33920962,0.21689647
E029,2,L062,0.39665705,0.30420244
E029,2,L063,0.34724486,0.25686252
E029,2,L064,0.4755715,0.3599719
E029,2,L065,0.45688436,0.44984059
E029,2,L066,0.36281379,0.27992085
E029,2,L067,0.4143807,0.22003074
E029,2,L068,0.37816454,0.22101458
E029,2,L071,0.34213249,0.40006855
E029,2,L072,0.24879486,0.18467403
E029,2,L073,0.2648075,0.24416167
E029,2,L074,0.38388911,0.270638
E029,2,L075,0.31232244,0.33000997
E029,2,L076,0.44552818,0.27642284
E029,2,L077,0.33962992,0.32814751
E029,2,L078,0.34697699,0.36117511
E029,2,L081,0.33439215,0.19175209
E029,2,L082,0.35082662,0.23061246
E029,2,L083,0.21772781,0.24941182
E029,2,L084,0.26872932,0.11069373
E029,2,L085,0.32373733,0.23145893
E029,2,L086,0.21726696,0.32817441
E029,2,L087,0.26745362,0.27819717
E029,2,L088,0.24485614,0.20720807
E029,2,L091,0.48319664,0.37242229
E029,2,L092,0.45434569,0.43567768
E029,2,L093,0.45642812,0.29920281
E029,2,L094,0.39738687,0.24596636
E029,2,L095,0.53338006,0.51929803
E029,2,L096,0.43850616,0.68226715
E029,2,L097,0.4075915,0.31215448
E029,2,L098,0.40893312,0.30196354
E029,2,L101,0.35233338,0.32919683
E029,2,L102,0.3933038,0.24798401
E029,2,L103,0.49510695,0.45780743
E029,2,L104,0.27082219,0.24167354
E029,2,L105,0.40662516,0.2572047
E029,2,L106,0.33892766,0.26952567
E029,2,L107,0.46699117,0.42034717
E029,2,L108,0.37827952,0.22352002
E029,2,L111,0.22718051,0.25364703
E029,2,L112,0.34911978,0.23216068
E029,2,L113,0.29790537,0.14348551
E029,2,L114,0.29675788,0.28221771
E029,2,L115,0.35343056,0.21131988
E029,2,L116,0.24839185,0.25410997
E029,2,L117,0.46079717,0.25932428
E029,2,L118,0.39593418,0.21667243
E029,3,L001,0.29651327,0.36427932
E029,3,L002,0.29606513,0.33994117
E029,3,L003,0.30748329,0.21620587
E029,3,L004,0.34126111,0.18138303
E029,3,L005,0.3145291,0.29103299
E029,3,L006,0.3333064,0.21636963
E029,3,L007,0.36693493,0.29664689
E029,3,L008,0.33046439,0.28982651
E029,3,L011,0.33529117,0.30015219
E029,3,L012,0.39573108,0.20136332
E029,3,L013,0.50814917,0.20757281
E029,3,L014,0.45277713,0.35427545
E029,3,L015,0.32897574,0.19451439
E029,3,L016,0.23680593,0.16262987
E029,3,L017,0.55317611,0.10202789
E029,3,L018,0.281708,0.24048949
E029,3,L021,0.32407668,0.17029679
E029,3,L022,0.43323583,0.26758362
E029,3,L023,0.37387803,0.20194827
E029,3,L024,0.3502125,0.24590117
E029,3,L025,0.47993196,0.45159551
E029,3,L026,0.44346515,0.22575663
E029,3,L027,0.32993659,0.32552396
E029,3,L028,0.24309622,0.19389019
E029,3,L031,0.43748499,0.21035
E029,3,L032,0.35629154,0.29045321
E029,3,L033,0.45852667,0.20041477
E029,3,L034,0.45009145,0.24938173
E029,3,L035,0.37191229,0.33223062
E029,3,L036,0.46839353,0.29777346
E029,3,L037,0.37356189,0.15717468
E029,3,L038,0.35527951,0.2878064
E029,3,L041,0.41425867,0.25358376
E029,3,L042,0.29655284,0.29116549
E029,3,L043,0.33899143,0.30521465
E029,3,L044,0.33697568,0.20175889
E029,3,L045,0.34859922,0.13681618
E029,3,L046,0.3084133,0.23607027
E029,3,L047,0.28935927,0.41052302
E029,3,L048,0.41792439,0.2919449
E029,3,L051,0.26949307,0.25091923
E029,3,L052,0.40915504,0.1649502
E029,3,L053,0.30363173,0.35033492
E029,3,L054,0.35120625,0.21334022
E029,3,L055,0.31137419,0.25569776
E029,3,L056,0.20317936,0.30495079
E029,3,L057,0.29810587,0.3233727
E029,3,L058,0.22190161,0.19345786
E029,3,L061,0.29532118,0.21689647
E029,3,L062,0.39438241,0.30420244
E029,3,L063,0.31862872,0.25686252
E029,3,L064,0.34896135,0.3599719
E029,3,L065,0.35789055,0.44984059
E029,3,L066,0.34073957,0.27992085
E029,3,L067,0.28773841,0.22003074
E029,3,L068,0.32515587,0.22101458
E029,3,L071,0.28929254,0.40006855
E029,3,L072,0.32435378,0.18467403
E029,3,L073,0.18595156,0.24416167
E029,3,L074,0.36833416,0.270638
E029,3,L075,0.34317225,0.33000997
E029,3,L076,0.39179012,0.27642284
E029,3,L077,0.30188473,0.32814751
E029,3,L078,0.42171317,0.36117511
E029,3,L081,0.31160925,0.19175209
E029,3,L082,0.47447667,0.23061246
E029,3,L083,0.25201623,0.24941182
E029,3,L084,0.33160928,0.11069373
E029,3,L085,0.3820237,0.23145893
E029,3,L086,0.25292331,0.32817441
E029,3,L087,0.29312612,0.27819717
E029,3,L088,0.30410463,0.20720807
E029,3,L091,0.32933493,0.37242229
E029,3,L092,0.37823551,0.43567768
E029,3,L093,0.45883339,0.29920281
E029,3,L094,0.32865693,0.24596636
E029,3,L095,0.58511994,0.51929803
E029,3,L096,0.24028991,0.68226715
E029,3,L097,0.36756548,0.31215448
E029,3,L098,0.33106717,0.30196354
E029,3,L101,0.43803043,0.32919683
E029,3,L102,0.31364316,0.24798401
E029,3,L103,0.4105305,0.45780743
E029,3,L104,0.26273811,0.24167354
E029,3,L105,0.35934725,0.2572047
E029,3,L106,0.40322197,0.26952567
E029,3,L107,0.37976966,0.42034717
E029,3,L108,0.35381311,0.22352002
E029,3,L111,0.24454145,0.25364703
E029,3,L112,0.4061446,0.23216068
E029,3,L113,0.33661322,0.14348551
E029,3,L114,0.34888097,0.28221771
E029,3,L115,0.2748238,0.21131988
E029,3,L116,0.31291587,0.25410997
E029,3,L117,0.41118996,0.25932428
E029,3,L118,0.33116838,0.21667243
E030,1,L001,0.32230789,0.26245227
E030,1,L002,0.3082465,0.31080747
E030,1,L003,0.28177119,0.24496521
E030,1,L004,0.38039663,0.1836897
E030,1,L005,0.3053623,0.25695065
E030,1,L006,0.28459364,0.23368274
E030,1,L007,0.29606906,0.20057001
E030,1,L008,0.36811256,0.29240499
E030,1,L011,0.32744028,0.31707998
E030,1,L012,0.33355294,0.19630403
E030,1,L013,0.36801034,0.21691398
E030,1,L014,0.41229945,0.4216257
E030,1,L015,0.3538984,0.24268916
E030,1,L016,0.2602029,0.16494645
E030,1,L017,0.33160296,0.17658516
E030,1,L018,0.22599422,0.2595699
E030,1,L021,0.25069819,0.10831487
E030,1,L022,0.31897012,0.17257333
E030,1,L023,0.40092953,0.30210872
E030,1,L024,0.30559059,0.20671574
E030,1,L025,0.32421408,0.29263111
E030,1,L026,0.26725275,0.16668811
E030,1,L027,0.41438471,0.27867507
E030,1,L028,0.22526278,0.20044087
E030,1,L031,0.31632734,0.17175996
E030,1,L032,0.20043647,0.17535023
E030,1,L033,0.35736955,0.30693123
E030,1,L034,0.45390391,0.33669941
E030,1,L035,0.35810061,0.27767941
E030,1,L036,0.35199018,0.17105695
E030,1,L037,0.35246381,0.20105504
E030,1,L038,0.42559688,0.3066255
E030,1,L041,0.3589677,0.28315695
E030,1,L042,0.29708595,0.2697433
E030,1,L043,0.29437492,0.29881086
E030,1,L044,0.45699288,0.24722714
E030,1,L045,0.28192531,0.11193122
E030,1,L046,0.37436092,0.3933677
E030,1,L047,0.29369638,0.24922069
E030,1,L048,0.37361378,0.34367599
E030,1,L051,0.29547448,0.24866898
E030,1,L052,0.21329585,0.19109099
E030,1,L053,0.38844214,0.35017824
E030,1,L054,0.27595357,0.20287037
E030,1,L055,0.28196028,0.29335179
E030,1,L056,0.32347438,0.4114481
E030,1,L057,0.24990209,0.25409856
E030,1,L058,0.20758364,0.19655887
E030,1,L061,0.36991566,0.2845191
E030,1,L062,0.38670364,0.18317607
E030,1,L063,0.36701578,0.29856537
E030,1,L064,0.33030983,0.34749761
E030,1,L065,0.58475348,0.27529016
E030,1,L066,0.24517293,0.25326347
E030,1,L067,0.42430986,0.26564292
E030,1,L068,0.39119359,0.33585231
E030,1,L071,0.4380109,0.3383398
E030,1,L072,0.20755204,0.27580662
E030,1,L073,0.27026131,0.2427637
E030,1,L074,0.25910877,0.31071386
E030,1,L075,0.29944244,0.32738686
E030,1,L076,0.38112583,0.35238543
E030,1,L077,0.3158826,0.32063909
E030,1,L078,0.3385349,0.22684995
E030,1,L081,0.27511679,0.24951378
E030,1,L082,0.39980066,0.17756612
E030,1,L083,0.25255168,0.24113077
E030,1,L084,0.23373949,0.08247774
E030,1,L085,0.24535606,0.28031978
E030,1,L086,0.41461894,0.29733039
E030,1,L087,0.22184352,0.22059944
E030,1,L088,0.26563771,0.34366873
E030,1,L091,0.50139127,0.50428183
E030,1,L092,0.44671631,0.39053462
E030,1,L093,0.51517183,0.50497634
E030,1,L094,0.56699811,0.39154471
E030,1,L095,0.51721306,0.43709144
E030,1,L096,0.44681869,0.38949789
E030,1,L097,0.38957079,0.3261986
E030,1,L098,0.63749179,0.40664635
E030,1,L101,0.29254,0.33287567
E030,1,L102,0.301132,0.21951163
E030,1,L103,0.33559828,0.29487098
E030,1,L104,0.34227236,0.319485
E030,1,L105,0.27516178,0.26952905
E030,1,L106,0.24516366,0.19231861
E030,1,L107,0.43558537,0.29427229
E030,1,L108,0.37131555,0.23185621
E030,1,L111,0.25741978,0.26603052
E030,1,L112,0.36423357,0.26601216
E030,1,L113,0.21430532,0.25575837
E030,1,L114,0.3037986,0.33493911
E030,1,L115,0.282909,0.15399975
E030,1,L116,0.34665484,0.24270736
E030,1,L117,0.46999119,0.28183646
E030,1,L118,0.32413669,0.25107705
E030,2,L001,0.3542017,0.26245227
E030,2,L002,0.31254055,0.31080747
E030,2,L003,0.3100121,0.24496521
E030,2,L004,0.43492246,0.1836897
E030,2,L005,0.34387019,0.25695065
E030,2,L006,0.34310134,0.23368274
E030,2,L007,0.33595579,0.20057001
E030,2,L008,0.41819218,0.29240499
E030,2,L011,0.36011946,0.31707998
E030,2,L012,0.39110907,0.19630403
E030,2,L013,0.37799392,0.21691398
E030,2,L014,0.46672767,0.4216257
E030,2,L015,0.40061651,0.24268916
E030,2,L016,0.25735068,0.16494645
E030,2,L017,0.3326152,0.17658516
E030,2,L018,0.21178049,0.2595699
E030,2,L021,0.29605352,0.10831487
E030,2,L022,0.36535057,0.17257333
E030,2,L023,0.41780211,0.30210872
E030,2,L024,0.31949108,0.20671574
E030,2,L025,0.34869627,0.29263111
E030,2,L026,0.25285523,0.16668811
E030,2,L027,0.44457204,0.27867507
E030,2,L028,0.25199632,0.20044087
E030,2,L031,0.38171993,0.17175996
E030,2,L032,0.27075853,0.17535023
E030,2,L033,0.37291526,0.30693123
E030,2,L034,0.43047327,0.33669941
E030,2,L035,0.39842724,0.27767941
E030,2,L036,0.40467601,0.17105695
E030,2,L037,0.37478124,0.20105504
E030,2,L038,0.45226615,0.3066255
E030,2,L041,0.38413603,0.28315695
E030,2,L042,0.26495871,0.2697433
E030,2,L043,0.32859363,0.29881086
E030,2,L044,0.4437566,0.24722714
E030,2,L045,0.30798557,0.11193122
E030,2,L046,0.40446454,0.3933677
E030,2,L047,0.35156586,0.24922069
E030,2,L048,0.38984547,0.34367599
E030,2,L051,0.31243436,0.24866898
E030,2,L052,0.21789181,0.19109099
E030,2,L053,0.41703096,0.35017824
E030,2,L054,0.32777419,0.20287037
E030,2,L055,0.26400086,0.29335179
E030,2,L056,0.33160491,0.4114481
E030,2,L057,0.26358073,0.25409856
E030,2,L058,0.25067083,0.19655887
E030,2,L061,0.37602473,0.2845191
E030,2,L062,0.39206773,0.18317607
E030,2,L063,0.4060412,0.29856537
E030,2,L064,0.34526755,0.34749761
E030,2,L065,0.56354339,0.27529016
E030,2,L066,0.27972642,0.25326347
E030,2,L067,0.43199925,0.26564292
E030,2,L068,0.40698403,0.33585231
E030,2,L071,0.47603336,0.3383398
E030,2,L072,0.23100668,0.27580662
E030,2,L073,0.3378341,0.2427637
E030,2,L074,0.27376776,0.31071386
E030,2,L075,0.34219056,0.32738686
E030,2,L076,0.43161687,0.35238543
E030,2,L077,0.35450295,0.32063909
E030,2,L078,0.39977734,0.22684995
E030,2,L081,0.32309932,0.24951378
E030,2,L082,0.39335281,0.17756612
E030,2,L083,0.26765132,0.24113077
E030,2,L084,0.25774076,0.08247774
E030,2,L085,0.2808199,0.28031978
E030,2,L086,0.4322054,0.29733039
E030,2,L087,0.27853524,0.22059944
E030,2,L088,0.30254427,0.34366873
E030,2,L091,0.58092759,0.50428183
E030,2,L092,0.47297343,0.39053462
E030,2,L093,0.52906739,0.50497634
E030,2,L094,0.57053088,0.39154471
E030,2,L095,0.56938556,0.43709144
E030,2,L096,0.52208113,0.38949789
E030,2,L097,0.45282845,0.3261986
E030,2,L098,0.61488784,0.40664635
E030,2,L101,0.35907375,0.33287567
E030,2,L102,0.35318023,0.21951163
E030,2,L103,0.37800543,0.29487098
E030,2,L104,0.31962324,0.319485
E030,2,L105,0.28216744,0.26952905
E030,2,L106,0.2764755,0.19231861
E030,2,L107,0.46303495,0.29427229
E030,2,L108,0.36077369,0.23185621
E030,2,L111,0.23939802,0.26603052
E030,2,L112,0.38713238,0.26601216
E030,2,L113,0.29609544,0.25575837
E030,2,L114,0.34797261,0.33493911
E030,2,L115,0.35348413,0.15399975
E030,2,L116,0.38414286,0.24270736
E030,2,L117,0.48240944,0.28183646
E030,2,L118,0.33493045,0.25107705
E030,3,L001,0.34940584,0.26245227
E030,3,L002,0.31861903,0.31080747
E030,3,L003,0.30740587,0.24496521
E030,3,L004,0.41168851,0.1836897
E030,3,L005,0.33005965,0.25695065
E030,3,L006,0.32682413,0.23368274
E030,3,L007,0.34359219,0.20057001
E030,3,L008,0.41139692,0.29240499
E030,3,L011,0.34726097,0.31707998
E030,3,L012,0.38399933,0.19630403
E030,3,L013,0.4067012,0.21691398
E030,3,L014,0.47186517,0.4216257
E030,3,L015,0.40462091,0.24268916
E030,3,L016,0.25050245,0.16494645
E030,3,L017,0.33619468,0.17658516
E030,3,L018,0.22368614,0.2595699
E030,3,L021,0.31133173,0.10831487
E030,3,L022,0.3405143,0.17257333
E030,3,L023,0.43128106,0.30210872
E030,3,L024,0.31014092,0.20671574
E030,3,L025,0.34662436,0.29263111
E030,3,L026,0.24628226,0.16668811
E030,3,L027,0.44186957,0.27867507
E030,3,L028,0.26241653,0.20044087
E030,3,L031,0.37169542,0.17175996
E030,3,L032,0.27141173,0.17535023
E030,3,L033,0.37978627,0.30693123
E030,3,L034,0.44238384,0.33669941
E030,3,L035,0.37633264,0.27767941
E030,3,L036,0.38270253,0.17105695
E030,3,L037,0.35288101,0.20105504
E030,3,L038,0.43592265,0.3066255
E030,3,L041,0.36720314,0.28315695
E030,3,L042,0.26560463,0.2697433
E030,3,L043,0.31700808,0.29881086
E030,3,L044,0.46706949,0.24722714
E030,3,L045,0.29381579,0.11193122
E030,3,L046,0.40947911,0.3933677
E030,3,L047,0.34347059,0.24922069
E030,3,L048,0.40059626,0.34367599
E030,3,L051,0.2997289,0.24866898
E030,3,L052,0.21165668,0.19109099
E030,3,L053,0.3966983,0.35017824
E030,3,L054,0.33458622,0.20287037
E030,3,L055,0.26718949,0.29335179
E030,3,L056,0.32202754,0.4114481
E030,3,L057,0.2520667,0.25409856
E030,3,L058,0.24502166,0.19655887
E030,3,L061,0.3734431,0.2845191
E030,3,L062,0.36421188,0.18317607
E030,3,L063,0.40544416,0.29856537
E030,3,L064,0.35517499,0.34749761
E030,3,L065,0.58257031,0.27529016
E030,3,L066,0.2685124,0.25326347
E030,3,L067,0.48768725,0.26564292
E030,3,L068,0.40706897,0.33585231
E030,3,L071,0.46873226,0.3383398
E030,3,L072,0.21639032,0.27580662
E030,3,L073,0.31410459,0.2427637
E030,3,L074,0.27641668,0.31071386
E030,3,L075,0.32698903,0.32738686
E030,3,L076,0.41203291,0.35238543
E030,3,L077,0.33622865,0.32063909
E030,3,L078,0.39213663,0.22684995
E030,3,L081,0.31948283,0.24951378
E030,3,L082,0.38306428,0.17756612
E030,3,L083,0.25702011,0.24113077
E030,3,L084,0.24448474,0.08247774
E030,3,L085,0.28601103,0.28031978
E030,3,L086,0.43903559,0.29733039
E030,3,L087,0.26570912,0.22059944
E030,3,L088,0.31182833,0.34366873
E030,3,L091,0.56129683,0.50428183
E030,3,L092,0.47244412,0.39053462
E030,3,L093,0.51048826,0.50497634
E030,3,L094,0.58107267,0.39154471
E030,3,L095,0.57787737,0.43709144
E030,3,L096,0.49168786,0.38949789
E030,3,L097,0.44263997,0.3261986
E030,3,L098,0.62757694,0.40664635
E030,3,L101,0.34529729,0.33287567
E030,3,L102,0.34316136,0.21951163
E030,3,L103,0.34787031,0.29487098
E030,3,L104,0.3101713,0.319485
E030,3,L105,0.26406455,0.26952905
E030,3,L106,0.29216449,0.19231861
E030,3,L107,0.45950668,0.29427229
E030,3,L108,0.38261999,0.23185621
E030,3,L111,0.26539571,0.26603052
E030,3,L112,0.4089705,0.26601216
E030,3,L113,0.27381906,0.25575837
E030,3,L114,0.3649359,0.33493911
E030,3,L115,0.31819894,0.15399975
E030,3,L116,0.38758773,0.24270736
E030,3,L117,0.48312128,0.28183646
E030,3,L118,0.35769318,0.25107705
E031,1,L001,0.32204017,0.30929807
E031,1,L002,0.32909974,0.12926772
E031,1,L003,0.35099753,0.18982582
E031,1,L004,0.30218565,0.17900556
E031,1,L005,0.30457208,0.21235387
E031,1,L006,0.33033368,0.31195676
E031,1,L007,0.28342785,0.12090889
E031,1,L008,0.36118746,0.31955746
E031,1,L011,0.3586559,0.24017137
E031,1,L012,0.41866849,0.29686144
E031,1,L013,0.43068492,0.19898781
E031,1,L014,0.47727625,0.33937717
E031,1,L015,0.3590817,0.19315809
E031,1,L016,0.29059966,0.14792215
E031,1,L017,0.32876769,0.15021436
E031,1,L018,0.29654053,0.38131077
E031,1,L021,0.25659535,0.21894927
E031,1,L022,0.27141625,0.2390663
E031,1,L023,0.32162051,0.21146825
E031,1,L024,0.39875283,0.3631222
E031,1,L025,0.40567734,0.4057094
E031,1,L026,0.2865997,0.27811749
E031,1,L027,0.27695127,0.35104371
E031,1,L028,0.22211666,0.25627687
E031,1,L031,0.30298808,0.21134326
E031,1,L032,0.32188912,0.28429554
E031,1,L033,0.28872895,0.15370971
E031,1,L034,0.34992929,0.2193603
E031,1,L035,0.28731861,0.25028099
E031,1,L036,0.27413008,0.18049378
E031,1,L037,0.24308782,0.16747395
E031,1,L038,0.27474653,0.22751043
E031,1,L041,0.34871688,0.27226711
E031,1,L042,0.2777167,0.20245191
E031,1,L043,0.28398028,0.25057124
E031,1,L044,0.25720543,0.11711766
E031,1,L045,0.34950286,0.240893
E031,1,L046,0.31380483,0.23024473
E031,1,L047,0.3377904,0.23354505
E031,1,L048,0.38181461,0.26503759
E031,1,L051,0.26651679,0.21585093
E031,1,L052,0.40540564,0.20895217
E031,1,L053,0.29299774,0.30019962
E031,1,L054,0.4306981,0.18258801
E031,1,L055,0.47214313,0.19259852
E031,1,L056,0.20084816,0.11835509
E031,1,L057,0.25384677,0.30600326
E031,1,L058,0.37434536,0.16510145
E031,1,L061,0.30047496,0.15406962
E031,1,L062,0.26151834,0.22338779
E031,1,L063,0.27100558,0.12982931
E031,1,L064,0.43045227,0.3131894
E031,1,L065,0.37621448,0.22027837
E031,1,L066,0.21944173,0.20890879
E031,1,L067,0.33255002,0.13928741
E031,1,L068,0.37235623,0.16954583
E031,1,L071,0.27935233,0.3005501
E031,1,L072,0.25709628,0.10115527
E031,1,L073,0.20018616,0.09253584
E031,1,L074,0.27592312,0.18420299
E031,1,L075,0.31756841,0.29744609
E031,1,L076,0.31033577,0.13768993
E031,1,L077,0.37888934,0.26503512
E031,1,L078,0.3324133,0.23624856
E031,1,L081,0.26816043,0.19173493
E031,1,L082,0.43035912,0.19459985
E031,1,L083,0.36292261,0.45562549
E031,1,L084,0.28932547,0.3813991
E031,1,L085,0.40519814,0.3199718
E031,1,L086,0.19775297,0.18197872
E031,1,L087,0.30051183,0.33347595
E031,1,L088,0.3486147,0.13979499
E031,1,L091,0.36149289,0.25428873
E031,1,L092,0.37736598,0.27221122
E031,1,L093,0.27099534,0.23697992
E031,1,L094,0.2290542,0.17150285
E031,1,L095,0.40333244,0.25292444
E031,1,L096,0.20602653,0.37298407
E031,1,L097,0.39907055,0.32419833
E031,1,L098,0.23780904,0.27149553
E031,1,L101,0.4912746,0.54104518
E031,1,L102,0.3205173,0.17366709
E031,1,L103,0.3357316,0.18945167
E031,1,L104,0.39596841,0.36053093
E031,1,L105,0.37032741,0.31395301
E031,1,L106,0.41499213,0.26000449
E031,1,L107,0.42675013,0.34132807
E031,1,L108,0.27904015,0.28820574
E031,1,L111,0.23075102,0.16078973
E031,1,L112,0.29719998,0.21362856
E031,1,L113,0.34978804,0.20886418
E031,1,L114,0.29138467,0.15808611
E031,1,L115,0.22082544,0.14493983
E031,1,L116,0.32083771,0.22622655
E031,1,L117,0.34898868,0.2423263
E031,1,L118,0.34032154,0.21929832
E031,2,L001,0.34325198,0.30929807
E031,2,L002,0.31325871,0.12926772
E031,2,L003,0.34582819,0.18982582
E031,2,L004,0.3343558,0.17900556
E031,2,L005,0.30631412,0.21235387
E031,2,L006,0.35613924,0.31195676
E031,2,L007,0.29201113,0.12090889
E031,2,L008,0.42506933,0.31955746
E031,2,L011,0.27891299,0.24017137
E031,2,L012,0.46696464,0.29686144
E031,2,L013,0.39214293,0.19898781
E031,2,L014,0.49614691,0.33937717
E031,2,L015,0.48193613,0.19315809
E031,2,L016,0.28173399,0.14792215
E031,2,L017,0.32061951,0.15021436
E031,2,L018,0.4043786,0.38131077
E031,2,L021,0.30016943,0.21894927
E031,2,L022,0.29405361,0.2390663
E031,2,L023,0.24402649,0.21146825
E031,2,L024,0.39901945,0.3631222
E031,2,L025,0.45748065,0.4057094
E031,2,L026,0.29617057,0.27811749
E031,2,L027,0.36927299,0.35104371
E031,2,L028,0.26040186,0.25627687
E031,2,L031,0.33789161,0.21134326
E031,2,L032,0.37774094,0.28429554
E031,2,L033,0.24160339,0.15370971
E031,2,L034,0.31637715,0.2193603
E031,2,L035,0.38443812,0.25028099
E031,2,L036,0.2814832,0.18049378
E031,2,L037,0.28404919,0.16747395
E031,2,L038,0.2806093,0.22751043
E031,2,L041,0.37348777,0.27226711
E031,2,L042,0.22526403,0.20245191
E031,2,L043,0.33496162,0.25057124
E031,2,L044,0.19135486,0.11711766
E031,2,L045,0.34283687,0.240893
E031,2,L046,0.23964343,0.23024473
E031,2,L047,0.29647229,0.23354505
E031,2,L048,0.37759584,0.26503759
E031,2,L051,0.29351405,0.21585093
E031,2,L052,0.55379004,0.20895217
E031,2,L053,0.31447838,0.30019962
E031,2,L054,0.32152691,0.18258801
E031,2,L055,0.40292979,0.19259852
E031,2,L056,0.15400114,0.11835509
E031,2,L057,0.31635359,0.30600326
E031,2,L058,0.30833326,0.16510145
E031,2,L061,0.33313614,0.15406962
E031,2,L062,0.31791632,0.22338779
E031,2,L063,0.3653166,0.12982931
E031,2,L064,0.33589405,0.3131894
E031,2,L065,0.36739528,0.22027837
E031,2,L066,0.26820545,0.20890879
E031,2,L067,0.26623404,0.13928741
E031,2,L068,0.33703668,0.16954583
E031,2,L071,0.36362409,0.3005501
E031,2,L072,0.346397,0.10115527
E031,2,L073,0.22041225,0.09253584
E031,2,L074,0.36171936,0.18420299
E031,2,L075,0.37621551,0.29744609
E031,2,L076,0.39208185,0.13768993
E031,2,L077,0.40697337,0.26503512
E031,2,L078,0.4801717,0.23624856
E031,2,L081,0.27190339,0.19173493
E031,2,L082,0.31621441,0.19459985
E031,2,L083,0.37492321,0.45562549
E031,2,L084,0.31088922,0.3813991
E031,2,L085,0.44827078,0.3199718
E031,2,L086,0.17624531,0.18197872
E031,2,L087,0.30966293,0.33347595
E031,2,L088,0.36667032,0.13979499
E031,2,L091,0.31559965,0.25428873
E031,2,L092,0.39540644,0.27221122
E031,2,L093,0.30629947,0.23697992
E031,2,L094,0.2553469,0.17150285
E031,2,L095,0.39057411,0.25292444
E031,2,L096,0.25260612,0.37298407
E031,2,L097,0.34402033,0.32419833
E031,2,L098,0.17892121,0.27149553
E031,2,L101,0.60327137,0.54104518
E031,2,L102,0.34927982,0.17366709
E031,2,L103,0.3815715,0.18945167
E031,2,L104,0.34460087,0.36053093
E031,2,L105,0.4752235,0.31395301
E031,2,L106,0.38341114,0.26000449
E031,2,L107,0.41021327,0.34132807
E031,2,L108,0.33734087,0.28820574
E031,2,L111,0.17577328,0.16078973
E031,2,L112,0.31336381,0.21362856
E031,2,L113,0.36467444,0.20886418
E031,2,L114,0.30390853,0.15808611
E031,2,L115,0.19545348,0.14493983
E031,2,L116,0.35017629,0.22622655
E031,2,L117,0.38452706,0.2423263
E031,2,L118,0.33358457,0.21929832
E031,3,L001,0.38767946,0.30929807
E031,3,L002,0.32845584,0.12926772
E031,3,L003,0.3653697,0.18982582
E031,3,L004,0.37418265,0.17900556
E031,3,L005,0.33235078,0.21235387
E031,3,L006,0.38120387,0.31195676
E031,3,L007,0.32787751,0.12090889
E031,3,L008,0.4145635,0.31955746
E031,3,L011,0.34158898,0.24017137
E031,3,L012,0.39762861,0.29686144
E031,3,L013,0.39553772,0.19898781
E031,3,L014,0.47848113,0.33937717
E031,3,L015,0.43180436,0.19315809
E031,3,L016,0.2904307,0.14792215
E031,3,L017,0.33106706,0.15021436
E031,3,L018,0.34988742,0.38131077
E031,3,L021,0.36553087,0.21894927
E031,3,L022,0.40239493,0.2390663
E031,3,L023,0.29607723,0.21146825
E031,3,L024,0.38631894,0.3631222
E031,3,L025,0.46917307,0.4057094
E031,3,L026,0.29848941,0.27811749
E031,3,L027,0.42056061,0.35104371
E031,3,L028,0.19786497,0.25627687
E031,3,L031,0.38824836,0.21134326
E031,3,L032,0.39844664,0.28429554
E031,3,L033,0.27967287,0.15370971
E031,3,L034,0.37771235,0.2193603
E031,3,L035,0.35442487,0.25028099
E031,3,L036,0.33839235,0.18049378
E031,3,L037,0.34738871,0.16747395
E031,3,L038,0.31851833,0.22751043
E031,3,L041,0.35577857,0.27226711
E031,3,L042,0.27664943,0.20245191
E031,3,L043,0.36566183,0.25057124
E031,3,L044,0.18883324,0.11711766
E031,3,L045,0.38106237,0.240893
E031,3,L046,0.27378959,0.23024473
E031,3,L047,0.30465134,0.23354505
E031,3,L048,0.38374356,0.26503759
E031,3,L051,0.31420427,0.21585093
E031,3,L052,0.49134678,0.20895217
E031,3,L053,0.30703352,0.30019962
E031,3,L054,0.38696388,0.18258801
E031,3,L055,0.38361938,0.19259852
E031,3,L056,0.18057828,0.11835509
E031,3,L057,0.28238373,0.30600326
E031,3,L058,0.33505998,0.16510145
E031,3,L061,0.33815369,0.15406962
E031,3,L062,0.35286728,0.22338779
E031,3,L063,0.35293479,0.12982931
E031,3,L064,0.35238461,0.3131894
E031,3,L065,0.37008591,0.22027837
E031,3,L066,0.32611466,0.20890879
E031,3,L067,0.28657553,0.13928741
E031,3,L068,0.33127235,0.16954583
E031,3,L071,0.39759107,0.3005501
E031,3,L072,0.3097714,0.10115527
E031,3,L073,0.21782108,0.09253584
E031,3,L074,0.29182742,0.18420299
E031,3,L075,0.42221835,0.29744609
E031,3,L076,0.40852767,0.13768993
E031,3,L077,0.36147923,0.26503512
E031,3,L078,0.39169562,0.23624856
E031,3,L081,0.34574047,0.19173493
E031,3,L082,0.38649335,0.19459985
E031,3,L083,0.43271828,0.45562549
E031,3,L084,0.34888437,0.3813991
E031,3,L085,0.4281834,0.3199718
E031,3,L086,0.23985441,0.18197872
E031,3,L087,0.30829762,0.33347595
E031,3,L088,0.36627073,0.13979499
E031,3,L091,0.36932624,0.25428873
E031,3,L092,0.39964473,0.27221122
E031,3,L093,0.35549296,0.23697992
E031,3,L094,0.26936462,0.17150285
E031,3,L095,0.41246244,0.25292444
E031,3,L096,0.23406544,0.37298407
E031,3,L097,0.37406864,0.32419833
E031,3,L098,0.21389306,0.27149553
E031,3,L101,0.64444628,0.54104518
E031,3,L102,0.43893432,0.17366709
E031,3,L103,0.39219507,0.18945167
E031,3,L104,0.37025289,0.36053093
E031,3,L105,0.47269659,0.31395301
E031,3,L106,0.40062181,0.26000449
E031,3,L107,0.46435521,0.34132807
E031,3,L108,0.34281503,0.28820574
E031,3,L111,0.20389677,0.16078973
E031,3,L112,0.30570542,0.21362856
E031,3,L113,0.37928198,0.20886418
E031,3,L114,0.34882784,0.15808611
E031,3,L115,0.24306867,0.14493983
E031,3,L116,0.35273625,0.22622655
E031,3,L117,0.41638522,0.2423263
E031,3,L118,0.33891114,0.21929832
E032,1,L001,0.40238176,0.28878467
E032,1,L002,0.33150781,0.33861166
E032,1,L003,0.27124318,0.24112963
E032,1,L004,0.47371668,0.22827226
E032,1,L005,0.4621109,0.26560218
E032,1,L006,0.32633355,0.26837847
E032,1,L007,0.43022721,0.17759655
E032,1,L008,0.47841119,0.3520426
E032,1,L011,0.38067752,0.26822442
E032,1,L012,0.37795036,0.21730045
E032,1,L013,0.18694057,0.15362034
E032,1,L014,0.32388009,0.30159851
E032,1,L015,0.35014987,0.24521509
E032,1,L016,0.24166993,0.11721803
E032,1,L017,0.19974018,0.21309229
E032,1,L018,0.26426561,0.22422103
E032,1,L021,0.35316656,0.23211112
E032,1,L022,0.25986926,0.18136923
E032,1,L023,0.24454183,0.21349939
E032,1,L024,0.38621789,0.22859372
E032,1,L025,0.25060951,0.2555028
E032,1,L026,0.21164771,0.12475172
E032,1,L027,0.36854943,0.31327981
E032,1,L028,0.25356495,0.22123675
E032,1,L031,0.27863274,0.19921931
E032,1,L032,0.35895049,0.22507415
E032,1,L033,0.19432412,0.1683044
E032,1,L034,0.19140998,0.21014672
E032,1,L035,0.32117714,0.35736945
E032,1,L036,0.33832641,0.18757174
E032,1,L037,0.3748346,0.20867163
E032,1,L038,0.32724739,0.39950029
E032,1,L041,0.40541929,0.19311115
E032,1,L042,0.55860899,0.3735743
E032,1,L043,0.46506966,0.3413126
E032,1,L044,0.25172339,0.19845434
E032,1,L045,0.34193101,0.11249951
E032,1,L046,0.6192819,0.47753114
E032,1,L047,0.45985721,0.24365805
E032,1,L048,0.45113135,0.33457884
E032,1,L051,0.42080767,0.29898215
E032,1,L052,0.31181112,0.1377278
E032,1,L053,0.48792669,0.35054941
E032,1,L054,0.44449817,0.24854103
E032,1,L055,0.29582243,0.27061434
E032,1,L056,0.40993059,0.38982016
E032,1,L057,0.40447407,0.25048892
E032,1,L058,0.38906991,0.21678276
E032,1,L061,0.30412759,0.20905795
E032,1,L062,0.32247288,0.19239084
E032,1,L063,0.40844734,0.16738451
E032,1,L064,0.35656254,0.36008095
E032,1,L065,0.27507301,0.28859317
E032,1,L066,0.43433123,0.26539684
E032,1,L067,0.28541135,0.21132055
E032,1,L068,0.48753867,0.19266914
E032,1,L071,0.42940893,0.40071732
E032,1,L072,0.44108543,0.32581375
E032,1,L073,0.42611397,0.30129903
E032,1,L074,0.23653901,0.24033527
E032,1,L075,0.40221147,0.28211998
E032,1,L076,0.56552844,0.36424934
E032,1,L077,0.37779996,0.32278495
E032,1,L078,0.3005764,0.30047343
E032,1,L081,0.33506666,0.28133649
E032,1,L082,0.27649407,0.14095785
E032,1,L083,0.32499145,0.24780326
E032,1,L084,0.37753698,0.13541064
E032,1,L085,0.29573894,0.2598896
E032,1,L086,0.19092406,0.21946578
E032,1,L087,0.20012481,0.16961264
E032,1,L088,0.38366942,0.30329464
E032,1,L091,0.42924527,0.54313643
E032,1,L092,0.4799921,0.42763091
E032,1,L093,0.32933955,0.35323137
E032,1,L094,0.3331132,0.27650708
E032,1,L095,0.3797051,0.38726402
E032,1,L096,0.38208766,0.36911632
E032,1,L097,0.43521907,0.25265611
E032,1,L098,0.26799022,0.36329761
E032,1,L101,0.39627148,0.27869425
E032,1,L102,0.65801245,0.50309198
E032,1,L103,0.33615622,0.30972138
E032,1,L104,0.26842157,0.19090023
E032,1,L105,0.45531095,0.24185273
E032,1,L106,0.46209553,0.238931
E032,1,L107,0.33095987,0.23818202
E032,1,L108,0.39449473,0.27398999
E032,1,L111,0.31417937,0.27222191
E032,1,L112,0.27782777,0.23375186
E032,1,L113,0.36787958,0.26319611
E032,1,L114,0.39843454,0.28210517
E032,1,L115,0.4781494,0.26114213
E032,1,L116,0.34430178,0.19870361
E032,1,L117,0.34189938,0.2694296
E032,1,L118,0.35955242,0.19224115
E032,2,L001,0.43171884,0.28878467
E032,2,L002,0.35177715,0.33861166
E032,2,L003,0.30401574,0.24112963
E032,2,L004,0.48888283,0.22827226
E032,2,L005,0.46131594,0.26560218
E032,2,L006,0.27652384,0.26837847
E032,2,L007,0.36074376,0.17759655
E032,2,L008,0.52182752,0.3520426
E032,2,L011,0.34105469,0.26822442
E032,2,L012,0.39739652,0.21730045
E032,2,L013,0.16120968,0.15362034
E032,2,L014,0.40098499,0.30159851
E032,2,L015,0.39847054,0.24521509
E032,2,L016,0.19995333,0.11721803
E032,2,L017,0.22708698,0.21309229
E032,2,L018,0.21339915,0.22422103
E032,2,L021,0.33151061,0.23211112
E032,2,L022,0.24126958,0.18136923
E032,2,L023,0.26065542,0.21349939
E032,2,L024,0.33181836,0.22859372
E032,2,L025,0.2577,0.2555028
E032,2,L026,0.19128072,0.12475172
E032,2,L027,0.40828724,0.31327981
E032,2,L028,0.18080267,0.22123675
E032,2,L031,0.32731608,0.19921931
E032,2,L032,0.28807797,0.22507415
E032,2,L033,0.23065325,0.1683044
E032,2,L034,0.21892013,0.21014672
E032,2,L035,0.37489743,0.35736945
E032,2,L036,0.33351474,0.18757174
E032,2,L037,0.38118279,0.20867163
E032,2,L038,0.31817206,0.39950029
E032,2,L041,0.37251748,0.19311115
E032,2,L042,0.5098601,0.3735743
E032,2,L043,0.46793652,0.3413126
E032,2,L044,0.2103017,0.19845434
E032,2,L045,0.30896956,0.11249951
E032,2,L046,0.50911849,0.47753114
E032,2,L047,0.37305318,0.24365805
E032,2,L048,0.40200711,0.33457884
E032,2,L051,0.4167006,0.29898215
E032,2,L052,0.32420585,0.1377278
E032,2,L053,0.44352536,0.35054941
E032,2,L054,0.35298243,0.24854103
E032,2,L055,0.29896188,0.27061434
E032,2,L056,0.3455376,0.38982016
E032,2,L057,0.3335022,0.25048892
E032,2,L058,0.29737224,0.21678276
E032,2,L061,0.31596883,0.20905795
E032,2,L062,0.32751003,0.19239084
E032,2,L063,0.42833255,0.16738451
E032,2,L064,0.35254139,0.36008095
E032,2,L065,0.31533402,0.28859317
E032,2,L066,0.39739845,0.26539684
E032,2,L067,0.27399012,0.21132055
E032,2,L068,0.46888795,0.19266914
E032,2,L071,0.48916429,0.40071732
E032,2,L072,0.37244037,0.32581375
E032,2,L073,0.39205973,0.30129903
E032,2,L074,0.25352459,0.24033527
E032,2,L075,0.37626764,0.28211998
E032,2,L076,0.57147155,0.36424934
E032,2,L077,0.45831308,0.32278495
E032,2,L078,0.34577032,0.30047343
E032,2,L081,0.29021171,0.28133649
E032,2,L082,0.26740304,0.14095785
E032,2,L083,0.39528456,0.24780326
E032,2,L084,0.31799193,0.13541064
E032,2,L085,0.30758734,0.2598896
E032,2,L086,0.23723364,0.21946578
E032,2,L087,0.18524735,0.16961264
E032,2,L088,0.35809573,0.30329464
E032,2,L091,0.57380636,0.54313643
E032,2,L092,0.52031832,0.42763091
E032,2,L093,0.37825944,0.35323137
E032,2,L094,0.37008093,0.27650708
E032,2,L095,0.3368148,0.38726402
E032,2,L096,0.44101005,0.36911632
E032,2,L097,0.43041663,0.25265611
E032,2,L098,0.26063475,0.36329761
E032,2,L101,0.41368728,0.27869425
E032,2,L102,0.69737381,0.50309198
E032,2,L103,0.3910149,0.30972138
E032,2,L104,0.33056554,0.19090023
E032,2,L105,0.49785887,0.24185273
E032,2,L106,0.41406972,0.238931
E032,2,L107,0.40643967,0.23818202
E032,2,L108,0.39787735,0.27398999
E032,2,L111,0.24169528,0.27222191
E032,2,L112,0.24048269,0.23375186
E032,2,L113,0.27887056,0.26319611
E032,2,L114,0.30645239,0.28210517
E032,2,L115,0.44679656,0.26114213
E032,2,L116,0.32054502,0.19870361
E032,2,L117,0.40388537,0.2694296
E032,2,L118,0.33226847,0.19224115
E032,3,L001,0.38425299,0.28878467
E032,3,L002,0.33192128,0.33861166
E032,3,L003,0.27425542,0.24112963
E032,3,L004,0.44604716,0.22827226
E032,3,L005,0.44232998,0.26560218
E032,3,L006,0.25285898,0.26837847
E032,3,L007,0.4178349,0.17759655
E032,3,L008,0.46521342,0.3520426
E032,3,L011,0.30913224,0.26822442
E032,3,L012,0.37071504,0.21730045
E032,3,L013,0.18478108,0.15362034
E032,3,L014,0.33782754,0.30159851
E032,3,L015,0.34760327,0.24521509
E032,3,L016,0.19310268,0.11721803
E032,3,L017,0.21319755,0.21309229
E032,3,L018,0.23911906,0.22422103
E032,3,L021,0.35116434,0.23211112
E032,3,L022,0.24185975,0.18136923
E032,3,L023,0.23420236,0.21349939
E032,3,L024,0.33696309,0.22859372
E032,3,L025,0.2202409,0.2555028
E032,3,L026,0.22683574,0.12475172
E032,3,L027,0.32542819,0.31327981
E032,3,L028,0.15075562,0.22123675
E032,3,L031,0.31884932,0.19921931
E032,3,L032,0.34364955,0.22507415
E032,3,L033,0.1960603,0.1683044
E032,3,L034,0.17632259,0.21014672
E032,3,L035,0.36580383,0.35736945
E032,3,L036,0.3311376,0.18757174
E032,3,L037,0.37125519,0.20867163
E032,3,L038,0.29373037,0.39950029
E032,3,L041,0.34934415,0.19311115
E032,3,L042,0.57420882,0.3735743
E032,3,L043,0.4732308,0.3413126
E032,3,L044,0.21815637,0.19845434
E032,3,L045,0.31849935,0.11249951
E032,3,L046,0.47738935,0.47753114
E032,3,L047,0.36964275,0.24365805
E032,3,L048,0.41112757,0.33457884
E032,3,L051,0.42573757,0.29898215
E032,3,L052,0.38870049,0.1377278
E032,3,L053,0.40507884,0.35054941
E032,3,L054,0.33420473,0.24854103
E032,3,L055,0.30514087,0.27061434
E032,3,L056,0.32004685,0.38982016
E032,3,L057,0.36919755,0.25048892
E032,3,L058,0.29168592,0.21678276
E032,3,L061,0.27042431,0.20905795
E032,3,L062,0.30988759,0.19239084
E032,3,L063,0.42783303,0.16738451
E032,3,L064,0.30932911,0.36008095
E032,3,L065,0.25432055,0.28859317
E032,3,L066,0.46726832,0.26539684
E032,3,L067,0.22643275,0.21132055
E032,3,L068,0.48449503,0.19266914
E032,3,L071,0.47689444,0.40071732
E032,3,L072,0.42662326,0.32581375
E032,3,L073,0.38506528,0.30129903
E032,3,L074,0.26534853,0.24033527
E032,3,L075,0.40837721,0.28211998
E032,3,L076,0.58929623,0.36424934
E032,3,L077,0.36839223,0.32278495
E032,3,L078,0.34986222,0.30047343
E032,3,L081,0.31828756,0.28133649
E032,3,L082,0.276232,0.14095785
E032,3,L083,0.42555765,0.24780326
E032,3,L084,0.33779313,0.13541064
E032,3,L085,0.34444091,0.2598896
E032,3,L086,0.22909216,0.21946578
E032,3,L087,0.19516577,0.16961264
E032,3,L088,0.36604877,0.30329464
E032,3,L091,0.37579344,0.54313643
E032,3,L092,0.52209288,0.42763091
E032,3,L093,0.36289349,0.35323137
E032,3,L094,0.32180504,0.27650708
E032,3,L095,0.34965591,0.38726402
E032,3,L096,0.37087316,0.36911632
E032,3,L097,0.40070669,0.25265611
E032,3,L098,0.20345589,0.36329761
E032,3,L101,0.38430045,0.27869425
E032,3,L102,0.70055548,0.50309198
E032,3,L103,0.33192919,0.30972138
E032,3,L104,0.27867455,0.19090023
E032,3,L105,0.50138411,0.24185273
E032,3,L106,0.41294165,0.238931
E032,3,L107,0.31962635,0.23818202
E032,3,L108,0.42115666,0.27398999
E032,3,L111,0.26804184,0.27222191
E032,3,L112,0.23830217,0.23375186
E032,3,L113,0.26684632,0.26319611
E032,3,L114,0.29442126,0.28210517
E032,3,L115,0.43783121,0.26114213
E032,3,L116,0.30876239,0.19870361
E032,3,L117,0.37391342,0.2694296
E032,3,L118,0.36179627,0.19224115
E033,1,L001,0.34575215,0.25694672
E033,1,L002,0.37346022,0.43073099
E033,1,L003,0.36889403,0.23351125
E033,1,L004,0.44398701,0.20088981
E033,1,L005,0.54972056,0.4087465
E033,1,L006,0.34308035,0.26602446
E033,1,L007,0.38685747,0.28555576
E033,1,L008,0.52975774,0.45291528
E033,1,L011,0.425603,0.31554538
E033,1,L012,0.47385532,0.28445586
E033,1,L013,0.36996873,0.17887564
E033,1,L014,0.43418021,0.33888136
E033,1,L015,0.44344048,0.30315727
E033,1,L016,0.30564135,0.24956257
E033,1,L017,0.37080792,0.19439667
E033,1,L018,0.31090355,0.25361147
E033,1,L021,0.39957515,0.2461689
E033,1,L022,0.36471876,0.27670117
E033,1,L023,0.3642815,0.19299684
E033,1,L024,0.41660817,0.25731928
E033,1,L025,0.4886253,0.42621212
E033,1,L026,0.30122364,0.19636425
E033,1,L027,0.31195798,0.30418008
E033,1,L028,0.40364716,0.27049907
E033,1,L031,0.43928731,0.26645916
E033,1,L032,0.44597097,0.37013309
E033,1,L033,0.373181,0.16005995
E033,1,L034,0.35436544,0.237764
E033,1,L035,0.58995538,0.35108554
E033,1,L036,0.50738383,0.24087453
E033,1,L037,0.46004174,0.19588533
E033,1,L038,0.34765181,0.29240139
E033,1,L041,0.36424393,0.23394417
E033,1,L042,0.36410492,0.33406658
E033,1,L043,0.46571239,0.26932265
E033,1,L044,0.27299747,0.2313507
E033,1,L045,0.42627785,0.17983023
E033,1,L046,0.41888039,0.2556514
E033,1,L047,0.35927169,0.27552711
E033,1,L048,0.47851117,0.31480304
E033,1,L051,0.42018643,0.23996052
E033,1,L052,0.40004067,0.2152099
E033,1,L053,0.35694995,0.39524212
E033,1,L054,0.39014968,0.24395512
E033,1,L055,0.38537058,0.27977422
E033,1,L056,0.30839035,0.25047465
E033,1,L057,0.42312221,0.31960664
E033,1,L058,0.43243758,0.26931698
E033,1,L061,0.30743497,0.27706097
E033,1,L062,0.41276779,0.29589211
E033,1,L063,0.34972195,0.26380704
E033,1,L064,0.36247302,0.3400776
E033,1,L065,0.35469623,0.37840095
E033,1,L066,0.45799523,0.22621466
E033,1,L067,0.28441242,0.20012811
E033,1,L068,0.45716039,0.31959073
E033,1,L071,0.40452528,0.33510664
E033,1,L072,0.39715035,0.21709897
E033,1,L073,0.38559954,0.26281577
E033,1,L074,0.38824669,0.30851294
E033,1,L075,0.38720943,0.29710059
E033,1,L076,0.56777246,0.28364018
E033,1,L077,0.37160596,0.32035849
E033,1,L078,0.48242844,0.39793834
E033,1,L081,0.47679676,0.30842462
E033,1,L082,0.37714345,0.27164553
E033,1,L083,0.32219445,0.21249415
E033,1,L084,0.28068176,0.15594598
E033,1,L085,0.40571894,0.1897404
E033,1,L086,0.20222493,0.22068305
E033,1,L087,0.29131648,0.26697654
E033,1,L088,0.37708698,0.26808484
E033,1,L091,0.43517595,0.37333442
E033,1,L092,0.402064,0.38227427
E033,1,L093,0.31872044,0.23253002
E033,1,L094,0.30636077,0.18881484
E033,1,L095,0.41534045,0.3701855
E033,1,L096,0.32613778,0.37283294
E033,1,L097,0.46682823,0.25436218
E033,1,L098,0.27319956,0.26996525
E033,1,L101,0.50732096,0.33726364
E033,1,L102,0.47420383,0.29334042
E033,1,L103,0.48038484,0.50657407
E033,1,L104,0.27577451,0.20432434
E033,1,L105,0.52278147,0.33824911
E033,1,L106,0.60925775,0.37847858
E033,1,L107,0.42213732,0.30187166
E033,1,L108,0.40987318,0.33630767
E033,1,L111,0.28082454,0.29414261
E033,1,L112,0.28204401,0.27223659
E033,1,L113,0.41129757,0.27271285
E033,1,L114,0.35486911,0.26956109
E033,1,L115,0.43858683,0.1891298
E033,1,L116,0.33490238,0.282487
E033,1,L117,0.31920705,0.20075317
E033,1,L118,0.43551287,0.26159569
E033,2,L001,0.26080233,0.25694672
E033,2,L002,0.25210666,0.43073099
E033,2,L003,0.29850869,0.23351125
E033,2,L004,0.32244566,0.20088981
E033,2,L005,0.31434759,0.4087465
E033,2,L006,0.37674674,0.26602446
E033,2,L007,0.27040208,0.28555576
E033,2,L008,0.35508752,0.45291528
E033,2,L011,0.42850012,0.31554538
E033,2,L012,0.37292067,0.28445586
E033,2,L013,0.40962,0.17887564
E033,2,L014,0.35850697,0.33888136
E033,2,L015,0.27582711,0.30315727
E033,2,L016,0.2993909,0.24956257
E033,2,L017,0.29365427,0.19439667
E033,2,L018,0.26135683,0.25361147
E033,2,L021,0.29767024,0.2461689
E033,2,L022,0.2608408,0.27670117
E033,2,L023,0.27320173,0.19299684
E033,2,L024,0.37169005,0.25731928
E033,2,L025,0.28961904,0.42621212
E033,2,L026,0.21660468,0.19636425
E033,2,L027,0.23846125,0.30418008
E033,2,L028,0.22298668,0.27049907
E033,2,L031,0.27796826,0.26645916
E033,2,L032,0.36251463,0.37013309
E033,2,L033,0.27844972,0.16005995
E033,2,L034,0.31697247,0.237764
E033,2,L035,0.27571519,0.35108554
E033,2,L036,0.25967273,0.24087453
E033,2,L037,0.24973784,0.19588533
E033,2,L038,0.28129227,0.29240139
E033,2,L041,0.31589232,0.23394417
E033,2,L042,0.2804702,0.33406658
E033,2,L043,0.24863499,0.26932265
E033,2,L044,0.20394879,0.2313507
E033,2,L045,0.3729724,0.17983023
E033,2,L046,0.32653906,0.2556514
E033,2,L047,0.36650205,0.27552711
E033,2,L048,0.35001107,0.31480304
E033,2,L051,0.32321731,0.23996052
E033,2,L052,0.34630778,0.2152099
E033,2,L053,0.3360498,0.39524212
E033,2,L054,0.45708846,0.24395512
E033,2,L055,0.49890532,0.27977422
E033,2,L056,0.29579559,0.25047465
E033,2,L057,0.2665432,0.31960664
E033,2,L058,0.40286096,0.26931698
E033,2,L061,0.33209619,0.27706097
E033,2,L062,0.20751628,0.29589211
E033,2,L063,0.22551144,0.26380704
E033,2,L064,0.38372885,0.3400776
E033,2,L065,0.28213185,0.37840095
E033,2,L066,0.25794555,0.22621466
E033,2,L067,0.26246728,0.20012811
E033,2,L068,0.31416472,0.31959073
E033,2,L071,0.2526635,0.33510664
E033,2,L072,0.25289755,0.21709897
E033,2,L073,0.18306825,0.26281577
E033,2,L074,0.22813766,0.30851294
E033,2,L075,0.30711166,0.29710059
E033,2,L076,0.36867734,0.28364018
E033,2,L077,0.24645,0.32035849
E033,2,L078,0.34647933,0.39793834
E033,2,L081,0.3480827,0.30842462
E033,2,L082,0.42878421,0.27164553
E033,2,L083,0.35664335,0.21249415
E033,2,L084,0.27486572,0.15594598
E033,2,L085,0.37485307,0.1897404
E033,2,L086,0.20008537,0.22068305
E033,2,L087,0.26242665,0.26697654
E033,2,L088,0.32950199,0.26808484
E033,2,L091,0.27315066,0.37333442
E033,2,L092,0.31762669,0.38227427
E033,2,L093,0.2210033,0.23253002
E033,2,L094,0.23373609,0.18881484
E033,2,L095,0.43340332,0.3701855
E033,2,L096,0.22273865,0.37283294
E033,2,L097,0.39147349,0.25436218
E033,2,L098,0.25017683,0.26996525
E033,2,L101,0.36685829,0.33726364
E033,2,L102,0.32165536,0.29334042
E033,2,L103,0.28115464,0.50657407
E033,2,L104,0.30977652,0.20432434
E033,2,L105,0.36882682,0.33824911
E033,2,L106,0.52040677,0.37847858
E033,2,L107,0.29850007,0.30187166
E033,2,L108,0.27183431,0.33630767
E033,2,L111,0.22553978,0.29414261
E033,2,L112,0.28900195,0.27223659
E033,2,L113,0.29614976,0.27271285
E033,2,L114,0.30820383,0.26956109
E033,2,L115,0.24962644,0.1891298
E033,2,L116,0.30942775,0.282487
E033,2,L117,0.21635943,0.20075317
E033,2,L118,0.45054067,0.26159569
E033,3,L001,0.31222175,0.25694672
E033,3,L002,0.29870197,0.43073099
E033,3,L003,0.29464847,0.23351125
E033,3,L004,0.31708002,0.20088981
E033,3,L005,0.35504982,0.4087465
E033,3,L006,0.31402524,0.26602446
E033,3,L007,0.27805674,0.28555576
E033,3,L008,0.39810351,0.45291528
E033,3,L011,0.32721551,0.31554538
E033,3,L012,0.38795779,0.28445586
E033,3,L013,0.35984094,0.17887564
E033,3,L014,0.4092208,0.33888136
E033,3,L015,0.37968339,0.30315727
E033,3,L016,0.2821614,0.24956257
E033,3,L017,0.26193163,0.19439667
E033,3,L018,0.28897316,0.25361147
E033,3,L021,0.29302525,0.2461689
E033,3,L022,0.35060898,0.27670117
E033,3,L023,0.22654271,0.19299684
E033,3,L024,0.33864492,0.25731928
E033,3,L025,0.31242706,0.42621212
E033,3,L026,0.25817516,0.19636425
E033,3,L027,0.24980425,0.30418008
E033,3,L028,0.26406653,0.27049907
E033,3,L031,0.32848179,0.26645916
E033,3,L032,0.40633169,0.37013309
E033,3,L033,0.2500566,0.16005995
E033,3,L034,0.27885279,0.237764
E033,3,L035,0.34996847,0.35108554
E033,3,L036,0.30158851,0.24087453
E033,3,L037,0.25596649,0.19588533
E033,3,L038,0.20860633,0.29240139
E033,3,L041,0.36862206,0.23394417
E033,3,L042,0.34612051,0.33406658
E033,3,L043,0.3156889,0.26932265
E033,3,L044,0.18153461,0.2313507
E033,3,L045,0.32618295,0.17983023
E033,3,L046,0.30301043,0.2556514
E033,3,L047,0.30760818,0.27552711
E033,3,L048,0.36284636,0.31480304
E033,3,L051,0.30157367,0.23996052
E033,3,L052,0.43559764,0.2152099
E033,3,L053,0.35182432,0.39524212
E033,3,L054,0.38263684,0.24395512
E033,3,L055,0.38353055,0.27977422
E033,3,L056,0.23781483,0.25047465
E033,3,L057,0.26483591,0.31960664
E033,3,L058,0.37804381,0.26931698
E033,3,L061,0.29473956,0.27706097
E033,3,L062,0.26280549,0.29589211
E033,3,L063,0.29544735,0.26380704
E033,3,L064,0.35139023,0.3400776
E033,3,L065,0.33284134,0.37840095
E033,3,L066,0.27974037,0.22621466
E033,3,L067,0.26049202,0.20012811
E033,3,L068,0.32233073,0.31959073
E033,3,L071,0.28985658,0.33510664
E033,3,L072,0.28253615,0.21709897
E033,3,L073,0.21790228,0.26281577
E033,3,L074,0.28333256,0.30851294
E033,3,L075,0.31555899,0.29710059
E033,3,L076,0.37046497,0.28364018
E033,3,L077,0.31602938,0.32035849
E033,3,L078,0.4254518,0.39793834
E033,3,L081,0.26003584,0.30842462
E033,3,L082,0.40575823,0.27164553
E033,3,L083,0.39853461,0.21249415
E033,3,L084,0.25100156,0.15594598
E033,3,L085,0.39557555,0.1897404
E033,3,L086,0.17583087,0.22068305
E033,3,L087,0.28212296,0.26697654
E033,3,L088,0.34282554,0.26808484
E033,3,L091,0.36299357,0.37333442
E033,3,L092,0.35361178,0.38227427
E033,3,L093,0.26898115,0.23253002
E033,3,L094,0.23531943,0.18881484
E033,3,L095,0.38764886,0.3701855
E033,3,L096,0.23490354,0.37283294
E033,3,L097,0.42848267,0.25436218
E033,3,L098,0.15518091,0.26996525
E033,3,L101,0.43203117,0.33726364
E033,3,L102,0.42185827,0.29334042
E033,3,L103,0.33318857,0.50657407
E033,3,L104,0.35489782,0.20432434
E033,3,L105,0.4513644,0.33824911
E033,3,L106,0.49865828,0.37847858
E033,3,L107,0.40455481,0.30187166
E033,3,L108,0.31502694,0.33630767
E033,3,L111,0.19797365,0.29414261
E033,3,L112,0.30568811,0.27223659
E033,3,L113,0.344979,0.27271285
E033,3,L114,0.31233671,0.26956109
E033,3,L115,0.24763489,0.1891298
E033,3,L116,0.32499625,0.282487
E033,3,L117,0.28772459,0.20075317
E033,3,L118,0.28286539,0.26159569
E034,1,L001,0.23766354,0.19990587
E034,1,L002,0.29024348,0.14700402
E034,1,L003,0.28314817,0.25207494
E034,1,L004,0.3251133,0.15204391
E034,1,L005,0.22235112,0.20724616
E034,1,L006,0.25044917,0.31705585
E034,1,L007,0.30157051,0.22091483
E034,1,L008,0.30264777,0.29692498
E034,1,L011,0.47858038,0.21615707
E034,1,L012,0.3171465,0.22499176
E034,1,L013,0.26505162,0.23468349
E034,1,L014,0.34459787,0.11950031
E034,1,L015,0.4251036,0.23230438
E034,1,L016,0.28945782,0.20412423
E034,1,L017,0.14325117,0.0935003
E034,1,L018,0.33442519,0.20623055
E034,1,L021,0.3819069,0.25418011
E034,1,L022,0.18336202,0.24268416
E034,1,L023,0.28150612,0.19895194
E034,1,L024,0.32854718,0.21495137
E034,1,L025,0.24640644,0.25087276
E034,1,L026,0.16591529,0.16126551
E034,1,L027,0.33908757,0.21599608
E034,1,L028,0.22590581,0.28239043
E034,1,L031,0.19768366,0.16876996
E034,1,L032,0.30982624,0.29275336
E034,1,L033,0.20084529,0.13621152
E034,1,L034,0.28428303,0.35318387
E034,1,L035,0.16212637,0.19878571
E034,1,L036,0.19743786,0.20279633
E034,1,L037,0.1974504,0.14012124
E034,1,L038,0.2215456,0.20407705
E034,1,L041,0.36155184,0.23400114
E034,1,L042,0.31223096,0.32519293
E034,1,L043,0.31256627,0.18286434
E034,1,L044,0.20735811,0.27960788
E034,1,L045,0.17829121,0.19999987
E034,1,L046,0.56218715,0.34859445
E034,1,L047,0.25362013,0.18192189
E034,1,L048,0.36911946,0.3653781
E034,1,L051,0.22974238,0.23737945
E034,1,L052,0.39260565,0.27488936
E034,1,L053,0.30743836,0.26773433
E034,1,L054,0.49452195,0.16884575
E034,1,L055,0.29382758,0.24040913
E034,1,L056,0.2522961,0.26919679
E034,1,L057,0.35194401,0.19254105
E034,1,L058,0.29655895,0.21178467
E034,1,L061,0.2831643,0.17178638
E034,1,L062,0.21507913,0.25649648
E034,1,L063,0.31016978,0.19873321
E034,1,L064,0.27629503,0.23944453
E034,1,L065,0.29094173,0.27701998
E034,1,L066,0.20206656,0.28247675
E034,1,L067,0.34442332,0.25919591
E034,1,L068,0.34108435,0.311226
E034,1,L071,0.33459763,0.28023164
E034,1,L072,0.22773895,0.22336472
E034,1,L073,0.25905042,0.22818325
E034,1,L074,0.30091921,0.19444009
E034,1,L075,0.28867996,0.29607848
E034,1,L076,0.33162421,0.1804473
E034,1,L077,0.30472963,0.19906086
E034,1,L078,0.16881885,0.23582924
E034,1,L081,0.34498522,0.1631211
E034,1,L082,0.18037872,0.35244063
E034,1,L083,0.1876875,0.23063295
E034,1,L084,0.29869557,0.21723351
E034,1,L085,0.24854475,0.17380485
E034,1,L086,0.27528293,0.31106475
E034,1,L087,0.24207658,0.22272101
E034,1,L088,0.4444249,0.38110717
E034,1,L091,0.36548685,0.23462115
E034,1,L092,0.27059426,0.20866752
E034,1,L093,0.26650295,0.26607026
E034,1,L094,0.37480144,0.26498611
E034,1,L095,0.32415885,0.29753804
E034,1,L096,0.28553204,0.23251553
E034,1,L097,0.29227112,0.20897146
E034,1,L098,0.41395212,0.32232692
E034,1,L101,0.32439157,0.25488068
E034,1,L102,0.26281551,0.24430982
E034,1,L103,0.24913575,0.2412283
E034,1,L104,0.19436659,0.22005961
E034,1,L105,0.3265148,0.24694433
E034,1,L106,0.34173304,0.36543407
E034,1,L107,0.25626853,0.13137611
E034,1,L108,0.23748009,0.27094234
E034,1,L111,0.5186759,0.59516477
E034,1,L112,0.23708956,0.19754994
E034,1,L113,0.38543288,0.47027752
E034,1,L114,0.77203126,0.44090032
E034,1,L115,0.26536424,0.20884008
E034,1,L116,0.39969754,0.32395825
E034,1,L117,0.49605001,0.37966494
E034,1,L118,0.29730212,0.21348175
E034,2,L001,0.24483443,0.19990587
E034,2,L002,0.24822483,0.14700402
E034,2,L003,0.27379846,0.25207494
E034,2,L004,0.32655562,0.15204391
E034,2,L005,0.20469163,0.20724616
E034,2,L006,0.24866696,0.31705585
E034,2,L007,0.26234628,0.22091483
E034,2,L008,0.24763237,0.29692498
E034,2,L011,0.42514731,0.21615707
E034,2,L012,0.27782255,0.22499176
E034,2,L013,0.23847053,0.23468349
E034,2,L014,0.33960981,0.11950031
E034,2,L015,0.40023233,0.23230438
E034,2,L016,0.38542244,0.20412423
E034,2,L017,0.11782455,0.0935003
E034,2,L018,0.28403846,0.20623055
E034,2,L021,0.33918294,0.25418011
E034,2,L022,0.26987726,0.24268416
E034,2,L023,0.28340433,0.19895194
E034,2,L024,0.31881297,0.21495137
E034,2,L025,0.24288471,0.25087276
E034,2,L026,0.18168709,0.16126551
E034,2,L027,0.32408088,0.21599608
E034,2,L028,0.15744178,0.28239043
E034,2,L031,0.24148444,0.16876996
E034,2,L032,0.27602157,0.29275336
E034,2,L033,0.19327564,0.13621152
E034,2,L034,0.29881283,0.35318387
E034,2,L035,0.1560597,0.19878571
E034,2,L036,0.22982679,0.20279633
E034,2,L037,0.23975026,0.14012124
E034,2,L038,0.22072205,0.20407705
E034,2,L041,0.34749938,0.23400114
E034,2,L042,0.30014685,0.32519293
E034,2,L043,0.34240993,0.18286434
E034,2,L044,0.15456344,0.27960788
E034,2,L045,0.22173958,0.19999987
E034,2,L046,0.48184755,0.34859445
E034,2,L047,0.28572195,0.18192189
E034,2,L048,0.30604549,0.3653781
E034,2,L051,0.23483031,0.23737945
E034,2,L052,0.47275583,0.27488936
E034,2,L053,0.31819306,0.26773433
E034,2,L054,0.49206112,0.16884575
E034,2,L055,0.31868786,0.24040913
E034,2,L056,0.22817307,0.26919679
E034,2,L057,0.31119545,0.19254105
E034,2,L058,0.31214063,0.21178467
E034,2,L061,0.25030032,0.17178638
E034,2,L062,0.28334316,0.25649648
E034,2,L063,0.31338981,0.19873321
E034,2,L064,0.24955054,0.23944453
E034,2,L065,0.32354207,0.27701998
E034,2,L066,0.23304434,0.28247675
E034,2,L067,0.33653214,0.25919591
E034,2,L068,0.32610482,0.311226
E034,2,L071,0.34505848,0.28023164
E034,2,L072,0.24969822,0.22336472
E034,2,L073,0.19010578,0.22818325
E034,2,L074,0.24833011,0.19444009
E034,2,L075,0.33003417,0.29607848
E034,2,L076,0.30389573,0.1804473
E034,2,L077,0.32003568,0.19906086
E034,2,L078,0.16006796,0.23582924
E034,2,L081,0.34739646,0.1631211
E034,2,L082,0.22536152,0.35244063
E034,2,L083,0.21674994,0.23063295
E034,2,L084,0.28894439,0.21723351
E034,2,L085,0.23553932,0.17380485
E034,2,L086,0.26210054,0.31106475
E034,2,L087,0.31647075,0.22272101
E034,2,L088,0.4435479,0.38110717
E034,2,L091,0.33457718,0.23462115
E034,2,L092,0.27286776,0.20866752
E034,2,L093,0.2805019,0.26607026
E034,2,L094,0.33985948,0.26498611
E034,2,L095,0.30419668,0.29753804
E034,2,L096,0.26989074,0.23251553
E034,2,L097,0.26818049,0.20897146
E034,2,L098,0.37202155,0.32232692
E034,2,L101,0.34653623,0.25488068
E034,2,L102,0.28633505,0.24430982
E034,2,L103,0.28064745,0.2412283
E034,2,L104,0.20335699,0.22005961
E034,2,L105,0.36858686,0.24694433
E034,2,L106,0.26931333,0.36543407
E034,2,L107,0.24985076,0.13137611
E034,2,L108,0.26539446,0.27094234
E034,2,L111,0.45912295,0.59516477
E034,2,L112,0.2120971,0.19754994
E034,2,L113,0.41322345,0.47027752
E034,2,L114,0.71643572,0.44090032
E034,2,L115,0.26205516,0.20884008
E034,2,L116,0.40476176,0.32395825
E034,2,L117,0.48142704,0.37966494
E034,2,L118,0.2619088,0.21348175
E034,3,L001,0.25028797,0.19990587
E034,3,L002,0.27697699,0.14700402
E034,3,L003,0.27907364,0.25207494
E034,3,L004,0.28635355,0.15204391
E034,3,L005,0.26533901,0.20724616
E034,3,L006,0.25906885,0.31705585
E034,3,L007,0.28092147,0.22091483
E034,3,L008,0.26895455,0.29692498
E034,3,L011,0.44936634,0.21615707
E034,3,L012,0.30150266,0.22499176
E034,3,L013,0.2522859,0.23468349
E034,3,L014,0.35692335,0.11950031
E034,3,L015,0.48035195,0.23230438
E034,3,L016,0.26305887,0.20412423
E034,3,L017,0.12249763,0.0935003
E034,3,L018,0.35070671,0.20623055
E034,3,L021,0.3091425,0.25418011
E034,3,L022,0.2145747,0.24268416
E034,3,L023,0.298185,0.19895194
E034,3,L024,0.358633,0.21495137
E034,3,L025,0.28090633,0.25087276
E034,3,L026,0.2026624,0.16126551
E034,3,L027,0.27454023,0.21599608
E034,3,L028,0.21769789,0.28239043
E034,3,L031,0.22444211,0.16876996
E034,3,L032,0.26268034,0.29275336
E034,3,L033,0.21054487,0.13621152
E034,3,L034,0.34594106,0.35318387
E034,3,L035,0.18477347,0.19878571
E034,3,L036,0.25688493,0.20279633
E034,3,L037,0.18412677,0.14012124
E034,3,L038,0.16963578,0.20407705
E034,3,L041,0.3549234,0.23400114
E034,3,L042,0.26329188,0.32519293
E034,3,L043,0.32754107,0.18286434
E034,3,L044,0.23378515,0.27960788
E034,3,L045,0.18038956,0.19999987
E034,3,L046,0.49721345,0.34859445
E034,3,L047,0.25391791,0.18192189
E034,3,L048,0.35158642,0.3653781
E034,3,L051,0.26330379,0.23737945
E034,3,L052,0.32188664,0.27488936
E034,3,L053,0.28514501,0.26773433
E034,3,L054,0.49645073,0.16884575
E034,3,L055,0.2914806,0.24040913
E034,3,L056,0.2505207,0.26919679
E034,3,L057,0.3548097,0.19254105
E034,3,L058,0.38394422,0.21178467
E034,3,L061,0.27615012,0.17178638
E034,3,L062,0.26309313,0.25649648
E034,3,L063,0.29221816,0.19873321
E034,3,L064,0.27476604,0.23944453
E034,3,L065,0.39968429,0.27701998
E034,3,L066,0.24236554,0.28247675
E034,3,L067,0.37350696,0.25919591
E034,3,L068,0.33019368,0.311226
E034,3,L071,0.32020034,0.28023164
E034,3,L072,0.21975032,0.22336472
E034,3,L073,0.19533504,0.22818325
E034,3,L074,0.19928336,0.19444009
E034,3,L075,0.31445696,0.29607848
E034,3,L076,0.26003915,0.1804473
E034,3,L077,0.29122781,0.19906086
E034,3,L078,0.14496472,0.23582924
E034,3,L081,0.3324559,0.1631211
E034,3,L082,0.20027711,0.35244063
E034,3,L083,0.19011102,0.23063295
E034,3,L084,0.26916583,0.21723351
E034,3,L085,0.1645738,0.17380485
E034,3,L086,0.28696905,0.31106475
E034,3,L087,0.23876546,0.22272101
E034,3,L088,0.43086661,0.38110717
E034,3,L091,0.36388333,0.23462115
E034,3,L092,0.28723358,0.20866752
E034,3,L093,0.2335575,0.26607026
E034,3,L094,0.32680644,0.26498611
E034,3,L095,0.31672155,0.29753804
E034,3,L096,0.34920193,0.23251553
E034,3,L097,0.28952138,0.20897146
E034,3,L098,0.35751043,0.32232692
E034,3,L101,0.28164025,0.25488068
E034,3,L102,0.26144011,0.24430982
E034,3,L103,0.31083552,0.2412283
E034,3,L104,0.21690145,0.22005961
E034,3,L105,0.30638233,0.24694433
E034,3,L106,0.24109551,0.36543407
E034,3,L107,0.30950764,0.13137611
E034,3,L108,0.23600522,0.27094234
E034,3,L111,0.4611244,0.59516477
E034,3,L112,0.26313982,0.19754994
E034,3,L113,0.47034403,0.47027752
E034,3,L114,0.69346288,0.44090032
E034,3,L115,0.24039532,0.20884008
E034,3,L116,0.32548895,0.32395825
E034,3,L117,0.4832939,0.37966494
E034,3,L118,0.26127274,0.21348175
E035,1,L001,0.22100348,0.37493738
E035,1,L002,0.21937096,0.32080569
E035,1,L003,0.25364544,0.20952199
E035,1,L004,0.33634238,0.43220223
E035,1,L005,0.29882211,0.15361486
E035,1,L006,0.26354046,0.23951744
E035,1,L007,0.3853987,0.36438818
E035,1,L008,0.27840767,0.27749748
E035,1,L011,0.31695123,0.20138736
E035,1,L012,0.35469406,0.30674304
E035,1,L013,0.47267601,0.28200934
E035,1,L014,0.33750788,0.19049593
E035,1,L015,0.34059132,0.24968412
E035,1,L016,0.20942101,0.1736179
E035,1,L017,0.34880294,0.34040079
E035,1,L018,0.24129407,0.27727576
E035,1,L021,0.29086917,0.23749817
E035,1,L022,0.23429603,0.17352183
E035,1,L023,0.37436534,0.27905803
E035,1,L024,0.26608269,0.24769183
E035,1,L025,0.24237834,0.24889492
E035,1,L026,0.23492345,0.29376083
E035,1,L027,0.27407268,0.26305199
E035,1,L028,0.22414289,0.2685436
E035,1,L031,0.38865968,0.23634843
E035,1,L032,0.36730155,0.42118798
E035,1,L033,0.38719411,0.21193454
E035,1,L034,0.24964314,0.26033052
E035,1,L035,0.28163687,0.30896604
E035,1,L036,0.35762136,0.34193395
E035,1,L037,0.30928047,0.24938433
E035,1,L038,0.23699831,0.32401917
E035,1,L041,0.21024101,0.25380029
E035,1,L042,0.26111159,0.3015574
E035,1,L043,0.35283706,0.28273043
E035,1,L044,0.38064143,0.2646788
E035,1,L045,0.24442895,0.14525463
E035,1,L046,0.2596378,0.295247
E035,1,L047,0.29894074,0.23052749
E035,1,L048,0.42605757,0.29823221
E035,1,L051,0.3621744,0.32034162
E035,1,L052,0.21450421,0.34431957
E035,1,L053,0.24467275,0.35039992
E035,1,L054,0.40546928,0.29089495
E035,1,L055,0.2361213,0.17962805
E035,1,L056,0.16693595,0.27582007
E035,1,L057,0.32652885,0.23755843
E035,1,L058,0.37512534,0.28323949
E035,1,L061,0.25051696,0.17086291
E035,1,L062,0.25151179,0.3583178
E035,1,L063,0.30411704,0.2049533
E035,1,L064,0.3385723,0.28760106
E035,1,L065,0.3061039,0.309105
E035,1,L066,0.42746495,0.28171625
E035,1,L067,0.38221464,0.41611105
E035,1,L068,0.39393583,0.20585305
E035,1,L071,0.33875631,0.39924442
E035,1,L072,0.46776537,0.20116315
E035,1,L073,0.27987293,0.32206097
E035,1,L074,0.25766711,0.34122676
E035,1,L075,0.29976358,0.34356059
E035,1,L076,0.32767316,0.25876882
E035,1,L077,0.20964446,0.24660146
E035,1,L078,0.30009151,0.32418586
E035,1,L081,0.28762305,0.1899009
E035,1,L082,0.33735197,0.35548785
E035,1,L083,0.20110113,0.22102501
E035,1,L084,0.28076574,0.25513917
E035,1,L085,0.39840617,0.22053665
E035,1,L086,0.25248843,0.36739424
E035,1,L087,0.30295655,0.31333209
E035,1,L088,0.32054136,0.20015424
E035,1,L091,0.2521653,0.16854023
E035,1,L092,0.31676921,0.2656052
E035,1,L093,0.23509632,0.26227289
E035,1,L094,0.27325191,0.26094271
E035,1,L095,0.40666419,0.37298217
E035,1,L096,0.24345018,0.40018783
E035,1,L097,0.33273426,0.35315974
E035,1,L098,0.19132569,0.31378672
E035,1,L101,0.3239533,0.21791526
E035,1,L102,0.23971629,0.2515928
E035,1,L103,0.1734351,0.28374913
E035,1,L104,0.26097198,0.26341259
E035,1,L105,0.22673728,0.1900435
E035,1,L106,0.3175257,0.39885072
E035,1,L107,0.21072405,0.20611531
E035,1,L108,0.3337206,0.20850716
E035,1,L111,0.43843297,0.38032982
E035,1,L112,0.54396357,0.57867939
E035,1,L113,0.31540288,0.25670409
E035,1,L114,0.35587838,0.38003033
E035,1,L115,0.45858652,0.73363947
E035,1,L116,0.37390339,0.34391915
E035,1,L117,0.23321695,0.2335945
E035,1,L118,0.33094952,0.27954077
E035,2,L001,0.22708949,0.37493738
E035,2,L002,0.26377709,0.32080569
E035,2,L003,0.27388793,0.20952199
E035,2,L004,0.2743559,0.43220223
E035,2,L005,0.28261399,0.15361486
E035,2,L006,0.21143213,0.23951744
E035,2,L007,0.41697568,0.36438818
E035,2,L008,0.24981347,0.27749748
E035,2,L011,0.34610286,0.20138736
E035,2,L012,0.36280656,0.30674304
E035,2,L013,0.5378946,0.28200934
E035,2,L014,0.38374903,0.19049593
E035,2,L015,0.39334526,0.24968412
E035,2,L016,0.1982028,0.1736179
E035,2,L017,0.32086084,0.34040079
E035,2,L018,0.31978418,0.27727576
E035,2,L021,0.29870953,0.23749817
E035,2,L022,0.25655337,0.17352183
E035,2,L023,0.37590698,0.27905803
E035,2,L024,0.28053332,0.24769183
E035,2,L025,0.29346154,0.24889492
E035,2,L026,0.23869061,0.29376083
E035,2,L027,0.25008816,0.26305199
E035,2,L028,0.17988992,0.2685436
E035,2,L031,0.31054448,0.23634843
E035,2,L032,0.36119107,0.42118798
E035,2,L033,0.33828273,0.21193454
E035,2,L034,0.29689877,0.26033052
E035,2,L035,0.30482526,0.30896604
E035,2,L036,0.37248791,0.34193395
E035,2,L037,0.26963993,0.24938433
E035,2,L038,0.24868842,0.32401917
E035,2,L041,0.16761947,0.25380029
E035,2,L042,0.20303719,0.3015574
E035,2,L043,0.38881052,0.28273043
E035,2,L044,0.42007201,0.2646788
E035,2,L045,0.24919597,0.14525463
E035,2,L046,0.27683025,0.295247
E035,2,L047,0.32219216,0.23052749
E035,2,L048,0.37135543,0.29823221
E035,2,L051,0.29710734,0.32034162
E035,2,L052,0.28978119,0.34431957
E035,2,L053,0.29822395,0.35039992
E035,2,L054,0.46710931,0.29089495
E035,2,L055,0.25541683,0.17962805
E035,2,L056,0.16374132,0.27582007
E035,2,L057,0.30463821,0.23755843
E035,2,L058,0.39772726,0.28323949
E035,2,L061,0.32186032,0.17086291
E035,2,L062,0.2473275,0.3583178
E035,2,L063,0.33378484,0.2049533
E035,2,L064,0.34484072,0.28760106
E035,2,L065,0.34597396,0.309105
E035,2,L066,0.35744335,0.28171625
E035,2,L067,0.36879487,0.41611105
E035,2,L068,0.35010967,0.20585305
E035,2,L071,0.38088571,0.39924442
E035,2,L072,0.39862388,0.20116315
E035,2,L073,0.23285528,0.32206097
E035,2,L074,0.31034761,0.34122676
E035,2,L075,0.31225198,0.34356059
E035,2,L076,0.29566359,0.25876882
E035,2,L077,0.23359577,0.24660146
E035,2,L078,0.43331561,0.32418586
E035,2,L081,0.29085294,0.1899009
E035,2,L082,0.37902194,0.35548785
E035,2,L083,0.25609207,0.22102501
E035,2,L084,0.27274939,0.25513917
E035,2,L085,0.39209461,0.22053665
E035,2,L086,0.30404632,0.36739424
E035,2,L087,0.36857512,0.31333209
E035,2,L088,0.30352644,0.20015424
E035,2,L091,0.26594047,0.16854023
E035,2,L092,0.33608547,0.2656052
E035,2,L093,0.18225551,0.26227289
E035,2,L094,0.24040694,0.26094271
E035,2,L095,0.46443512,0.37298217
E035,2,L096,0.29024201,0.40018783
E035,2,L097,0.38783829,0.35315974
E035,2,L098,0.21390697,0.31378672
E035,2,L101,0.33192194,0.21791526
E035,2,L102,0.24962197,0.2515928
E035,2,L103,0.21469658,0.28374913
E035,2,L104,0.25930455,0.26341259
E035,2,L105,0.25371849,0.1900435
E035,2,L106,0.35557017,0.39885072
E035,2,L107,0.30444694,0.20611531
E035,2,L108,0.29604444,0.20850716
E035,2,L111,0.43628085,0.38032982
E035,2,L112,0.66306736,0.57867939
E035,2,L113,0.3573022,0.25670409
E035,2,L114,0.36904212,0.38003033
E035,2,L115,0.34235064,0.73363947
E035,2,L116,0.44416686,0.34391915
E035,2,L117,0.23644952,0.2335945
E035,2,L118,0.33765401,0.27954077
E035,3,L001,0.20460656,0.37493738
E035,3,L002,0.21881161,0.32080569
E035,3,L003,0.21491424,0.20952199
E035,3,L004,0.30739175,0.43220223
E035,3,L005,0.32769838,0.15361486
E035,3,L006,0.18821957,0.23951744
E035,3,L007,0.44016618,0.36438818
E035,3,L008,0.25472225,0.27749748
E035,3,L011,0.30335475,0.20138736
E035,3,L012,0.31459965,0.30674304
E035,3,L013,0.41939399,0.28200934
E035,3,L014,0.30569448,0.19049593
E035,3,L015,0.33840689,0.24968412
E035,3,L016,0.13397473,0.1736179
E035,3,L017,0.33081158,0.34040079
E035,3,L018,0.24041787,0.27727576
E035,3,L021,0.29695265,0.23749817
E035,3,L022,0.25428681,0.17352183
E035,3,L023,0.31093976,0.27905803
E035,3,L024,0.27819771,0.24769183
E035,3,L025,0.27173208,0.24889492
E035,3,L026,0.22660639,0.29376083
E035,3,L027,0.20360166,0.26305199
E035,3,L028,0.18273898,0.2685436
E035,3,L031,0.33279052,0.23634843
E035,3,L032,0.35269951,0.42118798
E035,3,L033,0.37737737,0.21193454
E035,3,L034,0.25242742,0.26033052
E035,3,L035,0.27283533,0.30896604
E035,3,L036,0.37077676,0.34193395
E035,3,L037,0.30367082,0.24938433
E035,3,L038,0.23704199,0.32401917
E035,3,L041,0.20957988,0.25380029
E035,3,L042,0.25529015,0.3015574
E035,3,L043,0.40642775,0.28273043
E035,3,L044,0.43412785,0.2646788
E035,3,L045,0.2129486,0.14525463
E035,3,L046,0.29467297,0.295247
E035,3,L047,0.26066619,0.23052749
E035,3,L048,0.44199005,0.29823221
E035,3,L051,0.34220494,0.32034162
E035,3,L052,0.23970818,0.34431957
E035,3,L053,0.30315344,0.35039992
E035,3,L054,0.38778332,0.29089495
E035,3,L055,0.16801144,0.17962805
E035,3,L056,0.20396921,0.27582007
E035,3,L057,0.33862418,0.23755843
E035,3,L058,0.34235176,0.28323949
E035,3,L061,0.26203494,0.17086291
E035,3,L062,0.29502845,0.3583178
E035,3,L063,0.32174665,0.2049533
E035,3,L064,0.33627042,0.28760106
E035,3,L065,0.34173428,0.309105
E035,3,L066,0.45587522,0.28171625
E035,3,L067,0.33213862,0.41611105
E035,3,L068,0.41592539,0.20585305
E035,3,L071,0.3725326,0.39924442
E035,3,L072,0.45707621,0.20116315
E035,3,L073,0.28779563,0.32206097
E035,3,L074,0.25230167,0.34122676
E035,3,L075,0.34019919,0.34356059
E035,3,L076,0.35315994,0.25876882
E035,3,L077,0.17883083,0.24660146
E035,3,L078,0.2866269,0.32418586
E035,3,L081,0.28466854,0.1899009
E035,3,L082,0.36361937,0.35548785
E035,3,L083,0.211812,0.22102501
E035,3,L084,0.31435105,0.25513917
E035,3,L085,0.37634855,0.22053665
E035,3,L086,0.32308734,0.36739424
E035,3,L087,0.31394044,0.31333209
E035,3,L088,0.27947478,0.20015424
E035,3,L091,0.24826047,0.16854023
E035,3,L092,0.3829033,0.2656052
E035,3,L093,0.20126289,0.26227289
E035,3,L094,0.25739088,0.26094271
E035,3,L095,0.39311579,0.37298217
E035,3,L096,0.24126448,0.40018783
E035,3,L097,0.31752657,0.35315974
E035,3,L098,0.20809345,0.31378672
E035,3,L101,0.26808531,0.21791526
E035,3,L102,0.24084545,0.2515928
E035,3,L103,0.16217719,0.28374913
E035,3,L104,0.24035511,0.26341259
E035,3,L105,0.20145133,0.1900435
E035,3,L106,0.31261535,0.39885072
E035,3,L107,0.24133457,0.20611531
E035,3,L108,0.28846584,0.20850716
E035,3,L111,0.49691849,0.38032982
E035,3,L112,0.5016389,0.57867939
E035,3,L113,0.31255912,0.25670409
E035,3,L114,0.36008264,0.38003033
E035,3,L115,0.43777521,0.73363947
E035,3,L116,0.38852323,0.34391915
E035,3,L117,0.23316978,0.2335945
E035,3,L118,0.29012981,0.27954077
E036,1,L001,0.27433446,0.21439271
E036,1,L002,0.18350077,0.21686659
E036,1,L003,0.2521483,0.24151819
E036,1,L004,0.3248122,0.21003012
E036,1,L005,0.28202707,0.28311645
E036,1,L006,0.24690017,0.30618833
E036,1,L007,0.34421804,0.16994359
E036,1,L008,0.3252763,0.31536013
E036,1,L011,0.48365431,0.3156664
E036,1,L012,0.37173578,0.28165894
E036,1,L013,0.29621146,0.20549363
E036,1,L014,0.38036075,0.25600031
E036,1,L015,0.35145749,0.29358035
E036,1,L016,0.27069282,0.17452563
E036,1,L017,0.14548626,0.17363688
E036,1,L018,0.22157073,0.30412834
E036,1,L021,0.31284243,0.24459177
E036,1,L022,0.25640408,0.23552556
E036,1,L023,0.3368865,0.24362804
E036,1,L024,0.33488039,0.22677748
E036,1,L025,0.2494995,0.25530045
E036,1,L026,0.22813456,0.21108447
E036,1,L027,0.37763301,0.31065176
E036,1,L028,0.26787688,0.30765246
E036,1,L031,0.26927502,0.23453854
E036,1,L032,0.35983346,0.27581987
E036,1,L033,0.22186873,0.18073519
E036,1,L034,0.26000923,0.26940312
E036,1,L035,0.18042919,0.22719316
E036,1,L036,0.22872163,0.1915009
E036,1,L037,0.24151729,0.18702863
E036,1,L038,0.26401554,0.23042762
E036,1,L041,0.26187522,0.18519983
E036,1,L042,0.2712381,0.2611542
E036,1,L043,0.27959263,0.17156433
E036,1,L044,0.36790747,0.18488944
E036,1,L045,0.26236146,0.16993909
E036,1,L046,0.54252937,0.36884379
E036,1,L047,0.40013966,0.20937302
E036,1,L048,0.41602165,0.32660434
E036,1,L051,0.3460384,0.34227802
E036,1,L052,0.23381987,0.23944471
E036,1,L053,0.39565271,0.34011761
E036,1,L054,0.50189964,0.19756636
E036,1,L055,0.2275004,0.26151418
E036,1,L056,0.40347916,0.29035641
E036,1,L057,0.36243605,0.31385901
E036,1,L058,0.38162424,0.22993111
E036,1,L061,0.30244914,0.20174473
E036,1,L062,0.19755073,0.2698431
E036,1,L063,0.39669225,0.2577738
E036,1,L064,0.44313355,0.30101887
E036,1,L065,0.45793521,0.29351281
E036,1,L066,0.35367768,0.23119602
E036,1,L067,0.35729003,0.23833837
E036,1,L068,0.56108366,0.34173912
E036,1,L071,0.45231615,0.37850396
E036,1,L072,0.40010393,0.3578143
E036,1,L073,0.27250977,0.20498843
E036,1,L074,0.18306233,0.29483937
E036,1,L075,0.39896245,0.2684265
E036,1,L076,0.34197938,0.21438989
E036,1,L077,0.37208341,0.29602312
E036,1,L078,0.20239037,0.28872241
E036,1,L081,0.30797747,0.16163488
E036,1,L082,0.32188569,0.21676894
E036,1,L083,0.25341608,0.22213837
E036,1,L084,0.30050986,0.2409702
E036,1,L085,0.30297153,0.13120681
E036,1,L086,0.32571467,0.21537983
E036,1,L087,0.35688526,0.28228364
E036,1,L088,0.39061801,0.4096726
E036,1,L091,0.44690395,0.38396748
E036,1,L092,0.39484959,0.24103962
E036,1,L093,0.31343124,0.26850416
E036,1,L094,0.4227558,0.21979118
E036,1,L095,0.3695957,0.28018273
E036,1,L096,0.32031375,0.26064366
E036,1,L097,0.42428221,0.24790211
E036,1,L098,0.4315115,0.31281716
E036,1,L101,0.36024827,0.33866861
E036,1,L102,0.24603268,0.23567901
E036,1,L103,0.2444853,0.27349942
E036,1,L104,0.28630436,0.23305676
E036,1,L105,0.27336664,0.25350623
E036,1,L106,0.37729737,0.30728036
E036,1,L107,0.26502542,0.14391428
E036,1,L108,0.27800324,0.30489796
E036,1,L111,0.49150771,0.32786555
E036,1,L112,0.38130486,0.23095588
E036,1,L113,0.37060529,0.4463885
E036,1,L114,0.5405805,0.358757
E036,1,L115,0.32672197,0.23791783
E036,1,L116,0.66512606,0.55273484
E036,1,L117,0.4730362,0.21741543
E036,1,L118,0.36048552,0.27160438
E036,2,L001,0.19562902,0.21439271
E036,2,L002,0.09298756,0.21686659
E036,2,L003,0.13976313,0.24151819
E036,2,L004,0.20863547,0.21003012
E036,2,L005,0.18399069,0.28311645
E036,2,L006,0.17166309,0.30618833
E036,2,L007,0.2848264,0.16994359
E036,2,L008,0.23922695,0.31536013
E036,2,L011,0.39318198,0.3156664
E036,2,L012,0.22212538,0.28165894
E036,2,L013,0.14832437,0.20549363
E036,2,L014,0.25625971,0.25600031
E036,2,L015,0.21586115,0.29358035
E036,2,L016,0.18124582,0.17452563
E036,2,L017,0.05945784,0.17363688
E036,2,L018,0.14062334,0.30412834
E036,2,L021,0.26770753,0.24459177
E036,2,L022,0.16547534,0.23552556
E036,2,L023,0.23149034,0.24362804
E036,2,L024,0.24334576,0.22677748
E036,2,L025,0.2057903,0.25530045
E036,2,L026,0.19417092,0.21108447
E036,2,L027,0.27240001,0.31065176
E036,2,L028,0.1649724,0.30765246
E036,2,L031,0.18429464,0.23453854
E036,2,L032,0.28733848,0.27581987
E036,2,L033,0.12745992,0.18073519
E036,2,L034,0.18306188,0.26940312
E036,2,L035,0.09390839,0.22719316
E036,2,L036,0.15222684,0.1915009
E036,2,L037,0.14714635,0.18702863
E036,2,L038,0.15844085,0.23042762
E036,2,L041,0.21537247,0.18519983
E036,2,L042,0.24795096,0.2611542
E036,2,L043,0.22020821,0.17156433
E036,2,L044,0.17622647,0.18488944
E036,2,L045,0.1439927,0.16993909
E036,2,L046,0.54296308,0.36884379
E036,2,L047,0.29977386,0.20937302
E036,2,L048,0.32418302,0.32660434
E036,2,L051,0.21351724,0.34227802
E036,2,L052,0.18420714,0.23944471
E036,2,L053,0.34354688,0.34011761
E036,2,L054,0.39968395,0.19756636
E036,2,L055,0.19103512,0.26151418
E036,2,L056,0.29457491,0.29035641
E036,2,L057,0.27129241,0.31385901
E036,2,L058,0.20376178,0.22993111
E036,2,L061,0.1487603,0.20174473
E036,2,L062,0.15252355,0.2698431
E036,2,L063,0.33066528,0.2577738
E036,2,L064,0.21475368,0.30101887
E036,2,L065,0.17104977,0.29351281
E036,2,L066,0.27838548,0.23119602
E036,2,L067,0.13668109,0.23833837
E036,2,L068,0.30186857,0.34173912
E036,2,L071,0.40907924,0.37850396
E036,2,L072,0.29388603,0.3578143
E036,2,L073,0.21393262,0.20498843
E036,2,L074,0.11809907,0.29483937
E036,2,L075,0.3482132,0.2684265
E036,2,L076,0.29184956,0.21438989
E036,2,L077,0.27875174,0.29602312
E036,2,L078,0.15696445,0.28872241
E036,2,L081,0.22114498,0.16163488
E036,2,L082,0.21597544,0.21676894
E036,2,L083,0.20423341,0.22213837
E036,2,L084,0.22823644,0.2409702
E036,2,L085,0.23559388,0.13120681
E036,2,L086,0.27058621,0.21537983
E036,2,L087,0.22705175,0.28228364
E036,2,L088,0.36604507,0.4096726
E036,2,L091,0.36793491,0.38396748
E036,2,L092,0.21289556,0.24103962
E036,2,L093,0.27108552,0.26850416
E036,2,L094,0.34705161,0.21979118
E036,2,L095,0.26139342,0.28018273
E036,2,L096,0.18967387,0.26064366
E036,2,L097,0.30914635,0.24790211
E036,2,L098,0.34905021,0.31281716
E036,2,L101,0.2845886,0.33866861
E036,2,L102,0.17154064,0.23567901
E036,2,L103,0.16461748,0.27349942
E036,2,L104,0.20277934,0.23305676
E036,2,L105,0.22994799,0.25350623
E036,2,L106,0.33105539,0.30728036
E036,2,L107,0.14565999,0.14391428
E036,2,L108,0.17451287,0.30489796
E036,2,L111,0.44602497,0.32786555
E036,2,L112,0.2323836,0.23095588
E036,2,L113,0.25766436,0.4463885
E036,2,L114,0.46669447,0.358757
E036,2,L115,0.28553442,0.23791783
E036,2,L116,0.58443152,0.55273484
E036,2,L117,0.42664964,0.21741543
E036,2,L118,0.20652597,0.27160438
E036,3,L001,0.27433446,0.21439271
E036,3,L002,0.18350077,0.21686659
E036,3,L003,0.2521483,0.24151819
E036,3,L004,0.3248122,0.21003012
E036,3,L005,0.28202707,0.28311645
E036,3,L006,0.24690017,0.30618833
E036,3,L007,0.34421804,0.16994359
E036,3,L008,0.3252763,0.31536013
E036,3,L011,0.48365431,0.3156664
E036,3,L012,0.37173578,0.28165894
E036,3,L013,0.29621146,0.20549363
E036,3,L014,0.38036075,0.25600031
E036,3,L015,0.35145749,0.29358035
E036,3,L016,0.27069282,0.17452563
E036,3,L017,0.14548626,0.17363688
E036,3,L018,0.22157073,0.30412834
E036,3,L021,0.31284243,0.24459177
E036,3,L022,0.25640408,0.23552556
E036,3,L023,0.3368865,0.24362804
E036,3,L024,0.33488039,0.22677748
E036,3,L025,0.2494995,0.25530045
E036,3,L026,0.22813456,0.21108447
E036,3,L027,0.37763301,0.31065176
E036,3,L028,0.26787688,0.30765246
E036,3,L031,0.26927502,0.23453854
E036,3,L032,0.35983346,0.27581987
E036,3,L033,0.22186873,0.18073519
E036,3,L034,0.26000923,0.26940312
E036,3,L035,0.18042919,0.22719316
E036,3,L036,0.22872163,0.1915009
E036,3,L037,0.24151729,0.18702863
E036,3,L038,0.26401554,0.23042762
E036,3,L041,0.26187522,0.18519983
E036,3,L042,0.2712381,0.2611542
E036,3,L043,0.27959263,0.17156433
E036,3,L044,0.36790747,0.18488944
E036,3,L045,0.26236146,0.16993909
E036,3,L046,0.54252937,0.36884379
E036,3,L047,0.40013966,0.20937302
E036,3,L048,0.41602165,0.32660434
E036,3,L051,0.3460384,0.34227802
E036,3,L052,0.23381987,0.23944471
E036,3,L053,0.39565271,0.34011761
E036,3,L054,0.50189964,0.19756636
E036,3,L055,0.2275004,0.26151418
E036,3,L056,0.40347916,0.29035641
E036,3,L057,0.36243605,0.31385901
E036,3,L058,0.38162424,0.22993111
E036,3,L061,0.30244914,0.20174473
E036,3,L062,0.19755073,0.2698431
E036,3,L063,0.39669225,0.2577738
E036,3,L064,0.44313355,0.30101887
E036,3,L065,0.45793521,0.29351281
E036,3,L066,0.35367768,0.23119602
E036,3,L067,0.35729003,0.23833837
E036,3,L068,0.56108366,0.34173912
E036,3,L071,0.45231615,0.37850396
E036,3,L072,0.40010393,0.3578143
E036,3,L073,0.27250977,0.20498843
E036,3,L074,0.18306233,0.29483937
E036,3,L075,0.39896245,0.2684265
E036,3,L076,0.34197938,0.21438989
E036,3,L077,0.37208341,0.29602312
E036,3,L078,0.20239037,0.28872241
E036,3,L081,0.30797747,0.16163488
E036,3,L082,0.32188569,0.21676894
E036,3,L083,0.25341608,0.22213837
E036,3,L084,0.30050986,0.2409702
E036,3,L085,0.30297153,0.13120681
E036,3,L086,0.32571467,0.21537983
E036,3,L087,0.35688526,0.28228364
E036,3,L088,0.39061801,0.4096726
E036,3,L091,0.44690395,0.38396748
E036,3,L092,0.39484959,0.24103962
E036,3,L093,0.31343124,0.26850416
E036,3,L094,0.4227558,0.21979118
E036,3,L095,0.3695957,0.28018273
E036,3,L096,0.32031375,0.26064366
E036,3,L097,0.42428221,0.24790211
E036,3,L098,0.4315115,0.31281716
E036,3,L101,0.36024827,0.33866861
E036,3,L102,0.24603268,0.23567901
E036,3,L103,0.2444853,0.27349942
E036,3,L104,0.28630436,0.23305676
E036,3,L105,0.27336664,0.25350623
E036,3,L106,0.37729737,0.30728036
E036,3,L107,0.26502542,0.14391428
E036,3,L108,0.27800324,0.30489796
E036,3,L111,0.49150771,0.32786555
E036,3,L112,0.38130486,0.23095588
E036,3,L113,0.37060529,0.4463885
E036,3,L114,0.5405805,0.358757
E036,3,L115,0.32672197,0.23791783
E036,3,L116,0.66512606,0.55273484
E036,3,L117,0.4730362,0.21741543
E036,3,L118,0.36048552,0.27160438
