pair_id,entry_id,line_id,entry_text,line_text,selection_occurrences,configuration_count,label_source,judge,provisional,acceptable,distance,relation_type,confidence,low_confidence,user_fact_assertion,explicit_contradiction,advice_or_diagnosis,clearly_unrelated,reason
E001/L004,E001,L004,二つの案のどちらを選んでも、選ばなかった方が気になりそうだ。,分かれ道は、通り過ぎても消えない。,304,190,b_v2_band_sensitivity_codex_review_v1,codex_provisional,true,true,just_right,same_domain,medium,false,false,false,false,false,Codex provisional: the Line meaning '選択の記憶' provides a usable reflective bridge without merely restating the Entry.
E001/L005,E001,L005,二つの案のどちらを選んでも、選ばなかった方が気になりそうだ。,答えより先に、選んだという事実が残る。,304,224,b_v2_integrated_codex_judgments_v1,codex_integrated_v1,true,false,too_close,direct_restatement,high,false,false,false,false,false,It nearly restates that the act of choosing leaves a remainder.
E001/L006,E001,L006,二つの案のどちらを選んでも、選ばなかった方が気になりそうだ。,どちらにも理由がある日は、理由だけでは動かない。,48,48,b_v2_band_sensitivity_codex_review_v1,codex_provisional,true,false,too_far,weak_connection,low,true,false,false,false,false,"Codex provisional: the Line meaning '根拠の均衡' has a conceivable bridge, but it is too indirect to support the Entry reliably."
E001/L008,E001,L008,二つの案のどちらを選んでも、選ばなかった方が気になりそうだ。,決めかけた言葉には、まだ余白がある。,160,152,b_v2_band_sensitivity_codex_review_v1,codex_provisional,true,true,just_right,same_domain,medium,false,false,false,false,false,Codex provisional: the Line meaning '決定と留保' provides a usable reflective bridge without merely restating the Entry.
E001/L045,E001,L045,二つの案のどちらを選んでも、選ばなかった方が気になりそうだ。,反対しなかった声も、賛成の中には溶けきらない。,15,15,b_v2_band_sensitivity_codex_review_v1,codex_provisional,true,false,too_far,weak_connection,medium,false,false,false,false,false,"Codex provisional: the Line meaning '沈黙と立場' has a conceivable bridge, but it is too indirect to support the Entry reliably."
E001/L051,E001,L051,二つの案のどちらを選んでも、選ばなかった方が気になりそうだ。,直した跡は、間違いがあった場所だけに残る。,18,18,b_v2_band_sensitivity_codex_review_v1,codex_provisional,true,false,too_far,weak_connection,medium,false,false,false,false,false,"Codex provisional: the Line meaning '修復の痕跡' has a conceivable bridge, but it is too indirect to support the Entry reliably."
E001/L055,E001,L055,二つの案のどちらを選んでも、選ばなかった方が気になりそうだ。,できなかった一つは、数え方を変える力が強い。,18,18,b_v2_band_sensitivity_codex_review_v1,codex_provisional,true,true,just_right,analogical_transfer,medium,false,false,false,false,false,Codex provisional: the Line meaning '未達成による評価の偏り' provides a usable reflective bridge without merely restating the Entry.
E001/L066,E001,L066,二つの案のどちらを選んでも、選ばなかった方が気になりそうだ。,手放した場所に、手の形だけがしばらく残る。,12,12,b_v2_band_sensitivity_codex_review_v1,codex_provisional,true,true,just_right,analogical_transfer,medium,false,false,false,false,false,Codex provisional: the Line meaning '手放しの余韻' provides a usable reflective bridge without merely restating the Entry.
E001/L068,E001,L068,二つの案のどちらを選んでも、選ばなかった方が気になりそうだ。,更新されたものには、更新されなかった部分がよく見える。,41,41,b_v2_band_sensitivity_codex_review_v1,codex_provisional,true,true,just_right,analogical_transfer,medium,false,false,false,false,false,Codex provisional: the Line meaning '変化と残存' provides a usable reflective bridge without merely restating the Entry.
E001/L072,E001,L072,二つの案のどちらを選んでも、選ばなかった方が気になりそうだ。,消した記録は、消したという記録を残す。,12,12,b_v2_band_sensitivity_codex_review_v1,codex_provisional,true,true,just_right,analogical_transfer,medium,false,false,false,false,false,Codex provisional: the Line meaning '削除の痕跡' provides a usable reflective bridge without merely restating the Entry.
E001/L075,E001,L075,二つの案のどちらを選んでも、選ばなかった方が気になりそうだ。,なくしたものの大きさは、探した時間にも宿る。,12,12,b_v2_band_sensitivity_codex_review_v1,codex_provisional,true,false,too_far,weak_connection,medium,false,false,false,false,false,"Codex provisional: the Line meaning '探索時間と価値' has a conceivable bridge, but it is too indirect to support the Entry reliably."
E001/L076,E001,L076,二つの案のどちらを選んでも、選ばなかった方が気になりそうだ。,終わった線の先にも、同じ紙が続いている。,18,18,b_v2_band_sensitivity_codex_review_v1,codex_provisional,true,false,too_far,weak_connection,medium,false,false,false,false,false,"Codex provisional: the Line meaning '終結と継続' has a conceivable bridge, but it is too indirect to support the Entry reliably."
E001/L077,E001,L077,二つの案のどちらを選んでも、選ばなかった方が気になりそうだ。,捨てなかった箱は、まだ決めていない時間を守る。,98,98,b_v2_band_sensitivity_codex_review_v1,codex_provisional,true,true,just_right,analogical_transfer,low,true,false,false,false,false,Codex provisional: the Line meaning '保留された手放し' provides a usable reflective bridge without merely restating the Entry.
E001/L083,E001,L083,二つの案のどちらを選んでも、選ばなかった方が気になりそうだ。,選んだ一人にも、選ばなかった誰かの気配がある。,188,128,reflective_distance_codex_judgments_v1,codex_reassessment,true,true,just_right,analogical_transfer,high,false,false,false,false,false,案から人物へ領域を移しながら選んだものにも選ばなかったものの気配が残る構造を保つ
E001/L091,E001,L091,二つの案のどちらを選んでも、選ばなかった方が気になりそうだ。,先の予定をめくる指の下で、今日も一枚になっていく。,4,4,b_v2_band_sensitivity_codex_review_v1,codex_provisional,true,false,too_far,weak_connection,medium,false,false,false,false,false,"Codex provisional: the Line meaning '未来への注視と現在' has a conceivable bridge, but it is too indirect to support the Entry reliably."
E001/L092,E001,L092,二つの案のどちらを選んでも、選ばなかった方が気になりそうだ。,待つ時間は、終わる直前に形を変える。,84,84,b_v2_band_sensitivity_codex_review_v1,codex_provisional,true,false,too_far,weak_connection,medium,false,false,false,false,false,"Codex provisional: the Line meaning '待ち時間の反転' has a conceivable bridge, but it is too indirect to support the Entry reliably."
E001/L095,E001,L095,二つの案のどちらを選んでも、選ばなかった方が気になりそうだ。,過ぎたあとで長くなる時間もある。,37,37,b_v2_band_sensitivity_codex_review_v1,codex_provisional,true,false,too_far,weak_connection,medium,false,false,false,false,false,"Codex provisional: the Line meaning '回想による時間変化' has a conceivable bridge, but it is too indirect to support the Entry reliably."
E001/L096,E001,L096,二つの案のどちらを選んでも、選ばなかった方が気になりそうだ。,順番が来ると、待っていた場所が少し惜しくなる。,2,2,b_v2_band_sensitivity_codex_review_v1,codex_provisional,true,true,just_right,analogical_transfer,medium,false,false,false,false,false,Codex provisional: the Line meaning '待機終了の名残' provides a usable reflective bridge without merely restating the Entry.
E001/L101,E001,L101,二つの案のどちらを選んでも、選ばなかった方が気になりそうだ。,主語のない期待も、肩には重さを残す。,39,39,b_v2_integrated_codex_judgments_v1,codex_integrated_v1,true,false,too_far,weak_connection,medium,false,false,false,false,false,Unowned expectation and the unchosen alternative share only a broad sense of weight.
E001/L102,E001,L102,二つの案のどちらを選んでも、選ばなかった方が気になりそうだ。,終えた三つより、始めなかった一つは声が大きい。,761,555,b_v2_band_sensitivity_codex_review_v1,codex_provisional,true,true,just_right,analogical_transfer,medium,false,false,false,false,false,Codex provisional: the Line meaning '達成と追加期待' provides a usable reflective bridge without merely restating the Entry.
E001/L105,E001,L105,二つの案のどちらを選んでも、選ばなかった方が気になりそうだ。,満ちた器にも、次の一滴の場所を探す目がある。,210,210,b_v2_integrated_codex_judgments_v1,codex_integrated_v1,true,true,just_right,analogical_transfer,medium,false,false,false,false,false,The full vessel still looking for another drop maps the chosen option and attention to what remains.
E001/L108,E001,L108,二つの案のどちらを選んでも、選ばなかった方が気になりそうだ。,余った力と、使わなかった力は同じではない。,30,30,b_v2_band_sensitivity_codex_review_v1,codex_provisional,true,false,too_far,weak_connection,medium,false,false,false,false,false,"Codex provisional: the Line meaning '余力と自己評価' has a conceivable bridge, but it is too indirect to support the Entry reliably."
E001/L113,E001,L113,二つの案のどちらを選んでも、選ばなかった方が気になりそうだ。,何もなかった日は、何も壊れなかった日でもある。,30,30,b_v2_band_sensitivity_codex_review_v1,codex_provisional,true,false,not_obserbing,unrelated,high,false,false,false,false,true,Codex provisional: the Line meaning '無事な一日' does not provide a meaningful bridge to the Entry.
E001/L118,E001,L118,二つの案のどちらを選んでも、選ばなかった方が気になりそうだ。,同じ景色を通るたび、同じではないものが増える。,30,30,b_v2_band_sensitivity_codex_review_v1,codex_provisional,true,false,too_far,weak_connection,medium,false,false,false,false,false,"Codex provisional: the Line meaning '反復と変化' has a conceivable bridge, but it is too indirect to support the Entry reliably."
E002/L002,E002,L002,"返事は明日まででいいと言われた。
急がなくていいはずなのに、考えるほど何が自分の希望なのかわからなくなる。",決める前より、決めた後の方が道は増えることがある。,4,4,b_v2_band_sensitivity_codex_review_v1,codex_provisional,true,true,just_right,same_domain,low,true,false,false,false,false,Codex provisional: the Line meaning '決定後の展開' provides a usable reflective bridge without merely restating the Entry.
E002/L012,E002,L012,"返事は明日まででいいと言われた。
急がなくていいはずなのに、考えるほど何が自分の希望なのかわからなくなる。",わからなさは、空白ではなく形の途中かもしれない。,1,1,reflective_distance_codex_judgments_v1,codex_reassessment,true,true,just_right,analogical_transfer,medium,false,false,false,false,false,自分の希望がわからなくなる状態を空白ではなく形の途中として開いたまま捉え直す
E002/L013,E002,L013,"返事は明日まででいいと言われた。
急がなくていいはずなのに、考えるほど何が自分の希望なのかわからなくなる。",霧の中では、近いものまで遠く見える。,190,190,b_v2_band_sensitivity_codex_review_v1,codex_provisional,true,true,just_right,analogical_transfer,medium,false,false,false,false,false,Codex provisional: the Line meaning '不確実性による距離感' provides a usable reflective bridge without merely restating the Entry.
E002/L014,E002,L014,"返事は明日まででいいと言われた。
急がなくていいはずなのに、考えるほど何が自分の希望なのかわからなくなる。",予想は、未来より今の輪郭を映す。,242,242,b_v2_integrated_codex_judgments_v1,codex_integrated_v1,true,true,just_right,same_domain,medium,false,false,false,false,false,Imagining the future revealing the present self connects to uncertainty about one's actual preference.
E002/L015,E002,L015,"返事は明日まででいいと言われた。
急がなくていいはずなのに、考えるほど何が自分の希望なのかわからなくなる。",まだ起きていないことにも、影はできる。,3,3,b_v2_band_sensitivity_codex_review_v1,codex_provisional,true,false,too_far,weak_connection,medium,false,false,false,false,false,"Codex provisional: the Line meaning '予期の影響' has a conceivable bridge, but it is too indirect to support the Entry reliably."
E002/L033,E002,L033,"返事は明日まででいいと言われた。
急がなくていいはずなのに、考えるほど何が自分の希望なのかわからなくなる。",遠くから見える輪郭もある。,424,274,b_v2_band_sensitivity_codex_review_v1,codex_provisional,true,true,just_right,analogical_transfer,medium,false,false,false,false,false,Codex provisional: the Line meaning '距離による認識' provides a usable reflective bridge without merely restating the Entry.
E002/L064,E002,L064,"返事は明日まででいいと言われた。
急がなくていいはずなのに、考えるほど何が自分の希望なのかわからなくなる。",変わったあとで、望んでいた形が見直される。,132,132,reflective_distance_codex_judgments_v1,codex_reassessment,true,false,too_far,weak_connection,medium,false,false,false,false,false,返答前に希望を見失う状態と変化後に希望を見直す状態には時点と構造の隔たりが大きい
E002/L077,E002,L077,"返事は明日まででいいと言われた。
急がなくていいはずなのに、考えるほど何が自分の希望なのかわからなくなる。",捨てなかった箱は、まだ決めていない時間を守る。,44,44,b_v2_band_sensitivity_codex_review_v1,codex_provisional,true,true,just_right,analogical_transfer,low,true,false,false,false,false,Codex provisional: the Line meaning '保留された手放し' provides a usable reflective bridge without merely restating the Entry.
E002/L101,E002,L101,"返事は明日まででいいと言われた。
急がなくていいはずなのに、考えるほど何が自分の希望なのかわからなくなる。",主語のない期待も、肩には重さを残す。,401,321,b_v2_integrated_codex_judgments_v1,codex_integrated_v1,true,true,just_right,same_domain,medium,false,false,false,false,false,An expectation without a clear owner maps to pressure that obscures the writer's own wish.
E002/L105,E002,L105,"返事は明日まででいいと言われた。
急がなくていいはずなのに、考えるほど何が自分の希望なのかわからなくなる。",満ちた器にも、次の一滴の場所を探す目がある。,54,54,b_v2_band_sensitivity_codex_review_v1,codex_provisional,true,false,too_far,weak_connection,medium,false,false,false,false,false,"Codex provisional: the Line meaning '達成後の不足探索' has a conceivable bridge, but it is too indirect to support the Entry reliably."
E003/L001,E003,L001,決めた。たぶん。,選ばなかった方も、しばらく隣を歩く。,16,8,b_v2_band_sensitivity_codex_review_v1,codex_provisional,true,true,just_right,same_domain,low,true,false,false,false,false,Codex provisional: the Line meaning '選択後に残る別の可能性' provides a usable reflective bridge without merely restating the Entry.
E003/L004,E003,L004,決めた。たぶん。,分かれ道は、通り過ぎても消えない。,822,487,b_v2_integrated_codex_judgments_v1,codex_integrated_v1,true,true,just_right,same_domain,high,false,false,false,false,false,A fork remaining after it is passed preserves the residual uncertainty in a tentative decision.
E003/L005,E003,L005,決めた。たぶん。,答えより先に、選んだという事実が残る。,111,72,b_v2_integrated_codex_judgments_v1,codex_integrated_v1,true,false,too_close,direct_restatement,high,false,false,false,false,false,The fact of having chosen remaining nearly restates the short tentative declaration.
E003/L006,E003,L006,決めた。たぶん。,どちらにも理由がある日は、理由だけでは動かない。,91,91,b_v2_band_sensitivity_codex_review_v1,codex_provisional,true,false,too_far,weak_connection,medium,false,false,false,false,false,"Codex provisional: the Line meaning '根拠の均衡' has a conceivable bridge, but it is too indirect to support the Entry reliably."
E003/L008,E003,L008,決めた。たぶん。,決めかけた言葉には、まだ余白がある。,609,425,reflective_distance_codex_judgments_v1,codex_reassessment,true,false,too_close,direct_restatement,high,false,false,false,false,false,決めたが確定しきらないという短いEntryをほぼ直接言い換える
E003/L012,E003,L012,決めた。たぶん。,わからなさは、空白ではなく形の途中かもしれない。,152,149,b_v2_integrated_codex_judgments_v1,codex_integrated_v1,true,false,too_close,direct_restatement,high,false,false,false,false,false,An unfinished shape of uncertainty closely paraphrases the tentative decision.
E003/L015,E003,L015,決めた。たぶん。,まだ起きていないことにも、影はできる。,20,20,b_v2_band_sensitivity_codex_review_v1,codex_provisional,true,false,too_far,weak_connection,medium,false,false,false,false,false,"Codex provisional: the Line meaning '予期の影響' has a conceivable bridge, but it is too indirect to support the Entry reliably."
E003/L022,E003,L022,決めた。たぶん。,親しさにも、呼吸する間がある。,13,13,b_v2_band_sensitivity_codex_review_v1,codex_provisional,true,false,not_obserbing,unrelated,high,false,false,false,false,true,Codex provisional: the Line meaning '親しさと間隔' does not provide a meaningful bridge to the Entry.
E003/L031,E003,L031,決めた。たぶん。,距離は、離れたときだけ生まれるものではない。,4,4,b_v2_band_sensitivity_codex_review_v1,codex_provisional,true,false,too_far,weak_connection,medium,false,false,false,false,false,"Codex provisional: the Line meaning '心理的距離の多様性' has a conceivable bridge, but it is too indirect to support the Entry reliably."
E003/L036,E003,L036,決めた。たぶん。,離れたあとで、近すぎた音が聞こえる。,2,2,b_v2_band_sensitivity_codex_review_v1,codex_provisional,true,false,too_far,weak_connection,medium,false,false,false,false,false,"Codex provisional: the Line meaning '距離後の再評価' has a conceivable bridge, but it is too indirect to support the Entry reliably."
E003/L037,E003,L037,決めた。たぶん。,境界は壁ではなく、二つの場所の名前でもある。,14,14,b_v2_band_sensitivity_codex_review_v1,codex_provisional,true,false,too_far,weak_connection,medium,false,false,false,false,false,"Codex provisional: the Line meaning '境界の両義性' has a conceivable bridge, but it is too indirect to support the Entry reliably."
E003/L047,E003,L047,決めた。たぶん。,手を止めても、考えていた速度はすぐには止まらない。,74,74,b_v2_band_sensitivity_codex_review_v1,codex_provisional,true,true,just_right,analogical_transfer,medium,false,false,false,false,false,Codex provisional: the Line meaning '作業後の慣性' provides a usable reflective bridge without merely restating the Entry.
E003/L055,E003,L055,決めた。たぶん。,できなかった一つは、数え方を変える力が強い。,44,44,b_v2_band_sensitivity_codex_review_v1,codex_provisional,true,false,too_far,weak_connection,medium,false,false,false,false,false,"Codex provisional: the Line meaning '未達成による評価の偏り' has a conceivable bridge, but it is too indirect to support the Entry reliably."
E003/L057,E003,L057,決めた。たぶん。,見つからなかった間違いと、見つけた自分は同時にいる。,128,128,b_v2_band_sensitivity_codex_review_v1,codex_provisional,true,true,just_right,analogical_transfer,medium,false,false,false,false,false,Codex provisional: the Line meaning '発見と自己' provides a usable reflective bridge without merely restating the Entry.
E003/L061,E003,L061,決めた。たぶん。,新しい配置には、古い動きが何度かぶつかる。,10,10,b_v2_band_sensitivity_codex_review_v1,codex_provisional,true,false,too_far,weak_connection,medium,false,false,false,false,false,"Codex provisional: the Line meaning '変化と身体の慣れ' has a conceivable bridge, but it is too indirect to support the Entry reliably."
E003/L077,E003,L077,決めた。たぶん。,捨てなかった箱は、まだ決めていない時間を守る。,60,60,b_v2_band_sensitivity_codex_review_v1,codex_provisional,true,true,just_right,analogical_transfer,low,true,false,false,false,false,Codex provisional: the Line meaning '保留された手放し' provides a usable reflective bridge without merely restating the Entry.
E004/L008,E004,L008,準備はしたけれど、当日になったら何か見落としている気がしてきた。,決めかけた言葉には、まだ余白がある。,4,4,reflective_distance_codex_judgments_v1,codex_reassessment,true,false,too_far,weak_connection,medium,false,false,false,false,false,準備後の見落とし不安と決めかけた言葉の余白は不確実さ以外の橋が弱い
E004/L011,E004,L011,準備はしたけれど、当日になったら何か見落としている気がしてきた。,見えない先にも、同じだけ朝は来る。,453,388,b_v2_integrated_codex_judgments_v1,codex_integrated_v1,true,false,too_far,weak_connection,medium,false,false,false,false,false,A recurring morning does not give a discoverable bridge to fear of an overlooked preparation item.
E004/L014,E004,L014,準備はしたけれど、当日になったら何か見落としている気がしてきた。,予想は、未来より今の輪郭を映す。,73,53,b_v2_band_sensitivity_codex_review_v1,codex_provisional,true,true,just_right,same_domain,medium,false,false,false,false,false,Codex provisional: the Line meaning '予想と現在認識' provides a usable reflective bridge without merely restating the Entry.
E004/L015,E004,L015,準備はしたけれど、当日になったら何か見落としている気がしてきた。,まだ起きていないことにも、影はできる。,60,60,b_v2_band_sensitivity_codex_review_v1,codex_provisional,true,true,just_right,same_domain,medium,false,false,false,false,false,Codex provisional: the Line meaning '予期の影響' provides a usable reflective bridge without merely restating the Entry.
E004/L035,E004,L035,準備はしたけれど、当日になったら何か見落としている気がしてきた。,空いた席は、不在より先に距離を語る。,6,6,b_v2_band_sensitivity_codex_review_v1,codex_provisional,true,false,not_obserbing,unrelated,high,false,false,false,false,true,Codex provisional: the Line meaning '不在の可視化' does not provide a meaningful bridge to the Entry.
E004/L046,E004,L046,準備はしたけれど、当日になったら何か見落としている気がしてきた。,終わった項目の間に、一日の形が隠れている。,156,156,b_v2_integrated_codex_judgments_v1,codex_integrated_v1,true,false,too_far,weak_connection,medium,false,false,false,false,false,Completed checklist items hiding the day's shape does not expose the fear of an overlooked preparation item.
E004/L054,E004,L054,準備はしたけれど、当日になったら何か見落としている気がしてきた。,失敗のあとに普通の声がすると、世界の続きが見える。,73,73,b_v2_band_sensitivity_codex_review_v1,codex_provisional,true,false,not_obserbing,unrelated,high,false,false,false,false,true,Codex provisional: the Line meaning '失敗後の平常' does not provide a meaningful bridge to the Entry.
E004/L057,E004,L057,準備はしたけれど、当日になったら何か見落としている気がしてきた。,見つからなかった間違いと、見つけた自分は同時にいる。,48,48,b_v2_band_sensitivity_codex_review_v1,codex_provisional,true,true,just_right,analogical_transfer,low,true,false,false,false,false,Codex provisional: the Line meaning '発見と自己' provides a usable reflective bridge without merely restating the Entry.
E004/L064,E004,L064,準備はしたけれど、当日になったら何か見落としている気がしてきた。,変わったあとで、望んでいた形が見直される。,60,60,b_v2_band_sensitivity_codex_review_v1,codex_provisional,true,false,too_far,weak_connection,medium,false,false,false,false,false,"Codex provisional: the Line meaning '変化後の願望再評価' has a conceivable bridge, but it is too indirect to support the Entry reliably."
E004/L065,E004,L065,準備はしたけれど、当日になったら何か見落としている気がしてきた。,慣れは、変化より少し遅れて到着する。,24,24,b_v2_band_sensitivity_codex_review_v1,codex_provisional,true,false,not_obserbing,unrelated,high,false,false,false,false,true,Codex provisional: the Line meaning '変化と適応の時差' does not provide a meaningful bridge to the Entry.
E004/L066,E004,L066,準備はしたけれど、当日になったら何か見落としている気がしてきた。,手放した場所に、手の形だけがしばらく残る。,6,6,b_v2_band_sensitivity_codex_review_v1,codex_provisional,true,false,not_obserbing,unrelated,high,false,false,false,false,true,Codex provisional: the Line meaning '手放しの余韻' does not provide a meaningful bridge to the Entry.
E004/L076,E004,L076,準備はしたけれど、当日になったら何か見落としている気がしてきた。,終わった線の先にも、同じ紙が続いている。,17,17,b_v2_band_sensitivity_codex_review_v1,codex_provisional,true,false,too_far,weak_connection,medium,false,false,false,false,false,"Codex provisional: the Line meaning '終結と継続' has a conceivable bridge, but it is too indirect to support the Entry reliably."
E004/L077,E004,L077,準備はしたけれど、当日になったら何か見落としている気がしてきた。,捨てなかった箱は、まだ決めていない時間を守る。,13,13,b_v2_band_sensitivity_codex_review_v1,codex_provisional,true,false,too_far,weak_connection,medium,false,false,false,false,false,"Codex provisional: the Line meaning '保留された手放し' has a conceivable bridge, but it is too indirect to support the Entry reliably."
E004/L078,E004,L078,準備はしたけれど、当日になったら何か見落としている気がしてきた。,不在は、ときどき物より先に部屋へ着く。,36,36,b_v2_band_sensitivity_codex_review_v1,codex_provisional,true,false,not_obserbing,unrelated,high,false,false,false,false,true,Codex provisional: the Line meaning '不在の感覚' does not provide a meaningful bridge to the Entry.
E004/L091,E004,L091,準備はしたけれど、当日になったら何か見落としている気がしてきた。,先の予定をめくる指の下で、今日も一枚になっていく。,600,420,b_v2_integrated_codex_judgments_v1,codex_integrated_v1,true,false,too_far,weak_connection,medium,false,false,false,false,false,Future schedule pages and today's passage only loosely connect to last-minute doubt about preparation.
E004/L095,E004,L095,準備はしたけれど、当日になったら何か見落としている気がしてきた。,過ぎたあとで長くなる時間もある。,6,6,b_v2_band_sensitivity_codex_review_v1,codex_provisional,true,false,too_far,weak_connection,medium,false,false,false,false,false,"Codex provisional: the Line meaning '回想による時間変化' has a conceivable bridge, but it is too indirect to support the Entry reliably."
E004/L097,E004,L097,準備はしたけれど、当日になったら何か見落としている気がしてきた。,未来を見ている間も、足元は静かに通り過ぎる。,12,12,b_v2_band_sensitivity_codex_review_v1,codex_provisional,true,false,too_far,weak_connection,medium,false,false,false,false,false,"Codex provisional: the Line meaning '未来と現在の通過' has a conceivable bridge, but it is too indirect to support the Entry reliably."
E004/L105,E004,L105,準備はしたけれど、当日になったら何か見落としている気がしてきた。,満ちた器にも、次の一滴の場所を探す目がある。,3,3,b_v2_band_sensitivity_codex_review_v1,codex_provisional,true,true,just_right,analogical_transfer,low,true,false,false,false,false,Codex provisional: the Line meaning '達成後の不足探索' provides a usable reflective bridge without merely restating the Entry.
E004/L107,E004,L107,準備はしたけれど、当日になったら何か見落としている気がしてきた。,期待の影は、持ち主より先に伸びることがある。,105,105,b_v2_band_sensitivity_codex_review_v1,codex_provisional,true,true,just_right,analogical_transfer,medium,false,false,false,false,false,Codex provisional: the Line meaning '期待と主体' provides a usable reflective bridge without merely restating the Entry.
E005/L004,E005,L004,"予定が一つ変わっただけなのに、その先も全部ずれる気がする。

実際にはまだ何も起きていない。",分かれ道は、通り過ぎても消えない。,4,4,b_v2_band_sensitivity_codex_review_v1,codex_provisional,true,false,too_far,weak_connection,medium,false,false,false,false,false,"Codex provisional: the Line meaning '選択の記憶' has a conceivable bridge, but it is too indirect to support the Entry reliably."
E005/L005,E005,L005,"予定が一つ変わっただけなのに、その先も全部ずれる気がする。

実際にはまだ何も起きていない。",答えより先に、選んだという事実が残る。,14,14,b_v2_band_sensitivity_codex_review_v1,codex_provisional,true,false,too_far,weak_connection,medium,false,false,false,false,false,"Codex provisional: the Line meaning '決定の事実性' has a conceivable bridge, but it is too indirect to support the Entry reliably."
E005/L006,E005,L006,"予定が一つ変わっただけなのに、その先も全部ずれる気がする。

実際にはまだ何も起きていない。",どちらにも理由がある日は、理由だけでは動かない。,15,15,b_v2_band_sensitivity_codex_review_v1,codex_provisional,true,false,too_far,weak_connection,medium,false,false,false,false,false,"Codex provisional: the Line meaning '根拠の均衡' has a conceivable bridge, but it is too indirect to support the Entry reliably."
E005/L008,E005,L008,"予定が一つ変わっただけなのに、その先も全部ずれる気がする。

実際にはまだ何も起きていない。",決めかけた言葉には、まだ余白がある。,74,74,b_v2_band_sensitivity_codex_review_v1,codex_provisional,true,false,too_far,weak_connection,medium,false,false,false,false,false,"Codex provisional: the Line meaning '決定と留保' has a conceivable bridge, but it is too indirect to support the Entry reliably."
E005/L012,E005,L012,"予定が一つ変わっただけなのに、その先も全部ずれる気がする。

実際にはまだ何も起きていない。",わからなさは、空白ではなく形の途中かもしれない。,290,290,b_v2_integrated_codex_judgments_v1,codex_integrated_v1,true,true,just_right,same_domain,medium,false,false,false,false,false,An unfinished shape gives useful space around uncertainty before anything has happened.
E005/L013,E005,L013,"予定が一つ変わっただけなのに、その先も全部ずれる気がする。

実際にはまだ何も起きていない。",霧の中では、近いものまで遠く見える。,2,2,b_v2_band_sensitivity_codex_review_v1,codex_provisional,true,true,just_right,same_domain,medium,false,false,false,false,false,Codex provisional: the Line meaning '不確実性による距離感' provides a usable reflective bridge without merely restating the Entry.
E005/L014,E005,L014,"予定が一つ変わっただけなのに、その先も全部ずれる気がする。

実際にはまだ何も起きていない。",予想は、未来より今の輪郭を映す。,27,27,b_v2_band_sensitivity_codex_review_v1,codex_provisional,true,true,just_right,same_domain,medium,false,false,false,false,false,Codex provisional: the Line meaning '予想と現在認識' provides a usable reflective bridge without merely restating the Entry.
E005/L015,E005,L015,"予定が一つ変わっただけなのに、その先も全部ずれる気がする。

実際にはまだ何も起きていない。",まだ起きていないことにも、影はできる。,63,63,reflective_distance_codex_judgments_v1,codex_reassessment,true,true,just_right,same_domain,medium,false,false,false,false,false,まだ起きていない予定の変化が現在へ影響することを影として示し結論を決めない
E005/L035,E005,L035,"予定が一つ変わっただけなのに、その先も全部ずれる気がする。

実際にはまだ何も起きていない。",空いた席は、不在より先に距離を語る。,5,5,b_v2_band_sensitivity_codex_review_v1,codex_provisional,true,false,not_obserbing,unrelated,high,false,false,false,false,true,Codex provisional: the Line meaning '不在の可視化' does not provide a meaningful bridge to the Entry.
E005/L041,E005,L041,"予定が一つ変わっただけなのに、その先も全部ずれる気がする。

実際にはまだ何も起きていない。",忙しさは、進んだ距離と同じ単位では測れない。,16,16,b_v2_band_sensitivity_codex_review_v1,codex_provisional,true,false,too_far,weak_connection,medium,false,false,false,false,false,"Codex provisional: the Line meaning '活動量と進捗のずれ' has a conceivable bridge, but it is too indirect to support the Entry reliably."
E005/L046,E005,L046,"予定が一つ変わっただけなのに、その先も全部ずれる気がする。

実際にはまだ何も起きていない。",終わった項目の間に、一日の形が隠れている。,1,1,b_v2_band_sensitivity_codex_review_v1,codex_provisional,true,false,too_far,weak_connection,medium,false,false,false,false,false,"Codex provisional: the Line meaning 'タスクと一日' has a conceivable bridge, but it is too indirect to support the Entry reliably."
E005/L048,E005,L048,"予定が一つ変わっただけなのに、その先も全部ずれる気がする。

実際にはまだ何も起きていない。",進捗のない日にも、使われた時間の跡はある。,2,2,b_v2_band_sensitivity_codex_review_v1,codex_provisional,true,false,too_far,weak_connection,medium,false,false,false,false,false,"Codex provisional: the Line meaning '成果と時間の分離' has a conceivable bridge, but it is too indirect to support the Entry reliably."
E005/L051,E005,L051,"予定が一つ変わっただけなのに、その先も全部ずれる気がする。

実際にはまだ何も起きていない。",直した跡は、間違いがあった場所だけに残る。,4,4,b_v2_band_sensitivity_codex_review_v1,codex_provisional,true,false,too_far,weak_connection,medium,false,false,false,false,false,"Codex provisional: the Line meaning '修復の痕跡' has a conceivable bridge, but it is too indirect to support the Entry reliably."
E005/L052,E005,L052,"予定が一つ変わっただけなのに、その先も全部ずれる気がする。

実際にはまだ何も起きていない。",小さな欠けは、広い面の中でよく光る。,11,11,b_v2_band_sensitivity_codex_review_v1,codex_provisional,true,false,too_far,weak_connection,medium,false,false,false,false,false,"Codex provisional: the Line meaning '欠点への注目' has a conceivable bridge, but it is too indirect to support the Entry reliably."
E005/L054,E005,L054,"予定が一つ変わっただけなのに、その先も全部ずれる気がする。

実際にはまだ何も起きていない。",失敗のあとに普通の声がすると、世界の続きが見える。,22,22,b_v2_band_sensitivity_codex_review_v1,codex_provisional,true,false,too_far,weak_connection,medium,false,false,false,false,false,"Codex provisional: the Line meaning '失敗後の平常' has a conceivable bridge, but it is too indirect to support the Entry reliably."
E005/L055,E005,L055,"予定が一つ変わっただけなのに、その先も全部ずれる気がする。

実際にはまだ何も起きていない。",できなかった一つは、数え方を変える力が強い。,62,62,b_v2_band_sensitivity_codex_review_v1,codex_provisional,true,true,just_right,analogical_transfer,low,true,false,false,false,false,Codex provisional: the Line meaning '未達成による評価の偏り' provides a usable reflective bridge without merely restating the Entry.
E005/L061,E005,L061,"予定が一つ変わっただけなのに、その先も全部ずれる気がする。

実際にはまだ何も起きていない。",新しい配置には、古い動きが何度かぶつかる。,14,14,b_v2_band_sensitivity_codex_review_v1,codex_provisional,true,false,too_far,weak_connection,medium,false,false,false,false,false,"Codex provisional: the Line meaning '変化と身体の慣れ' has a conceivable bridge, but it is too indirect to support the Entry reliably."
E005/L064,E005,L064,"予定が一つ変わっただけなのに、その先も全部ずれる気がする。

実際にはまだ何も起きていない。",変わったあとで、望んでいた形が見直される。,22,22,b_v2_band_sensitivity_codex_review_v1,codex_provisional,true,false,too_far,weak_connection,medium,false,false,false,false,false,"Codex provisional: the Line meaning '変化後の願望再評価' has a conceivable bridge, but it is too indirect to support the Entry reliably."
E005/L065,E005,L065,"予定が一つ変わっただけなのに、その先も全部ずれる気がする。

実際にはまだ何も起きていない。",慣れは、変化より少し遅れて到着する。,181,181,b_v2_integrated_codex_judgments_v1,codex_integrated_v1,true,false,too_far,weak_connection,medium,false,false,false,false,false,Delayed adaptation to change only loosely connects to anticipating cascading schedule disruption.
E005/L067,E005,L067,"予定が一つ変わっただけなのに、その先も全部ずれる気がする。

実際にはまだ何も起きていない。",同じ道の景色が変わると、歩幅も少し変わる。,29,29,b_v2_band_sensitivity_codex_review_v1,codex_provisional,true,false,too_far,weak_connection,medium,false,false,false,false,false,"Codex provisional: the Line meaning '環境変化と感覚' has a conceivable bridge, but it is too indirect to support the Entry reliably."
E005/L068,E005,L068,"予定が一つ変わっただけなのに、その先も全部ずれる気がする。

実際にはまだ何も起きていない。",更新されたものには、更新されなかった部分がよく見える。,99,99,b_v2_band_sensitivity_codex_review_v1,codex_provisional,true,true,just_right,analogical_transfer,low,true,false,false,false,false,Codex provisional: the Line meaning '変化と残存' provides a usable reflective bridge without merely restating the Entry.
E005/L091,E005,L091,"予定が一つ変わっただけなのに、その先も全部ずれる気がする。

実際にはまだ何も起きていない。",先の予定をめくる指の下で、今日も一枚になっていく。,210,140,b_v2_band_sensitivity_codex_review_v1,codex_provisional,true,true,just_right,analogical_transfer,medium,false,false,false,false,false,Codex provisional: the Line meaning '未来への注視と現在' provides a usable reflective bridge without merely restating the Entry.
E005/L092,E005,L092,"予定が一つ変わっただけなのに、その先も全部ずれる気がする。

実際にはまだ何も起きていない。",待つ時間は、終わる直前に形を変える。,32,32,b_v2_band_sensitivity_codex_review_v1,codex_provisional,true,false,too_far,weak_connection,medium,false,false,false,false,false,"Codex provisional: the Line meaning '待ち時間の反転' has a conceivable bridge, but it is too indirect to support the Entry reliably."
E005/L096,E005,L096,"予定が一つ変わっただけなのに、その先も全部ずれる気がする。

実際にはまだ何も起きていない。",順番が来ると、待っていた場所が少し惜しくなる。,30,30,b_v2_band_sensitivity_codex_review_v1,codex_provisional,true,false,too_far,weak_connection,medium,false,false,false,false,false,"Codex provisional: the Line meaning '待機終了の名残' has a conceivable bridge, but it is too indirect to support the Entry reliably."
E005/L103,E005,L103,"予定が一つ変わっただけなのに、その先も全部ずれる気がする。

実際にはまだ何も起きていない。",『もっと』は、いつも少し早く席に着いている。,71,71,b_v2_band_sensitivity_codex_review_v1,codex_provisional,true,false,too_far,weak_connection,medium,false,false,false,false,false,"Codex provisional: the Line meaning '常在する追加要求' has a conceivable bridge, but it is too indirect to support the Entry reliably."
E005/L104,E005,L104,"予定が一つ変わっただけなのに、その先も全部ずれる気がする。

実際にはまだ何も起きていない。",届かなかった高さは、誰が置いたのか見えにくい。,1,1,b_v2_band_sensitivity_codex_review_v1,codex_provisional,true,false,too_far,weak_connection,medium,false,false,false,false,false,"Codex provisional: the Line meaning '基準の出所' has a conceivable bridge, but it is too indirect to support the Entry reliably."
E005/L107,E005,L107,"予定が一つ変わっただけなのに、その先も全部ずれる気がする。

実際にはまだ何も起きていない。",期待の影は、持ち主より先に伸びることがある。,419,384,reflective_distance_codex_judgments_v1,codex_reassessment,true,true,just_right,analogical_transfer,high,false,false,false,false,false,まだ起きていない予期が現在へ影を落とす構造を影と持ち主へ転写する
E005/L112,E005,L112,"予定が一つ変わっただけなのに、その先も全部ずれる気がする。

実際にはまだ何も起きていない。",いつもの灯りがないだけで、道は別の長さになる。,9,9,b_v2_band_sensitivity_codex_review_v1,codex_provisional,true,false,too_far,weak_connection,medium,false,false,false,false,false,"Codex provisional: the Line meaning '日常の目印と距離' has a conceivable bridge, but it is too indirect to support the Entry reliably."
E005/L113,E005,L113,"予定が一つ変わっただけなのに、その先も全部ずれる気がする。

実際にはまだ何も起きていない。",何もなかった日は、何も壊れなかった日でもある。,2,2,b_v2_band_sensitivity_codex_review_v1,codex_provisional,true,false,too_far,weak_connection,medium,false,false,false,false,false,"Codex provisional: the Line meaning '無事な一日' has a conceivable bridge, but it is too indirect to support the Entry reliably."
E005/L117,E005,L117,"予定が一つ変わっただけなのに、その先も全部ずれる気がする。

実際にはまだ何も起きていない。",湯気が消えるまでの時間にも、一日は流れている。,5,5,reflective_distance_human_review_v1,human_review,false,true,just_right,analogical_transfer,human_confirmed,false,false,false,false,false,Product-owner decision normalized to reflective-distance-v1.
E006/L013,E006,L013,うまくいく根拠も、だめな根拠も同じくらいある。,霧の中では、近いものまで遠く見える。,34,24,b_v2_band_sensitivity_codex_review_v1,codex_provisional,true,false,too_far,weak_connection,medium,false,false,false,false,false,"Codex provisional: the Line meaning '不確実性による距離感' has a conceivable bridge, but it is too indirect to support the Entry reliably."
E006/L014,E006,L014,うまくいく根拠も、だめな根拠も同じくらいある。,予想は、未来より今の輪郭を映す。,148,145,b_v2_band_sensitivity_codex_review_v1,codex_provisional,true,true,just_right,same_domain,medium,false,false,false,false,false,Codex provisional: the Line meaning '予想と現在認識' provides a usable reflective bridge without merely restating the Entry.
E006/L016,E006,L016,うまくいく根拠も、だめな根拠も同じくらいある。,同じ重さの根拠は、静かに釣り合う。,24,24,reflective_distance_codex_judgments_v1,codex_reassessment,true,false,too_close,direct_restatement,high,false,false,false,false,false,両方の根拠が同じ程度であることを同じ重さと釣り合いで直接言い換える
E006/L017,E006,L017,うまくいく根拠も、だめな根拠も同じくらいある。,地図の端は、道の端とは限らない。,3,3,b_v2_band_sensitivity_codex_review_v1,codex_provisional,true,true,just_right,same_domain,low,true,false,false,false,false,Codex provisional: the Line meaning '認識範囲と可能性' provides a usable reflective bridge without merely restating the Entry.
E006/L023,E006,L023,うまくいく根拠も、だめな根拠も同じくらいある。,同じ席にいても、見ている窓は違う。,500,365,b_v2_integrated_codex_judgments_v1,codex_integrated_v1,true,true,just_right,analogical_transfer,medium,false,false,false,false,false,Two views from the same seat map different readings of the same evidence.
E006/L045,E006,L045,うまくいく根拠も、だめな根拠も同じくらいある。,反対しなかった声も、賛成の中には溶けきらない。,966,505,reflective_distance_codex_judgments_v1,codex_reassessment,true,true,just_right,analogical_transfer,high,false,false,false,false,false,成功と失敗の根拠が拮抗する状態を反対しないことと賛成しないことの間へ転写する
E006/L055,E006,L055,うまくいく根拠も、だめな根拠も同じくらいある。,できなかった一つは、数え方を変える力が強い。,275,275,b_v2_integrated_codex_judgments_v1,codex_integrated_v1,true,true,just_right,same_domain,medium,false,false,false,false,false,One negative changing the count illuminates how equally balanced evidence can still feel uneven.
E006/L085,E006,L085,うまくいく根拠も、だめな根拠も同じくらいある。,空席の数と、孤独の数は一致しない。,35,35,b_v2_band_sensitivity_codex_review_v1,codex_provisional,true,false,not_obserbing,unrelated,high,false,false,false,false,true,Codex provisional: the Line meaning '物理的単独と孤独感' does not provide a meaningful bridge to the Entry.
E006/L104,E006,L104,うまくいく根拠も、だめな根拠も同じくらいある。,届かなかった高さは、誰が置いたのか見えにくい。,15,15,b_v2_band_sensitivity_codex_review_v1,codex_provisional,true,false,not_obserbing,unrelated,high,false,false,false,false,true,Codex provisional: the Line meaning '基準の出所' does not provide a meaningful bridge to the Entry.
E006/L118,E006,L118,うまくいく根拠も、だめな根拠も同じくらいある。,同じ景色を通るたび、同じではないものが増える。,25,25,b_v2_band_sensitivity_codex_review_v1,codex_provisional,true,false,not_obserbing,unrelated,high,false,false,false,false,true,Codex provisional: the Line meaning '反復と変化' does not provide a meaningful bridge to the Entry.
E007/L014,E007,L014,久しぶりに会ったら楽しかった。でも次の約束をすぐ決めたい感じではなかった。,予想は、未来より今の輪郭を映す。,4,4,b_v2_band_sensitivity_codex_review_v1,codex_provisional,true,false,too_far,weak_connection,medium,false,false,false,false,false,"Codex provisional: the Line meaning '予想と現在認識' has a conceivable bridge, but it is too indirect to support the Entry reliably."
E007/L022,E007,L022,久しぶりに会ったら楽しかった。でも次の約束をすぐ決めたい感じではなかった。,親しさにも、呼吸する間がある。,67,67,b_v2_band_sensitivity_codex_review_v1,codex_provisional,true,true,just_right,same_domain,medium,false,false,false,false,false,Codex provisional: the Line meaning '親しさと間隔' provides a usable reflective bridge without merely restating the Entry.
E007/L025,E007,L025,久しぶりに会ったら楽しかった。でも次の約束をすぐ決めたい感じではなかった。,聞いていた言葉と、待っていた言葉は似ている。,39,39,b_v2_band_sensitivity_codex_review_v1,codex_provisional,true,false,not_obserbing,unrelated,high,false,false,false,false,true,Codex provisional: the Line meaning '聞くことと発話待ち' does not provide a meaningful bridge to the Entry.
E007/L027,E007,L027,久しぶりに会ったら楽しかった。でも次の約束をすぐ決めたい感じではなかった。,一緒に笑った時間は、次の約束を要求しない。,12,12,reflective_distance_codex_judgments_v1,codex_reassessment,true,false,too_close,direct_restatement,high,false,false,false,false,false,楽しい共有時間が次の約束を必要としないというEntryの内容を直接まとめる
E007/L031,E007,L031,久しぶりに会ったら楽しかった。でも次の約束をすぐ決めたい感じではなかった。,距離は、離れたときだけ生まれるものではない。,111,111,b_v2_integrated_codex_judgments_v1,codex_integrated_v1,true,true,just_right,same_domain,high,false,false,false,false,false,It opens reflection on a distance present even during an enjoyable meeting.
E007/L035,E007,L035,久しぶりに会ったら楽しかった。でも次の約束をすぐ決めたい感じではなかった。,空いた席は、不在より先に距離を語る。,50,50,b_v2_band_sensitivity_codex_review_v1,codex_provisional,true,false,too_far,weak_connection,medium,false,false,false,false,false,"Codex provisional: the Line meaning '不在の可視化' has a conceivable bridge, but it is too indirect to support the Entry reliably."
E007/L036,E007,L036,久しぶりに会ったら楽しかった。でも次の約束をすぐ決めたい感じではなかった。,離れたあとで、近すぎた音が聞こえる。,254,184,b_v2_band_sensitivity_codex_review_v1,codex_provisional,true,true,just_right,same_domain,medium,false,false,false,false,false,Codex provisional: the Line meaning '距離後の再評価' provides a usable reflective bridge without merely restating the Entry.
E007/L037,E007,L037,久しぶりに会ったら楽しかった。でも次の約束をすぐ決めたい感じではなかった。,境界は壁ではなく、二つの場所の名前でもある。,8,8,b_v2_band_sensitivity_codex_review_v1,codex_provisional,true,false,too_far,weak_connection,medium,false,false,false,false,false,"Codex provisional: the Line meaning '境界の両義性' has a conceivable bridge, but it is too indirect to support the Entry reliably."
E007/L062,E007,L062,久しぶりに会ったら楽しかった。でも次の約束をすぐ決めたい感じではなかった。,便利になった場所にも、馴染むまでの影がある。,2,2,b_v2_band_sensitivity_codex_review_v1,codex_provisional,true,false,not_obserbing,unrelated,high,false,false,false,false,true,Codex provisional: the Line meaning '改善と馴染み' does not provide a meaningful bridge to the Entry.
E007/L063,E007,L063,久しぶりに会ったら楽しかった。でも次の約束をすぐ決めたい感じではなかった。,新しいものの箱には、古いものの時間も入る。,16,16,b_v2_band_sensitivity_codex_review_v1,codex_provisional,true,false,too_far,weak_connection,medium,false,false,false,false,false,"Codex provisional: the Line meaning '更新と過去' has a conceivable bridge, but it is too indirect to support the Entry reliably."
E007/L066,E007,L066,久しぶりに会ったら楽しかった。でも次の約束をすぐ決めたい感じではなかった。,手放した場所に、手の形だけがしばらく残る。,192,192,b_v2_integrated_codex_judgments_v1,codex_integrated_v1,true,true,just_right,analogical_transfer,low,true,false,false,false,false,The residual shape after release may illuminate warmth without wanting another appointment but the bridge is ambiguous.
E007/L071,E007,L071,久しぶりに会ったら楽しかった。でも次の約束をすぐ決めたい感じではなかった。,戻ってきたものにも、戻らなかった時間がある。,894,504,b_v2_band_sensitivity_codex_review_v1,codex_provisional,true,true,just_right,analogical_transfer,low,true,false,false,false,false,Codex provisional: the Line meaning '回復と失われた時間' provides a usable reflective bridge without merely restating the Entry.
E007/L075,E007,L075,久しぶりに会ったら楽しかった。でも次の約束をすぐ決めたい感じではなかった。,なくしたものの大きさは、探した時間にも宿る。,2,2,b_v2_band_sensitivity_codex_review_v1,codex_provisional,true,false,not_obserbing,unrelated,high,false,false,false,false,true,Codex provisional: the Line meaning '探索時間と価値' does not provide a meaningful bridge to the Entry.
E007/L076,E007,L076,久しぶりに会ったら楽しかった。でも次の約束をすぐ決めたい感じではなかった。,終わった線の先にも、同じ紙が続いている。,226,213,b_v2_band_sensitivity_codex_review_v1,codex_provisional,true,false,too_far,weak_connection,low,true,false,false,false,false,"Codex provisional: the Line meaning '終結と継続' has a conceivable bridge, but it is too indirect to support the Entry reliably."
E007/L082,E007,L082,久しぶりに会ったら楽しかった。でも次の約束をすぐ決めたい感じではなかった。,静かな日は、自分の声の距離がよくわかる。,51,51,b_v2_band_sensitivity_codex_review_v1,codex_provisional,true,false,too_far,weak_connection,medium,false,false,false,false,false,"Codex provisional: the Line meaning '静けさと自己の声' has a conceivable bridge, but it is too indirect to support the Entry reliably."
E007/L091,E007,L091,久しぶりに会ったら楽しかった。でも次の約束をすぐ決めたい感じではなかった。,先の予定をめくる指の下で、今日も一枚になっていく。,179,174,b_v2_integrated_codex_judgments_v1,codex_integrated_v1,true,false,not_obserbing,unrelated,high,false,false,false,false,true,Turning today into a calendar page does not connect to enjoying a meeting without seeking the next one.
E007/L093,E007,L093,久しぶりに会ったら楽しかった。でも次の約束をすぐ決めたい感じではなかった。,十二枚の紙にも、長かった午後は折りたためない。,1,1,b_v2_band_sensitivity_codex_review_v1,codex_provisional,true,false,not_obserbing,unrelated,high,false,false,false,false,true,Codex provisional: the Line meaning '暦と体感時間' does not provide a meaningful bridge to the Entry.
E007/L094,E007,L094,久しぶりに会ったら楽しかった。でも次の約束をすぐ決めたい感じではなかった。,時計は同じ幅で進み、日は違う深さで残る。,14,14,b_v2_band_sensitivity_codex_review_v1,codex_provisional,true,false,too_far,weak_connection,medium,false,false,false,false,false,"Codex provisional: the Line meaning '客観時間と体感' has a conceivable bridge, but it is too indirect to support the Entry reliably."
E007/L097,E007,L097,久しぶりに会ったら楽しかった。でも次の約束をすぐ決めたい感じではなかった。,未来を見ている間も、足元は静かに通り過ぎる。,3,3,b_v2_band_sensitivity_codex_review_v1,codex_provisional,true,false,too_far,weak_connection,medium,false,false,false,false,false,"Codex provisional: the Line meaning '未来と現在の通過' has a conceivable bridge, but it is too indirect to support the Entry reliably."
E008/L012,E008,L012,"相手の話を聞いていたつもりだった。
帰ってから、自分が話す番を待っていただけだったかもしれないと思った。",わからなさは、空白ではなく形の途中かもしれない。,3,3,b_v2_band_sensitivity_codex_review_v1,codex_provisional,true,false,too_far,weak_connection,medium,false,false,false,false,false,"Codex provisional: the Line meaning '未確定な状態' has a conceivable bridge, but it is too indirect to support the Entry reliably."
E008/L013,E008,L013,"相手の話を聞いていたつもりだった。
帰ってから、自分が話す番を待っていただけだったかもしれないと思った。",霧の中では、近いものまで遠く見える。,12,12,b_v2_band_sensitivity_codex_review_v1,codex_provisional,true,false,too_far,weak_connection,medium,false,false,false,false,false,"Codex provisional: the Line meaning '不確実性による距離感' has a conceivable bridge, but it is too indirect to support the Entry reliably."
E008/L014,E008,L014,"相手の話を聞いていたつもりだった。
帰ってから、自分が話す番を待っていただけだったかもしれないと思った。",予想は、未来より今の輪郭を映す。,3,3,b_v2_band_sensitivity_codex_review_v1,codex_provisional,true,false,too_far,weak_connection,medium,false,false,false,false,false,"Codex provisional: the Line meaning '予想と現在認識' has a conceivable bridge, but it is too indirect to support the Entry reliably."
E008/L015,E008,L015,"相手の話を聞いていたつもりだった。
帰ってから、自分が話す番を待っていただけだったかもしれないと思った。",まだ起きていないことにも、影はできる。,42,42,b_v2_band_sensitivity_codex_review_v1,codex_provisional,true,true,just_right,analogical_transfer,low,true,false,false,false,false,Codex provisional: the Line meaning '予期の影響' provides a usable reflective bridge without merely restating the Entry.
E008/L021,E008,L021,"相手の話を聞いていたつもりだった。
帰ってから、自分が話す番を待っていただけだったかもしれないと思った。",会話のあとに残る声は、話した人のものだけではない。,38,38,reflective_distance_human_review_v1,human_review,false,true,just_right,same_domain,human_confirmed,false,false,false,false,false,Product-owner decision normalized to reflective-distance-v1.
E008/L024,E008,L024,"相手の話を聞いていたつもりだった。
帰ってから、自分が話す番を待っていただけだったかもしれないと思った。",返事のない時間も、関係の外ではない。,33,33,b_v2_band_sensitivity_codex_review_v1,codex_provisional,true,false,too_far,weak_connection,medium,false,false,false,false,false,"Codex provisional: the Line meaning '沈黙と関係' has a conceivable bridge, but it is too indirect to support the Entry reliably."
E008/L025,E008,L025,"相手の話を聞いていたつもりだった。
帰ってから、自分が話す番を待っていただけだったかもしれないと思った。",聞いていた言葉と、待っていた言葉は似ている。,144,144,reflective_distance_codex_judgments_v1,codex_reassessment,true,false,too_close,direct_restatement,high,false,false,false,false,false,聞いていたことと話すのを待っていたことの差をEntryと同じ語で言い換える
E008/L032,E008,L032,"相手の話を聞いていたつもりだった。
帰ってから、自分が話す番を待っていただけだったかもしれないと思った。",返さなかった言葉のぶん、静かな場所ができる。,156,132,reflective_distance_codex_judgments_v1,codex_reassessment,true,true,just_right,analogical_transfer,medium,false,false,false,false,false,発しなかった自分の言葉への待機を返さなかった言葉が作る静かな場所として照らす
E008/L033,E008,L033,"相手の話を聞いていたつもりだった。
帰ってから、自分が話す番を待っていただけだったかもしれないと思った。",遠くから見える輪郭もある。,23,23,b_v2_band_sensitivity_codex_review_v1,codex_provisional,true,true,just_right,analogical_transfer,medium,false,false,false,false,false,Codex provisional: the Line meaning '距離による認識' provides a usable reflective bridge without merely restating the Entry.
E008/L054,E008,L054,"相手の話を聞いていたつもりだった。
帰ってから、自分が話す番を待っていただけだったかもしれないと思った。",失敗のあとに普通の声がすると、世界の続きが見える。,67,67,b_v2_band_sensitivity_codex_review_v1,codex_provisional,true,false,not_obserbing,unrelated,high,false,false,false,false,true,Codex provisional: the Line meaning '失敗後の平常' does not provide a meaningful bridge to the Entry.
E008/L064,E008,L064,"相手の話を聞いていたつもりだった。
帰ってから、自分が話す番を待っていただけだったかもしれないと思った。",変わったあとで、望んでいた形が見直される。,120,120,b_v2_integrated_codex_judgments_v1,codex_integrated_v1,true,false,too_far,weak_connection,medium,false,false,false,false,false,Both involve later reconsideration but the Line's changed desired form lacks a clear conversational bridge.
E008/L067,E008,L067,"相手の話を聞いていたつもりだった。
帰ってから、自分が話す番を待っていただけだったかもしれないと思った。",同じ道の景色が変わると、歩幅も少し変わる。,12,12,b_v2_band_sensitivity_codex_review_v1,codex_provisional,true,false,not_obserbing,unrelated,high,false,false,false,false,true,Codex provisional: the Line meaning '環境変化と感覚' does not provide a meaningful bridge to the Entry.
E008/L082,E008,L082,"相手の話を聞いていたつもりだった。
帰ってから、自分が話す番を待っていただけだったかもしれないと思った。",静かな日は、自分の声の距離がよくわかる。,70,70,b_v2_band_sensitivity_codex_review_v1,codex_provisional,true,true,just_right,analogical_transfer,medium,false,false,false,false,false,Codex provisional: the Line meaning '静けさと自己の声' provides a usable reflective bridge without merely restating the Entry.
E008/L084,E008,L084,"相手の話を聞いていたつもりだった。
帰ってから、自分が話す番を待っていただけだったかもしれないと思った。",誰にも聞かれなかった声は、消えたわけではない。,116,114,b_v2_band_sensitivity_codex_review_v1,codex_provisional,true,true,just_right,analogical_transfer,low,true,false,false,false,false,Codex provisional: the Line meaning '未共有の存在' provides a usable reflective bridge without merely restating the Entry.
E008/L095,E008,L095,"相手の話を聞いていたつもりだった。
帰ってから、自分が話す番を待っていただけだったかもしれないと思った。",過ぎたあとで長くなる時間もある。,126,126,b_v2_band_sensitivity_codex_review_v1,codex_provisional,true,false,too_far,weak_connection,medium,false,false,false,false,false,"Codex provisional: the Line meaning '回想による時間変化' has a conceivable bridge, but it is too indirect to support the Entry reliably."
E008/L101,E008,L101,"相手の話を聞いていたつもりだった。
帰ってから、自分が話す番を待っていただけだったかもしれないと思った。",主語のない期待も、肩には重さを残す。,24,24,b_v2_band_sensitivity_codex_review_v1,codex_provisional,true,false,too_far,weak_connection,medium,false,false,false,false,false,"Codex provisional: the Line meaning '出所不明の期待' has a conceivable bridge, but it is too indirect to support the Entry reliably."
E008/L103,E008,L103,"相手の話を聞いていたつもりだった。
帰ってから、自分が話す番を待っていただけだったかもしれないと思った。",『もっと』は、いつも少し早く席に着いている。,76,76,b_v2_band_sensitivity_codex_review_v1,codex_provisional,true,false,too_far,weak_connection,medium,false,false,false,false,false,"Codex provisional: the Line meaning '常在する追加要求' has a conceivable bridge, but it is too indirect to support the Entry reliably."
E008/L107,E008,L107,"相手の話を聞いていたつもりだった。
帰ってから、自分が話す番を待っていただけだったかもしれないと思った。",期待の影は、持ち主より先に伸びることがある。,80,80,b_v2_integrated_codex_judgments_v1,codex_integrated_v1,true,false,too_far,weak_connection,low,true,false,false,false,false,Expectation might map to waiting for one's turn but the ownership and structural connection remain ambiguous.
E008/L112,E008,L112,"相手の話を聞いていたつもりだった。
帰ってから、自分が話す番を待っていただけだったかもしれないと思った。",いつもの灯りがないだけで、道は別の長さになる。,105,105,b_v2_integrated_codex_judgments_v1,codex_integrated_v1,true,false,not_obserbing,unrelated,high,false,false,false,false,true,A missing light changing road length has no discoverable bridge to mistaking turn-waiting for listening.
E009/L016,E009,L016,嫌いではない。それだけでは近くにいる理由にならないのかもしれない。,同じ重さの根拠は、静かに釣り合う。,3,3,b_v2_band_sensitivity_codex_review_v1,codex_provisional,true,false,too_far,weak_connection,medium,false,false,false,false,false,"Codex provisional: the Line meaning '相反する根拠の均衡' has a conceivable bridge, but it is too indirect to support the Entry reliably."
E009/L022,E009,L022,嫌いではない。それだけでは近くにいる理由にならないのかもしれない。,親しさにも、呼吸する間がある。,5,5,b_v2_band_sensitivity_codex_review_v1,codex_provisional,true,true,just_right,same_domain,medium,false,false,false,false,false,Codex provisional: the Line meaning '親しさと間隔' provides a usable reflective bridge without merely restating the Entry.
E009/L024,E009,L024,嫌いではない。それだけでは近くにいる理由にならないのかもしれない。,返事のない時間も、関係の外ではない。,45,45,b_v2_band_sensitivity_codex_review_v1,codex_provisional,true,true,just_right,same_domain,medium,false,false,false,false,false,Codex provisional: the Line meaning '沈黙と関係' provides a usable reflective bridge without merely restating the Entry.
E009/L026,E009,L026,嫌いではない。それだけでは近くにいる理由にならないのかもしれない。,近くにいる理由は、近さだけでは測れない。,35,35,reflective_distance_codex_judgments_v1,codex_reassessment,true,false,too_close,direct_restatement,medium,false,false,false,false,false,近くにいる理由への疑問を近さだけでは測れないという答えにまとめる
E009/L031,E009,L031,嫌いではない。それだけでは近くにいる理由にならないのかもしれない。,距離は、離れたときだけ生まれるものではない。,11,11,b_v2_band_sensitivity_codex_review_v1,codex_provisional,true,true,just_right,same_domain,medium,false,false,false,false,false,Codex provisional: the Line meaning '心理的距離の多様性' provides a usable reflective bridge without merely restating the Entry.
E009/L034,E009,L034,嫌いではない。それだけでは近くにいる理由にならないのかもしれない。,近さを測る物差しは、日によって伸び縮みする。,278,278,b_v2_integrated_codex_judgments_v1,codex_integrated_v1,true,true,just_right,same_domain,high,false,false,false,false,false,A variable measure of closeness directly opens the Entry's tension without completing it.
E009/L035,E009,L035,嫌いではない。それだけでは近くにいる理由にならないのかもしれない。,空いた席は、不在より先に距離を語る。,3,3,b_v2_band_sensitivity_codex_review_v1,codex_provisional,true,false,too_far,weak_connection,medium,false,false,false,false,false,"Codex provisional: the Line meaning '不在の可視化' has a conceivable bridge, but it is too indirect to support the Entry reliably."
E009/L036,E009,L036,嫌いではない。それだけでは近くにいる理由にならないのかもしれない。,離れたあとで、近すぎた音が聞こえる。,743,552,reflective_distance_codex_judgments_v1,codex_reassessment,true,true,just_right,same_domain,medium,false,false,false,false,false,近くにいる理由への迷いを離れて初めて聞こえる近すぎた音としてずらして見せる
E009/L037,E009,L037,嫌いではない。それだけでは近くにいる理由にならないのかもしれない。,境界は壁ではなく、二つの場所の名前でもある。,99,99,b_v2_band_sensitivity_codex_review_v1,codex_provisional,true,true,just_right,same_domain,medium,false,false,false,false,false,Codex provisional: the Line meaning '境界の両義性' provides a usable reflective bridge without merely restating the Entry.
E009/L038,E009,L038,嫌いではない。それだけでは近くにいる理由にならないのかもしれない。,間を置くと、途切れたものと続いているものが分かれる。,126,126,b_v2_integrated_codex_judgments_v1,codex_integrated_v1,true,true,just_right,same_domain,high,false,false,false,false,false,A pause distinguishing continuity from rupture meaningfully reframes uncertainty about staying close.
E009/L045,E009,L045,嫌いではない。それだけでは近くにいる理由にならないのかもしれない。,反対しなかった声も、賛成の中には溶けきらない。,324,279,reflective_distance_codex_judgments_v1,codex_reassessment,true,true,just_right,analogical_transfer,high,false,false,false,false,false,嫌いでないことを近くにいる肯定と同一視できない構造を反対と賛成の間へ転写する
E009/L062,E009,L062,嫌いではない。それだけでは近くにいる理由にならないのかもしれない。,便利になった場所にも、馴染むまでの影がある。,62,44,b_v2_band_sensitivity_codex_review_v1,codex_provisional,true,false,not_obserbing,unrelated,high,false,false,false,false,true,Codex provisional: the Line meaning '改善と馴染み' does not provide a meaningful bridge to the Entry.
E009/L076,E009,L076,嫌いではない。それだけでは近くにいる理由にならないのかもしれない。,終わった線の先にも、同じ紙が続いている。,22,22,b_v2_band_sensitivity_codex_review_v1,codex_provisional,true,true,just_right,analogical_transfer,medium,false,false,false,false,false,Codex provisional: the Line meaning '終結と継続' provides a usable reflective bridge without merely restating the Entry.
E009/L077,E009,L077,嫌いではない。それだけでは近くにいる理由にならないのかもしれない。,捨てなかった箱は、まだ決めていない時間を守る。,12,12,b_v2_band_sensitivity_codex_review_v1,codex_provisional,true,true,just_right,analogical_transfer,low,true,false,false,false,false,Codex provisional: the Line meaning '保留された手放し' provides a usable reflective bridge without merely restating the Entry.
E009/L078,E009,L078,嫌いではない。それだけでは近くにいる理由にならないのかもしれない。,不在は、ときどき物より先に部屋へ着く。,2,2,b_v2_band_sensitivity_codex_review_v1,codex_provisional,true,false,too_far,weak_connection,medium,false,false,false,false,false,"Codex provisional: the Line meaning '不在の感覚' has a conceivable bridge, but it is too indirect to support the Entry reliably."
E010/L007,E010,L007,連絡を返さないまま三日たった。返したくないというより、今の距離が静かだ。,扉は、開ける音より閉じる音の方が長く残る。,254,246,b_v2_integrated_codex_judgments_v1,codex_integrated_v1,true,true,just_right,analogical_transfer,medium,false,false,false,false,false,A closing door whose sound remains maps withdrawal and the lingering meaning of an unanswered message.
E010/L012,E010,L012,連絡を返さないまま三日たった。返したくないというより、今の距離が静かだ。,わからなさは、空白ではなく形の途中かもしれない。,30,30,b_v2_band_sensitivity_codex_review_v1,codex_provisional,true,false,too_far,weak_connection,medium,false,false,false,false,false,"Codex provisional: the Line meaning '未確定な状態' has a conceivable bridge, but it is too indirect to support the Entry reliably."
E010/L013,E010,L013,連絡を返さないまま三日たった。返したくないというより、今の距離が静かだ。,霧の中では、近いものまで遠く見える。,27,27,b_v2_band_sensitivity_codex_review_v1,codex_provisional,true,true,just_right,analogical_transfer,low,true,false,false,false,false,Codex provisional: the Line meaning '不確実性による距離感' provides a usable reflective bridge without merely restating the Entry.
E010/L022,E010,L022,連絡を返さないまま三日たった。返したくないというより、今の距離が静かだ。,親しさにも、呼吸する間がある。,39,35,b_v2_band_sensitivity_codex_review_v1,codex_provisional,true,true,just_right,analogical_transfer,medium,false,false,false,false,false,Codex provisional: the Line meaning '親しさと間隔' provides a usable reflective bridge without merely restating the Entry.
E010/L024,E010,L024,連絡を返さないまま三日たった。返したくないというより、今の距離が静かだ。,返事のない時間も、関係の外ではない。,225,225,reflective_distance_codex_judgments_v1,codex_reassessment,true,true,just_right,same_domain,medium,false,false,false,false,false,返事をしない静かな距離も関係の一部だと捉え直しつつ結論は決めない
E010/L025,E010,L025,連絡を返さないまま三日たった。返したくないというより、今の距離が静かだ。,聞いていた言葉と、待っていた言葉は似ている。,39,39,b_v2_band_sensitivity_codex_review_v1,codex_provisional,true,false,not_obserbing,unrelated,high,false,false,false,false,true,Codex provisional: the Line meaning '聞くことと発話待ち' does not provide a meaningful bridge to the Entry.
E010/L031,E010,L031,連絡を返さないまま三日たった。返したくないというより、今の距離が静かだ。,距離は、離れたときだけ生まれるものではない。,140,140,b_v2_integrated_codex_judgments_v1,codex_integrated_v1,true,true,just_right,same_domain,medium,false,false,false,false,false,It broadens the stated distance beyond simple physical separation without prescribing an answer.
E010/L032,E010,L032,連絡を返さないまま三日たった。返したくないというより、今の距離が静かだ。,返さなかった言葉のぶん、静かな場所ができる。,63,63,reflective_distance_codex_judgments_v1,codex_reassessment,true,false,too_close,direct_restatement,high,false,false,false,false,false,返事をしないことで生じる静かな距離をほぼそのまま言い換える
E010/L033,E010,L033,連絡を返さないまま三日たった。返したくないというより、今の距離が静かだ。,遠くから見える輪郭もある。,33,33,b_v2_band_sensitivity_codex_review_v1,codex_provisional,true,true,just_right,same_domain,medium,false,false,false,false,false,Codex provisional: the Line meaning '距離による認識' provides a usable reflective bridge without merely restating the Entry.
E010/L034,E010,L034,連絡を返さないまま三日たった。返したくないというより、今の距離が静かだ。,近さを測る物差しは、日によって伸び縮みする。,30,30,b_v2_band_sensitivity_codex_review_v1,codex_provisional,true,true,just_right,same_domain,medium,false,false,false,false,false,Codex provisional: the Line meaning '距離感の変動' provides a usable reflective bridge without merely restating the Entry.
E010/L035,E010,L035,連絡を返さないまま三日たった。返したくないというより、今の距離が静かだ。,空いた席は、不在より先に距離を語る。,20,20,b_v2_band_sensitivity_codex_review_v1,codex_provisional,true,true,just_right,same_domain,medium,false,false,false,false,false,Codex provisional: the Line meaning '不在の可視化' provides a usable reflective bridge without merely restating the Entry.
E010/L036,E010,L036,連絡を返さないまま三日たった。返したくないというより、今の距離が静かだ。,離れたあとで、近すぎた音が聞こえる。,236,222,b_v2_band_sensitivity_codex_review_v1,codex_provisional,true,true,just_right,same_domain,medium,false,false,false,false,false,Codex provisional: the Line meaning '距離後の再評価' provides a usable reflective bridge without merely restating the Entry.
E010/L037,E010,L037,連絡を返さないまま三日たった。返したくないというより、今の距離が静かだ。,境界は壁ではなく、二つの場所の名前でもある。,2,2,b_v2_band_sensitivity_codex_review_v1,codex_provisional,true,true,just_right,same_domain,medium,false,false,false,false,false,Codex provisional: the Line meaning '境界の両義性' provides a usable reflective bridge without merely restating the Entry.
E010/L068,E010,L068,連絡を返さないまま三日たった。返したくないというより、今の距離が静かだ。,更新されたものには、更新されなかった部分がよく見える。,4,4,b_v2_band_sensitivity_codex_review_v1,codex_provisional,true,false,too_far,weak_connection,medium,false,false,false,false,false,"Codex provisional: the Line meaning '変化と残存' has a conceivable bridge, but it is too indirect to support the Entry reliably."
E010/L074,E010,L074,連絡を返さないまま三日たった。返したくないというより、今の距離が静かだ。,空になった場所は、前より広く見える。,32,32,b_v2_band_sensitivity_codex_review_v1,codex_provisional,true,true,just_right,analogical_transfer,low,true,false,false,false,false,Codex provisional: the Line meaning '不在と空間' provides a usable reflective bridge without merely restating the Entry.
E010/L076,E010,L076,連絡を返さないまま三日たった。返したくないというより、今の距離が静かだ。,終わった線の先にも、同じ紙が続いている。,24,24,b_v2_band_sensitivity_codex_review_v1,codex_provisional,true,true,just_right,analogical_transfer,medium,false,false,false,false,false,Codex provisional: the Line meaning '終結と継続' provides a usable reflective bridge without merely restating the Entry.
E010/L082,E010,L082,連絡を返さないまま三日たった。返したくないというより、今の距離が静かだ。,静かな日は、自分の声の距離がよくわかる。,535,430,b_v2_integrated_codex_judgments_v1,codex_integrated_v1,true,false,too_close,direct_restatement,medium,false,false,false,false,false,Quiet revealing the distance of one's voice closely paraphrases the Entry's quiet distance.
E010/L085,E010,L085,連絡を返さないまま三日たった。返したくないというより、今の距離が静かだ。,空席の数と、孤独の数は一致しない。,60,60,b_v2_band_sensitivity_codex_review_v1,codex_provisional,true,true,just_right,analogical_transfer,medium,false,false,false,false,false,Codex provisional: the Line meaning '物理的単独と孤独感' provides a usable reflective bridge without merely restating the Entry.
E010/L087,E010,L087,連絡を返さないまま三日たった。返したくないというより、今の距離が静かだ。,静けさを望んだ耳も、静けさを確かめる。,473,355,reflective_distance_codex_judgments_v1,codex_reassessment,true,true,just_right,analogical_transfer,high,false,false,false,false,false,静けさを選びながらその距離を確かめる動きを静けさを聞く耳へ転写する
E011/L013,E011,L013,"近況を詳しく説明しなくてもいい相手だと思っていた。
だからこそ、何も言わないままなのが少し気になる。",霧の中では、近いものまで遠く見える。,90,90,b_v2_band_sensitivity_codex_review_v1,codex_provisional,true,false,too_far,weak_connection,medium,false,false,false,false,false,"Codex provisional: the Line meaning '不確実性による距離感' has a conceivable bridge, but it is too indirect to support the Entry reliably."
E011/L021,E011,L021,"近況を詳しく説明しなくてもいい相手だと思っていた。
だからこそ、何も言わないままなのが少し気になる。",会話のあとに残る声は、話した人のものだけではない。,315,315,b_v2_integrated_codex_judgments_v1,codex_integrated_v1,true,false,too_far,weak_connection,medium,false,false,false,false,false,Voices remaining after conversation only loosely connect to concern about saying nothing.
E011/L022,E011,L022,"近況を詳しく説明しなくてもいい相手だと思っていた。
だからこそ、何も言わないままなのが少し気になる。",親しさにも、呼吸する間がある。,117,117,b_v2_band_sensitivity_codex_review_v1,codex_provisional,true,true,just_right,analogical_transfer,medium,false,false,false,false,false,Codex provisional: the Line meaning '親しさと間隔' provides a usable reflective bridge without merely restating the Entry.
E011/L024,E011,L024,"近況を詳しく説明しなくてもいい相手だと思っていた。
だからこそ、何も言わないままなのが少し気になる。",返事のない時間も、関係の外ではない。,81,81,b_v2_band_sensitivity_codex_review_v1,codex_provisional,true,false,too_close,direct_restatement,high,false,false,false,false,false,Codex provisional: the Line meaning '沈黙と関係' follows the Entry structure too directly to create reflective distance.
E011/L032,E011,L032,"近況を詳しく説明しなくてもいい相手だと思っていた。
だからこそ、何も言わないままなのが少し気になる。",返さなかった言葉のぶん、静かな場所ができる。,846,463,b_v2_integrated_codex_judgments_v1,codex_integrated_v1,true,false,too_close,direct_restatement,high,false,false,false,false,false,Unreturned words creating quiet closely restates the unspoken communication in the Entry.
E011/L038,E011,L038,"近況を詳しく説明しなくてもいい相手だと思っていた。
だからこそ、何も言わないままなのが少し気になる。",間を置くと、途切れたものと続いているものが分かれる。,41,41,b_v2_band_sensitivity_codex_review_v1,codex_provisional,true,true,just_right,same_domain,medium,false,false,false,false,false,Codex provisional: the Line meaning '間隔による関係の識別' provides a usable reflective bridge without merely restating the Entry.
E011/L045,E011,L045,"近況を詳しく説明しなくてもいい相手だと思っていた。
だからこそ、何も言わないままなのが少し気になる。",反対しなかった声も、賛成の中には溶けきらない。,107,107,b_v2_band_sensitivity_codex_review_v1,codex_provisional,true,true,just_right,analogical_transfer,low,true,false,false,false,false,Codex provisional: the Line meaning '沈黙と立場' provides a usable reflective bridge without merely restating the Entry.
E011/L081,E011,L081,"近況を詳しく説明しなくてもいい相手だと思っていた。
だからこそ、何も言わないままなのが少し気になる。",一人分の食卓にも、二つ目の言葉が置かれる場所がある。,26,26,b_v2_band_sensitivity_codex_review_v1,codex_provisional,true,true,just_right,analogical_transfer,low,true,false,false,false,false,Codex provisional: the Line meaning '一人の時間と未共有' provides a usable reflective bridge without merely restating the Entry.
E011/L082,E011,L082,"近況を詳しく説明しなくてもいい相手だと思っていた。
だからこそ、何も言わないままなのが少し気になる。",静かな日は、自分の声の距離がよくわかる。,60,60,b_v2_band_sensitivity_codex_review_v1,codex_provisional,true,true,just_right,analogical_transfer,medium,false,false,false,false,false,Codex provisional: the Line meaning '静けさと自己の声' provides a usable reflective bridge without merely restating the Entry.
E011/L085,E011,L085,"近況を詳しく説明しなくてもいい相手だと思っていた。
だからこそ、何も言わないままなのが少し気になる。",空席の数と、孤独の数は一致しない。,117,117,b_v2_integrated_codex_judgments_v1,codex_integrated_v1,true,true,just_right,analogical_transfer,low,true,false,false,false,false,Empty seats not equaling loneliness may map comfortable intimacy and a troubling silence but the connection is ambiguous.
E012/L001,E012,L001,離れてみて、遠かったのか近すぎたのか、まだわからない。,選ばなかった方も、しばらく隣を歩く。,48,48,b_v2_band_sensitivity_codex_review_v1,codex_provisional,true,true,just_right,analogical_transfer,low,true,false,false,false,false,Codex provisional: the Line meaning '選択後に残る別の可能性' provides a usable reflective bridge without merely restating the Entry.
E012/L004,E012,L004,離れてみて、遠かったのか近すぎたのか、まだわからない。,分かれ道は、通り過ぎても消えない。,2,2,b_v2_band_sensitivity_codex_review_v1,codex_provisional,true,true,just_right,analogical_transfer,low,true,false,false,false,false,Codex provisional: the Line meaning '選択の記憶' provides a usable reflective bridge without merely restating the Entry.
E012/L005,E012,L005,離れてみて、遠かったのか近すぎたのか、まだわからない。,答えより先に、選んだという事実が残る。,4,4,b_v2_band_sensitivity_codex_review_v1,codex_provisional,true,false,too_far,weak_connection,medium,false,false,false,false,false,"Codex provisional: the Line meaning '決定の事実性' has a conceivable bridge, but it is too indirect to support the Entry reliably."
E012/L008,E012,L008,離れてみて、遠かったのか近すぎたのか、まだわからない。,決めかけた言葉には、まだ余白がある。,158,158,b_v2_integrated_codex_judgments_v1,codex_integrated_v1,true,false,not_obserbing,unrelated,high,false,false,false,false,true,Half-decided words do not connect to reassessing distance after separation.
E012/L012,E012,L012,離れてみて、遠かったのか近すぎたのか、まだわからない。,わからなさは、空白ではなく形の途中かもしれない。,13,13,b_v2_band_sensitivity_codex_review_v1,codex_provisional,true,true,just_right,analogical_transfer,medium,false,false,false,false,false,Codex provisional: the Line meaning '未確定な状態' provides a usable reflective bridge without merely restating the Entry.
E012/L022,E012,L022,離れてみて、遠かったのか近すぎたのか、まだわからない。,親しさにも、呼吸する間がある。,567,531,b_v2_band_sensitivity_codex_review_v1,codex_provisional,true,true,just_right,analogical_transfer,medium,false,false,false,false,false,Codex provisional: the Line meaning '親しさと間隔' provides a usable reflective bridge without merely restating the Entry.
E012/L031,E012,L031,離れてみて、遠かったのか近すぎたのか、まだわからない。,距離は、離れたときだけ生まれるものではない。,75,45,reflective_distance_codex_judgments_v1,codex_reassessment,true,true,just_right,same_domain,medium,false,false,false,false,false,物理的に離れる前から関係の距離があり得ると示して遠近の問いを開いたままにする
E012/L035,E012,L035,離れてみて、遠かったのか近すぎたのか、まだわからない。,空いた席は、不在より先に距離を語る。,409,385,b_v2_integrated_codex_judgments_v1,codex_integrated_v1,true,true,just_right,same_domain,high,false,false,false,false,false,An empty seat speaking distance makes absence concrete without deciding which distance was correct.
E012/L036,E012,L036,離れてみて、遠かったのか近すぎたのか、まだわからない。,離れたあとで、近すぎた音が聞こえる。,189,138,reflective_distance_codex_judgments_v1,codex_reassessment,true,true,just_right,same_domain,medium,false,false,false,false,false,離れた後に近すぎたものが聞こえるという逆説でEntryの未確定な距離を照らす
E012/L037,E012,L037,離れてみて、遠かったのか近すぎたのか、まだわからない。,境界は壁ではなく、二つの場所の名前でもある。,4,4,b_v2_band_sensitivity_codex_review_v1,codex_provisional,true,true,just_right,same_domain,medium,false,false,false,false,false,Codex provisional: the Line meaning '境界の両義性' provides a usable reflective bridge without merely restating the Entry.
E012/L066,E012,L066,離れてみて、遠かったのか近すぎたのか、まだわからない。,手放した場所に、手の形だけがしばらく残る。,93,93,b_v2_band_sensitivity_codex_review_v1,codex_provisional,true,true,just_right,analogical_transfer,medium,false,false,false,false,false,Codex provisional: the Line meaning '手放しの余韻' provides a usable reflective bridge without merely restating the Entry.
E012/L078,E012,L078,離れてみて、遠かったのか近すぎたのか、まだわからない。,不在は、ときどき物より先に部屋へ着く。,75,75,b_v2_band_sensitivity_codex_review_v1,codex_provisional,true,true,just_right,analogical_transfer,medium,false,false,false,false,false,Codex provisional: the Line meaning '不在の感覚' provides a usable reflective bridge without merely restating the Entry.
E012/L082,E012,L082,離れてみて、遠かったのか近すぎたのか、まだわからない。,静かな日は、自分の声の距離がよくわかる。,575,530,b_v2_integrated_codex_judgments_v1,codex_integrated_v1,true,true,just_right,same_domain,medium,false,false,false,false,false,Quiet revealing voice-distance offers a reflective angle on whether the relationship was far or too close.
E012/L093,E012,L093,離れてみて、遠かったのか近すぎたのか、まだわからない。,十二枚の紙にも、長かった午後は折りたためない。,120,120,b_v2_band_sensitivity_codex_review_v1,codex_provisional,true,false,not_obserbing,unrelated,high,false,false,false,false,true,Codex provisional: the Line meaning '暦と体感時間' does not provide a meaningful bridge to the Entry.
E012/L118,E012,L118,離れてみて、遠かったのか近すぎたのか、まだわからない。,同じ景色を通るたび、同じではないものが増える。,60,60,b_v2_band_sensitivity_codex_review_v1,codex_provisional,true,false,not_obserbing,unrelated,high,false,false,false,false,true,Codex provisional: the Line meaning '反復と変化' does not provide a meaningful bridge to the Entry.
E013/L032,E013,L032,今日はずっと忙しかったのに、何を進めたのか説明しようとすると言葉がない。,返さなかった言葉のぶん、静かな場所ができる。,30,15,b_v2_band_sensitivity_codex_review_v1,codex_provisional,true,false,not_obserbing,unrelated,high,false,false,false,false,true,Codex provisional: the Line meaning '未返信と静けさ' does not provide a meaningful bridge to the Entry.
E013/L041,E013,L041,今日はずっと忙しかったのに、何を進めたのか説明しようとすると言葉がない。,忙しさは、進んだ距離と同じ単位では測れない。,1320,540,reflective_distance_codex_judgments_v1,codex_reassessment,true,false,too_close,direct_restatement,medium,false,false,false,false,false,忙しさと進んだ量が一致しないというEntryの問題を尺度の違いとして完成させる
E013/L047,E013,L047,今日はずっと忙しかったのに、何を進めたのか説明しようとすると言葉がない。,手を止めても、考えていた速度はすぐには止まらない。,284,143,b_v2_band_sensitivity_codex_review_v1,codex_provisional,true,false,too_far,weak_connection,medium,false,false,false,false,false,"Codex provisional: the Line meaning '作業後の慣性' has a conceivable bridge, but it is too indirect to support the Entry reliably."
E013/L048,E013,L048,今日はずっと忙しかったのに、何を進めたのか説明しようとすると言葉がない。,進捗のない日にも、使われた時間の跡はある。,11,8,reflective_distance_codex_judgments_v1,codex_reassessment,true,true,just_right,same_domain,medium,false,false,false,false,false,成果を説明できない一日にも使った時間の跡があると別の測り方を残す
E013/L052,E013,L052,今日はずっと忙しかったのに、何を進めたのか説明しようとすると言葉がない。,小さな欠けは、広い面の中でよく光る。,29,19,b_v2_band_sensitivity_codex_review_v1,codex_provisional,true,false,too_far,weak_connection,medium,false,false,false,false,false,"Codex provisional: the Line meaning '欠点への注目' has a conceivable bridge, but it is too indirect to support the Entry reliably."
E013/L054,E013,L054,今日はずっと忙しかったのに、何を進めたのか説明しようとすると言葉がない。,失敗のあとに普通の声がすると、世界の続きが見える。,71,71,b_v2_band_sensitivity_codex_review_v1,codex_provisional,true,false,not_obserbing,unrelated,high,false,false,false,false,true,Codex provisional: the Line meaning '失敗後の平常' does not provide a meaningful bridge to the Entry.
E013/L093,E013,L093,今日はずっと忙しかったのに、何を進めたのか説明しようとすると言葉がない。,十二枚の紙にも、長かった午後は折りたためない。,36,36,b_v2_band_sensitivity_codex_review_v1,codex_provisional,true,true,just_right,same_domain,low,true,false,false,false,false,Codex provisional: the Line meaning '暦と体感時間' provides a usable reflective bridge without merely restating the Entry.
E013/L096,E013,L096,今日はずっと忙しかったのに、何を進めたのか説明しようとすると言葉がない。,順番が来ると、待っていた場所が少し惜しくなる。,43,43,b_v2_band_sensitivity_codex_review_v1,codex_provisional,true,false,not_obserbing,unrelated,high,false,false,false,false,true,Codex provisional: the Line meaning '待機終了の名残' does not provide a meaningful bridge to the Entry.
E013/L101,E013,L101,今日はずっと忙しかったのに、何を進めたのか説明しようとすると言葉がない。,主語のない期待も、肩には重さを残す。,471,381,b_v2_integrated_codex_judgments_v1,codex_integrated_v1,true,false,too_far,weak_connection,medium,false,false,false,false,false,Weight from an ownerless expectation does not explain busy activity that leaves no articulable progress.
E014/L006,E014,L006,"会議では反対しなかった。
賛成だったわけでもない。
終わってから、その間にいた自分の立場が気になっている。",どちらにも理由がある日は、理由だけでは動かない。,150,150,b_v2_band_sensitivity_codex_review_v1,codex_provisional,true,true,just_right,analogical_transfer,medium,false,false,false,false,false,Codex provisional: the Line meaning '根拠の均衡' provides a usable reflective bridge without merely restating the Entry.
E014/L045,E014,L045,"会議では反対しなかった。
賛成だったわけでもない。
終わってから、その間にいた自分の立場が気になっている。",反対しなかった声も、賛成の中には溶けきらない。,625,225,reflective_distance_codex_judgments_v1,codex_reassessment,true,false,too_close,direct_restatement,high,false,false,false,false,false,反対しなかったが賛成でもない立場をEntryとほぼ同じ対立軸でまとめる
E014/L055,E014,L055,"会議では反対しなかった。
賛成だったわけでもない。
終わってから、その間にいた自分の立場が気になっている。",できなかった一つは、数え方を変える力が強い。,225,150,b_v2_band_sensitivity_codex_review_v1,codex_provisional,true,false,too_far,weak_connection,medium,false,false,false,false,false,"Codex provisional: the Line meaning '未達成による評価の偏り' has a conceivable bridge, but it is too indirect to support the Entry reliably."
E014/L081,E014,L081,"会議では反対しなかった。
賛成だったわけでもない。
終わってから、その間にいた自分の立場が気になっている。",一人分の食卓にも、二つ目の言葉が置かれる場所がある。,12,12,b_v2_band_sensitivity_codex_review_v1,codex_provisional,true,true,just_right,analogical_transfer,medium,false,false,false,false,false,Codex provisional: the Line meaning '一人の時間と未共有' provides a usable reflective bridge without merely restating the Entry.
E014/L083,E014,L083,"会議では反対しなかった。
賛成だったわけでもない。
終わってから、その間にいた自分の立場が気になっている。",選んだ一人にも、選ばなかった誰かの気配がある。,98,98,b_v2_band_sensitivity_codex_review_v1,codex_provisional,true,true,just_right,analogical_transfer,low,true,false,false,false,false,Codex provisional: the Line meaning '選択した孤独と他者' provides a usable reflective bridge without merely restating the Entry.
E014/L085,E014,L085,"会議では反対しなかった。
賛成だったわけでもない。
終わってから、その間にいた自分の立場が気になっている。",空席の数と、孤独の数は一致しない。,40,40,b_v2_band_sensitivity_codex_review_v1,codex_provisional,true,false,not_obserbing,unrelated,high,false,false,false,false,true,Codex provisional: the Line meaning '物理的単独と孤独感' does not provide a meaningful bridge to the Entry.
E014/L118,E014,L118,"会議では反対しなかった。
賛成だったわけでもない。
終わってから、その間にいた自分の立場が気になっている。",同じ景色を通るたび、同じではないものが増える。,125,125,reflective_distance_codex_judgments_v1,codex_reassessment,true,false,not_obserbing,unrelated,high,false,false,false,false,true,会議での中間的立場と同じ景色の反復による変化に意味的な橋がない
E015/L003,E015,L003,やることは減ったのに、机を離れるタイミングがわからない。,片方を手に取ると、もう片方の重さがわかる。,15,15,b_v2_band_sensitivity_codex_review_v1,codex_provisional,true,false,too_far,weak_connection,medium,false,false,false,false,false,"Codex provisional: the Line meaning '選択による不在の可視化' has a conceivable bridge, but it is too indirect to support the Entry reliably."
E015/L004,E015,L004,やることは減ったのに、机を離れるタイミングがわからない。,分かれ道は、通り過ぎても消えない。,462,387,b_v2_integrated_codex_judgments_v1,codex_integrated_v1,true,false,too_far,weak_connection,medium,false,false,false,false,false,A persistent fork is too generic to illuminate the missing stopping point after tasks decrease.
E015/L006,E015,L006,やることは減ったのに、机を離れるタイミングがわからない。,どちらにも理由がある日は、理由だけでは動かない。,28,28,b_v2_band_sensitivity_codex_review_v1,codex_provisional,true,false,not_obserbing,unrelated,high,false,false,false,false,true,Codex provisional: the Line meaning '根拠の均衡' does not provide a meaningful bridge to the Entry.
E015/L008,E015,L008,やることは減ったのに、机を離れるタイミングがわからない。,決めかけた言葉には、まだ余白がある。,20,20,b_v2_band_sensitivity_codex_review_v1,codex_provisional,true,true,just_right,analogical_transfer,medium,false,false,false,false,false,Codex provisional: the Line meaning '決定と留保' provides a usable reflective bridge without merely restating the Entry.
E015/L016,E015,L016,やることは減ったのに、机を離れるタイミングがわからない。,同じ重さの根拠は、静かに釣り合う。,84,84,b_v2_band_sensitivity_codex_review_v1,codex_provisional,true,false,not_obserbing,unrelated,high,false,false,false,false,true,Codex provisional: the Line meaning '相反する根拠の均衡' does not provide a meaningful bridge to the Entry.
E015/L023,E015,L023,やることは減ったのに、机を離れるタイミングがわからない。,同じ席にいても、見ている窓は違う。,30,30,b_v2_band_sensitivity_codex_review_v1,codex_provisional,true,false,not_obserbing,unrelated,high,false,false,false,false,true,Codex provisional: the Line meaning '共在と視点差' does not provide a meaningful bridge to the Entry.
E015/L031,E015,L031,やることは減ったのに、机を離れるタイミングがわからない。,距離は、離れたときだけ生まれるものではない。,63,63,b_v2_band_sensitivity_codex_review_v1,codex_provisional,true,false,not_obserbing,unrelated,high,false,false,false,false,true,Codex provisional: the Line meaning '心理的距離の多様性' does not provide a meaningful bridge to the Entry.
E015/L037,E015,L037,やることは減ったのに、机を離れるタイミングがわからない。,境界は壁ではなく、二つの場所の名前でもある。,123,123,b_v2_integrated_codex_judgments_v1,codex_integrated_v1,true,true,just_right,analogical_transfer,high,false,false,false,false,false,A boundary as two named places maps the unclear transition between working and leaving the desk.
E015/L038,E015,L038,やることは減ったのに、机を離れるタイミングがわからない。,間を置くと、途切れたものと続いているものが分かれる。,50,50,b_v2_band_sensitivity_codex_review_v1,codex_provisional,true,true,just_right,analogical_transfer,low,true,false,false,false,false,Codex provisional: the Line meaning '間隔による関係の識別' provides a usable reflective bridge without merely restating the Entry.
E015/L055,E015,L055,やることは減ったのに、机を離れるタイミングがわからない。,できなかった一つは、数え方を変える力が強い。,30,30,b_v2_band_sensitivity_codex_review_v1,codex_provisional,true,false,too_far,weak_connection,medium,false,false,false,false,false,"Codex provisional: the Line meaning '未達成による評価の偏り' has a conceivable bridge, but it is too indirect to support the Entry reliably."
E015/L058,E015,L058,やることは減ったのに、机を離れるタイミングがわからない。,転んだ場所は、立った場所にもなる。,11,11,b_v2_band_sensitivity_codex_review_v1,codex_provisional,true,false,not_obserbing,unrelated,high,false,false,false,false,true,Codex provisional: the Line meaning '失敗と再開' does not provide a meaningful bridge to the Entry.
E015/L062,E015,L062,やることは減ったのに、机を離れるタイミングがわからない。,便利になった場所にも、馴染むまでの影がある。,8,8,b_v2_band_sensitivity_codex_review_v1,codex_provisional,true,false,too_far,weak_connection,medium,false,false,false,false,false,"Codex provisional: the Line meaning '改善と馴染み' has a conceivable bridge, but it is too indirect to support the Entry reliably."
E015/L066,E015,L066,やることは減ったのに、机を離れるタイミングがわからない。,手放した場所に、手の形だけがしばらく残る。,9,9,b_v2_band_sensitivity_codex_review_v1,codex_provisional,true,true,just_right,analogical_transfer,medium,false,false,false,false,false,Codex provisional: the Line meaning '手放しの余韻' provides a usable reflective bridge without merely restating the Entry.
E015/L068,E015,L068,やることは減ったのに、机を離れるタイミングがわからない。,更新されたものには、更新されなかった部分がよく見える。,135,135,b_v2_band_sensitivity_codex_review_v1,codex_provisional,true,false,too_far,weak_connection,low,true,false,false,false,false,"Codex provisional: the Line meaning '変化と残存' has a conceivable bridge, but it is too indirect to support the Entry reliably."
E015/L075,E015,L075,やることは減ったのに、机を離れるタイミングがわからない。,なくしたものの大きさは、探した時間にも宿る。,2,2,b_v2_band_sensitivity_codex_review_v1,codex_provisional,true,false,not_obserbing,unrelated,high,false,false,false,false,true,Codex provisional: the Line meaning '探索時間と価値' does not provide a meaningful bridge to the Entry.
E015/L076,E015,L076,やることは減ったのに、机を離れるタイミングがわからない。,終わった線の先にも、同じ紙が続いている。,4,4,b_v2_band_sensitivity_codex_review_v1,codex_provisional,true,true,just_right,analogical_transfer,medium,false,false,false,false,false,Codex provisional: the Line meaning '終結と継続' provides a usable reflective bridge without merely restating the Entry.
E015/L088,E015,L088,やることは減ったのに、机を離れるタイミングがわからない。,共有しなかった出来事にも、同じ一日の重さがある。,201,201,b_v2_integrated_codex_judgments_v1,codex_integrated_v1,true,false,not_obserbing,unrelated,high,false,false,false,false,true,An unshared event retaining a day's weight is unrelated to not knowing when to stop work.
E015/L093,E015,L093,やることは減ったのに、机を離れるタイミングがわからない。,十二枚の紙にも、長かった午後は折りたためない。,600,300,b_v2_band_sensitivity_codex_review_v1,codex_provisional,true,true,just_right,analogical_transfer,medium,false,false,false,false,false,Codex provisional: the Line meaning '暦と体感時間' provides a usable reflective bridge without merely restating the Entry.
E016/L004,E016,L004,失敗した場面より、そのあと普通に話しかけられたことの方を何度も思い出す。,分かれ道は、通り過ぎても消えない。,119,119,b_v2_integrated_codex_judgments_v1,codex_integrated_v1,true,false,too_far,weak_connection,medium,false,false,false,false,false,A past fork does not illuminate why ordinary speech after a mistake is more memorable.
E016/L015,E016,L015,失敗した場面より、そのあと普通に話しかけられたことの方を何度も思い出す。,まだ起きていないことにも、影はできる。,60,60,b_v2_band_sensitivity_codex_review_v1,codex_provisional,true,false,not_obserbing,unrelated,high,false,false,false,false,true,Codex provisional: the Line meaning '予期の影響' does not provide a meaningful bridge to the Entry.
E016/L021,E016,L021,失敗した場面より、そのあと普通に話しかけられたことの方を何度も思い出す。,会話のあとに残る声は、話した人のものだけではない。,34,34,reflective_distance_codex_judgments_v1,codex_reassessment,true,false,too_far,weak_connection,medium,false,false,false,false,false,失敗後の普通の声が残ることと会話後に誰の声が残るかでは中心の緊張がずれる
E016/L024,E016,L024,失敗した場面より、そのあと普通に話しかけられたことの方を何度も思い出す。,返事のない時間も、関係の外ではない。,162,162,b_v2_band_sensitivity_codex_review_v1,codex_provisional,true,true,just_right,same_domain,medium,false,false,false,false,false,Codex provisional: the Line meaning '沈黙と関係' provides a usable reflective bridge without merely restating the Entry.
E016/L054,E016,L054,失敗した場面より、そのあと普通に話しかけられたことの方を何度も思い出す。,失敗のあとに普通の声がすると、世界の続きが見える。,220,120,reflective_distance_codex_judgments_v1,codex_reassessment,true,false,too_close,direct_restatement,high,false,false,false,false,false,失敗の後の普通の声をEntryの順序どおり使って意味を完成させる
E016/L058,E016,L058,失敗した場面より、そのあと普通に話しかけられたことの方を何度も思い出す。,転んだ場所は、立った場所にもなる。,779,401,reflective_distance_codex_judgments_v1,codex_reassessment,true,true,just_right,analogical_transfer,high,false,false,false,false,false,失敗した場所がその後に立ち直った場所にもなる構造へ転写して余白を残す
E016/L066,E016,L066,失敗した場面より、そのあと普通に話しかけられたことの方を何度も思い出す。,手放した場所に、手の形だけがしばらく残る。,213,213,b_v2_band_sensitivity_codex_review_v1,codex_provisional,true,true,just_right,analogical_transfer,medium,false,false,false,false,false,Codex provisional: the Line meaning '手放しの余韻' provides a usable reflective bridge without merely restating the Entry.
E016/L068,E016,L068,失敗した場面より、そのあと普通に話しかけられたことの方を何度も思い出す。,更新されたものには、更新されなかった部分がよく見える。,2,2,b_v2_band_sensitivity_codex_review_v1,codex_provisional,true,true,just_right,analogical_transfer,low,true,false,false,false,false,Codex provisional: the Line meaning '変化と残存' provides a usable reflective bridge without merely restating the Entry.
E016/L071,E016,L071,失敗した場面より、そのあと普通に話しかけられたことの方を何度も思い出す。,戻ってきたものにも、戻らなかった時間がある。,47,47,b_v2_band_sensitivity_codex_review_v1,codex_provisional,true,true,just_right,analogical_transfer,low,true,false,false,false,false,Codex provisional: the Line meaning '回復と失われた時間' provides a usable reflective bridge without merely restating the Entry.
E016/L075,E016,L075,失敗した場面より、そのあと普通に話しかけられたことの方を何度も思い出す。,なくしたものの大きさは、探した時間にも宿る。,30,30,b_v2_band_sensitivity_codex_review_v1,codex_provisional,true,false,too_far,weak_connection,medium,false,false,false,false,false,"Codex provisional: the Line meaning '探索時間と価値' has a conceivable bridge, but it is too indirect to support the Entry reliably."
E016/L095,E016,L095,失敗した場面より、そのあと普通に話しかけられたことの方を何度も思い出す。,過ぎたあとで長くなる時間もある。,80,80,b_v2_band_sensitivity_codex_review_v1,codex_provisional,true,true,just_right,analogical_transfer,medium,false,false,false,false,false,Codex provisional: the Line meaning '回想による時間変化' provides a usable reflective bridge without merely restating the Entry.
E016/L106,E016,L106,失敗した場面より、そのあと普通に話しかけられたことの方を何度も思い出す。,できたことは静かで、できなかったことはよく響く。,96,96,b_v2_integrated_codex_judgments_v1,codex_integrated_v1,true,false,too_far,weak_connection,medium,false,false,false,false,false,The Line contrasts successes and failures while the Entry focuses on a normal response after failure.
E016/L113,E016,L113,失敗した場面より、そのあと普通に話しかけられたことの方を何度も思い出す。,何もなかった日は、何も壊れなかった日でもある。,8,8,b_v2_band_sensitivity_codex_review_v1,codex_provisional,true,true,just_right,analogical_transfer,medium,false,false,false,false,false,Codex provisional: the Line meaning '無事な一日' provides a usable reflective bridge without merely restating the Entry.
E016/L114,E016,L114,失敗した場面より、そのあと普通に話しかけられたことの方を何度も思い出す。,小さな出来事ほど、一日の底で長く光る。,210,210,b_v2_band_sensitivity_codex_review_v1,codex_provisional,true,true,just_right,analogical_transfer,medium,false,false,false,false,false,Codex provisional: the Line meaning '平凡な出来事の余韻' provides a usable reflective bridge without merely restating the Entry.
E016/L118,E016,L118,失敗した場面より、そのあと普通に話しかけられたことの方を何度も思い出す。,同じ景色を通るたび、同じではないものが増える。,30,30,b_v2_band_sensitivity_codex_review_v1,codex_provisional,true,false,too_far,weak_connection,medium,false,false,false,false,false,"Codex provisional: the Line meaning '反復と変化' has a conceivable bridge, but it is too indirect to support the Entry reliably."
E017/L043,E017,L043,"間違いに気づいて直した。
誰にも指摘されていないし影響もなかった。
それでも一日中、見つかる前の時間に戻りたい感じがした。",会議が終わってから見つかる席もある。,4,4,b_v2_band_sensitivity_codex_review_v1,codex_provisional,true,false,too_far,weak_connection,medium,false,false,false,false,false,"Codex provisional: the Line meaning '会議後に気づく立場' has a conceivable bridge, but it is too indirect to support the Entry reliably."
E017/L048,E017,L048,"間違いに気づいて直した。
誰にも指摘されていないし影響もなかった。
それでも一日中、見つかる前の時間に戻りたい感じがした。",進捗のない日にも、使われた時間の跡はある。,8,8,b_v2_band_sensitivity_codex_review_v1,codex_provisional,true,false,too_far,weak_connection,medium,false,false,false,false,false,"Codex provisional: the Line meaning '成果と時間の分離' has a conceivable bridge, but it is too indirect to support the Entry reliably."
E017/L051,E017,L051,"間違いに気づいて直した。
誰にも指摘されていないし影響もなかった。
それでも一日中、見つかる前の時間に戻りたい感じがした。",直した跡は、間違いがあった場所だけに残る。,216,176,reflective_distance_codex_judgments_v1,codex_reassessment,true,true,just_right,same_domain,medium,false,false,false,false,false,修正しても間違いがあった場所にだけ跡が残るという時間の非対称を照らす
E017/L053,E017,L053,"間違いに気づいて直した。
誰にも指摘されていないし影響もなかった。
それでも一日中、見つかる前の時間に戻りたい感じがした。",戻れない時間にも、直せたものは置かれている。,48,48,b_v2_band_sensitivity_codex_review_v1,codex_provisional,true,false,too_close,direct_restatement,high,false,false,false,false,false,Codex provisional: the Line meaning '不可逆性と修復' follows the Entry structure too directly to create reflective distance.
E017/L056,E017,L056,"間違いに気づいて直した。
誰にも指摘されていないし影響もなかった。
それでも一日中、見つかる前の時間に戻りたい感じがした。",消した線も、書いた順番の一部だ。,382,365,reflective_distance_codex_judgments_v1,codex_reassessment,true,true,just_right,analogical_transfer,high,false,false,false,false,false,直して消した間違いも経過の一部であることを消した線と筆順へ転写する
E017/L057,E017,L057,"間違いに気づいて直した。
誰にも指摘されていないし影響もなかった。
それでも一日中、見つかる前の時間に戻りたい感じがした。",見つからなかった間違いと、見つけた自分は同時にいる。,90,66,reflective_distance_codex_judgments_v1,codex_reassessment,true,false,too_close,direct_restatement,high,false,false,false,false,false,見つからなかった間違いと自分の発見をEntryの事実に沿って直接まとめる
E017/L058,E017,L058,"間違いに気づいて直した。
誰にも指摘されていないし影響もなかった。
それでも一日中、見つかる前の時間に戻りたい感じがした。",転んだ場所は、立った場所にもなる。,9,9,b_v2_band_sensitivity_codex_review_v1,codex_provisional,true,true,just_right,same_domain,medium,false,false,false,false,false,Codex provisional: the Line meaning '失敗と再開' provides a usable reflective bridge without merely restating the Entry.
E017/L064,E017,L064,"間違いに気づいて直した。
誰にも指摘されていないし影響もなかった。
それでも一日中、見つかる前の時間に戻りたい感じがした。",変わったあとで、望んでいた形が見直される。,161,161,b_v2_band_sensitivity_codex_review_v1,codex_provisional,true,false,too_far,weak_connection,medium,false,false,false,false,false,"Codex provisional: the Line meaning '変化後の願望再評価' has a conceivable bridge, but it is too indirect to support the Entry reliably."
E017/L066,E017,L066,"間違いに気づいて直した。
誰にも指摘されていないし影響もなかった。
それでも一日中、見つかる前の時間に戻りたい感じがした。",手放した場所に、手の形だけがしばらく残る。,24,24,b_v2_band_sensitivity_codex_review_v1,codex_provisional,true,true,just_right,analogical_transfer,medium,false,false,false,false,false,Codex provisional: the Line meaning '手放しの余韻' provides a usable reflective bridge without merely restating the Entry.
E017/L068,E017,L068,"間違いに気づいて直した。
誰にも指摘されていないし影響もなかった。
それでも一日中、見つかる前の時間に戻りたい感じがした。",更新されたものには、更新されなかった部分がよく見える。,30,30,b_v2_band_sensitivity_codex_review_v1,codex_provisional,true,true,just_right,analogical_transfer,low,true,false,false,false,false,Codex provisional: the Line meaning '変化と残存' provides a usable reflective bridge without merely restating the Entry.
E017/L072,E017,L072,"間違いに気づいて直した。
誰にも指摘されていないし影響もなかった。
それでも一日中、見つかる前の時間に戻りたい感じがした。",消した記録は、消したという記録を残す。,60,60,b_v2_band_sensitivity_codex_review_v1,codex_provisional,true,true,just_right,analogical_transfer,low,true,false,false,false,false,Codex provisional: the Line meaning '削除の痕跡' provides a usable reflective bridge without merely restating the Entry.
E017/L075,E017,L075,"間違いに気づいて直した。
誰にも指摘されていないし影響もなかった。
それでも一日中、見つかる前の時間に戻りたい感じがした。",なくしたものの大きさは、探した時間にも宿る。,16,16,b_v2_band_sensitivity_codex_review_v1,codex_provisional,true,false,too_far,weak_connection,medium,false,false,false,false,false,"Codex provisional: the Line meaning '探索時間と価値' has a conceivable bridge, but it is too indirect to support the Entry reliably."
E017/L076,E017,L076,"間違いに気づいて直した。
誰にも指摘されていないし影響もなかった。
それでも一日中、見つかる前の時間に戻りたい感じがした。",終わった線の先にも、同じ紙が続いている。,16,16,b_v2_band_sensitivity_codex_review_v1,codex_provisional,true,false,too_far,weak_connection,medium,false,false,false,false,false,"Codex provisional: the Line meaning '終結と継続' has a conceivable bridge, but it is too indirect to support the Entry reliably."
E017/L078,E017,L078,"間違いに気づいて直した。
誰にも指摘されていないし影響もなかった。
それでも一日中、見つかる前の時間に戻りたい感じがした。",不在は、ときどき物より先に部屋へ着く。,2,2,b_v2_band_sensitivity_codex_review_v1,codex_provisional,true,false,not_obserbing,unrelated,high,false,false,false,false,true,Codex provisional: the Line meaning '不在の感覚' does not provide a meaningful bridge to the Entry.
E017/L092,E017,L092,"間違いに気づいて直した。
誰にも指摘されていないし影響もなかった。
それでも一日中、見つかる前の時間に戻りたい感じがした。",待つ時間は、終わる直前に形を変える。,75,75,b_v2_band_sensitivity_codex_review_v1,codex_provisional,true,false,not_obserbing,unrelated,high,false,false,false,false,true,Codex provisional: the Line meaning '待ち時間の反転' does not provide a meaningful bridge to the Entry.
E017/L095,E017,L095,"間違いに気づいて直した。
誰にも指摘されていないし影響もなかった。
それでも一日中、見つかる前の時間に戻りたい感じがした。",過ぎたあとで長くなる時間もある。,121,121,b_v2_band_sensitivity_codex_review_v1,codex_provisional,true,true,just_right,same_domain,medium,false,false,false,false,false,Codex provisional: the Line meaning '回想による時間変化' provides a usable reflective bridge without merely restating the Entry.
E017/L097,E017,L097,"間違いに気づいて直した。
誰にも指摘されていないし影響もなかった。
それでも一日中、見つかる前の時間に戻りたい感じがした。",未来を見ている間も、足元は静かに通り過ぎる。,136,136,b_v2_band_sensitivity_codex_review_v1,codex_provisional,true,false,too_far,weak_connection,medium,false,false,false,false,false,"Codex provisional: the Line meaning '未来と現在の通過' has a conceivable bridge, but it is too indirect to support the Entry reliably."
E017/L106,E017,L106,"間違いに気づいて直した。
誰にも指摘されていないし影響もなかった。
それでも一日中、見つかる前の時間に戻りたい感じがした。",できたことは静かで、できなかったことはよく響く。,2,2,b_v2_band_sensitivity_codex_review_v1,codex_provisional,true,true,just_right,analogical_transfer,medium,false,false,false,false,false,Codex provisional: the Line meaning '未達成への注意' provides a usable reflective bridge without merely restating the Entry.
E017/L107,E017,L107,"間違いに気づいて直した。
誰にも指摘されていないし影響もなかった。
それでも一日中、見つかる前の時間に戻りたい感じがした。",期待の影は、持ち主より先に伸びることがある。,165,165,b_v2_integrated_codex_judgments_v1,codex_integrated_v1,true,false,too_far,weak_connection,medium,false,false,false,false,false,An expectation's shadow only loosely connects to wanting to return to the time before an unnoticed correction.
E018/L023,E018,L023,できなかったことは一つ。できたことを数える気にはならない。,同じ席にいても、見ている窓は違う。,93,93,b_v2_band_sensitivity_codex_review_v1,codex_provisional,true,false,not_obserbing,unrelated,high,false,false,false,false,true,Codex provisional: the Line meaning '共在と視点差' does not provide a meaningful bridge to the Entry.
E018/L041,E018,L041,できなかったことは一つ。できたことを数える気にはならない。,忙しさは、進んだ距離と同じ単位では測れない。,50,50,b_v2_band_sensitivity_codex_review_v1,codex_provisional,true,false,too_far,weak_connection,medium,false,false,false,false,false,"Codex provisional: the Line meaning '活動量と進捗のずれ' has a conceivable bridge, but it is too indirect to support the Entry reliably."
E018/L046,E018,L046,できなかったことは一つ。できたことを数える気にはならない。,終わった項目の間に、一日の形が隠れている。,37,37,b_v2_band_sensitivity_codex_review_v1,codex_provisional,true,true,just_right,analogical_transfer,low,true,false,false,false,false,Codex provisional: the Line meaning 'タスクと一日' provides a usable reflective bridge without merely restating the Entry.
E018/L047,E018,L047,できなかったことは一つ。できたことを数える気にはならない。,手を止めても、考えていた速度はすぐには止まらない。,9,9,b_v2_band_sensitivity_codex_review_v1,codex_provisional,true,false,too_far,weak_connection,medium,false,false,false,false,false,"Codex provisional: the Line meaning '作業後の慣性' has a conceivable bridge, but it is too indirect to support the Entry reliably."
E018/L048,E018,L048,できなかったことは一つ。できたことを数える気にはならない。,進捗のない日にも、使われた時間の跡はある。,34,34,b_v2_band_sensitivity_codex_review_v1,codex_provisional,true,false,too_far,weak_connection,medium,false,false,false,false,false,"Codex provisional: the Line meaning '成果と時間の分離' has a conceivable bridge, but it is too indirect to support the Entry reliably."
E018/L053,E018,L053,できなかったことは一つ。できたことを数える気にはならない。,戻れない時間にも、直せたものは置かれている。,2,2,b_v2_band_sensitivity_codex_review_v1,codex_provisional,true,false,not_obserbing,unrelated,high,false,false,false,false,true,Codex provisional: the Line meaning '不可逆性と修復' does not provide a meaningful bridge to the Entry.
E018/L055,E018,L055,できなかったことは一つ。できたことを数える気にはならない。,できなかった一つは、数え方を変える力が強い。,120,105,b_v2_band_sensitivity_codex_review_v1,codex_provisional,true,false,too_close,direct_restatement,high,false,false,false,false,false,Codex provisional: the Line meaning '未達成による評価の偏り' follows the Entry structure too directly to create reflective distance.
E018/L076,E018,L076,できなかったことは一つ。できたことを数える気にはならない。,終わった線の先にも、同じ紙が続いている。,10,10,b_v2_band_sensitivity_codex_review_v1,codex_provisional,true,false,too_far,weak_connection,medium,false,false,false,false,false,"Codex provisional: the Line meaning '終結と継続' has a conceivable bridge, but it is too indirect to support the Entry reliably."
E018/L081,E018,L081,できなかったことは一つ。できたことを数える気にはならない。,一人分の食卓にも、二つ目の言葉が置かれる場所がある。,10,10,b_v2_band_sensitivity_codex_review_v1,codex_provisional,true,false,not_obserbing,unrelated,high,false,false,false,false,true,Codex provisional: the Line meaning '一人の時間と未共有' does not provide a meaningful bridge to the Entry.
E018/L088,E018,L088,できなかったことは一つ。できたことを数える気にはならない。,共有しなかった出来事にも、同じ一日の重さがある。,110,110,b_v2_band_sensitivity_codex_review_v1,codex_provisional,true,false,too_far,weak_connection,medium,false,false,false,false,false,"Codex provisional: the Line meaning '未共有と出来事の価値' has a conceivable bridge, but it is too indirect to support the Entry reliably."
E018/L097,E018,L097,できなかったことは一つ。できたことを数える気にはならない。,未来を見ている間も、足元は静かに通り過ぎる。,6,6,b_v2_band_sensitivity_codex_review_v1,codex_provisional,true,false,not_obserbing,unrelated,high,false,false,false,false,true,Codex provisional: the Line meaning '未来と現在の通過' does not provide a meaningful bridge to the Entry.
E018/L101,E018,L101,できなかったことは一つ。できたことを数える気にはならない。,主語のない期待も、肩には重さを残す。,27,27,b_v2_band_sensitivity_codex_review_v1,codex_provisional,true,true,just_right,analogical_transfer,medium,false,false,false,false,false,Codex provisional: the Line meaning '出所不明の期待' provides a usable reflective bridge without merely restating the Entry.
E018/L102,E018,L102,できなかったことは一つ。できたことを数える気にはならない。,終えた三つより、始めなかった一つは声が大きい。,145,145,b_v2_band_sensitivity_codex_review_v1,codex_provisional,true,false,too_close,direct_restatement,high,false,false,false,false,false,Codex provisional: the Line meaning '達成と追加期待' follows the Entry structure too directly to create reflective distance.
E018/L103,E018,L103,できなかったことは一つ。できたことを数える気にはならない。,『もっと』は、いつも少し早く席に着いている。,29,29,b_v2_band_sensitivity_codex_review_v1,codex_provisional,true,true,just_right,analogical_transfer,low,true,false,false,false,false,Codex provisional: the Line meaning '常在する追加要求' provides a usable reflective bridge without merely restating the Entry.
E018/L105,E018,L105,できなかったことは一つ。できたことを数える気にはならない。,満ちた器にも、次の一滴の場所を探す目がある。,143,143,b_v2_band_sensitivity_codex_review_v1,codex_provisional,true,true,just_right,analogical_transfer,medium,false,false,false,false,false,Codex provisional: the Line meaning '達成後の不足探索' provides a usable reflective bridge without merely restating the Entry.
E018/L106,E018,L106,できなかったことは一つ。できたことを数える気にはならない。,できたことは静かで、できなかったことはよく響く。,635,451,reflective_distance_codex_judgments_v1,codex_reassessment,true,false,too_close,direct_restatement,high,false,false,false,false,false,できたことよりできなかった一つが目立つというEntryを音量で直接言い換える
E018/L118,E018,L118,できなかったことは一つ。できたことを数える気にはならない。,同じ景色を通るたび、同じではないものが増える。,300,300,b_v2_integrated_codex_judgments_v1,codex_integrated_v1,true,false,too_far,weak_connection,medium,false,false,false,false,false,Accumulating differences in a repeated view does not clearly map refusal to count successes after one failure.
E019/L013,E019,L013,部屋の配置を変えたら、前より使いやすいのに自分の部屋ではないみたいだ。,霧の中では、近いものまで遠く見える。,510,435,b_v2_integrated_codex_judgments_v1,codex_integrated_v1,true,true,just_right,analogical_transfer,low,true,false,false,false,false,Fog making near things seem far can illuminate a familiar room feeling alien but the bridge is somewhat fragile.
E019/L014,E019,L014,部屋の配置を変えたら、前より使いやすいのに自分の部屋ではないみたいだ。,予想は、未来より今の輪郭を映す。,30,30,b_v2_band_sensitivity_codex_review_v1,codex_provisional,true,false,too_far,weak_connection,medium,false,false,false,false,false,"Codex provisional: the Line meaning '予想と現在認識' has a conceivable bridge, but it is too indirect to support the Entry reliably."
E019/L017,E019,L017,部屋の配置を変えたら、前より使いやすいのに自分の部屋ではないみたいだ。,地図の端は、道の端とは限らない。,30,30,reflective_distance_codex_judgments_v1,codex_reassessment,true,false,not_obserbing,unrelated,high,false,false,false,false,true,配置後の使いやすさと違和感に地図の端と道の端の区別は接続しない
E019/L021,E019,L021,部屋の配置を変えたら、前より使いやすいのに自分の部屋ではないみたいだ。,会話のあとに残る声は、話した人のものだけではない。,30,30,b_v2_band_sensitivity_codex_review_v1,codex_provisional,true,false,not_obserbing,unrelated,high,false,false,false,false,true,Codex provisional: the Line meaning '対話後の余韻' does not provide a meaningful bridge to the Entry.
E019/L041,E019,L041,部屋の配置を変えたら、前より使いやすいのに自分の部屋ではないみたいだ。,忙しさは、進んだ距離と同じ単位では測れない。,75,75,b_v2_band_sensitivity_codex_review_v1,codex_provisional,true,false,too_far,weak_connection,medium,false,false,false,false,false,"Codex provisional: the Line meaning '活動量と進捗のずれ' has a conceivable bridge, but it is too indirect to support the Entry reliably."
E019/L043,E019,L043,部屋の配置を変えたら、前より使いやすいのに自分の部屋ではないみたいだ。,会議が終わってから見つかる席もある。,120,120,b_v2_band_sensitivity_codex_review_v1,codex_provisional,true,false,not_obserbing,unrelated,high,false,false,false,false,true,Codex provisional: the Line meaning '会議後に気づく立場' does not provide a meaningful bridge to the Entry.
E019/L052,E019,L052,部屋の配置を変えたら、前より使いやすいのに自分の部屋ではないみたいだ。,小さな欠けは、広い面の中でよく光る。,165,165,b_v2_integrated_codex_judgments_v1,codex_integrated_v1,true,true,just_right,analogical_transfer,medium,false,false,false,false,false,A small disruption becoming prominent within a broadly improved whole maps usability alongside alienation.
E019/L053,E019,L053,部屋の配置を変えたら、前より使いやすいのに自分の部屋ではないみたいだ。,戻れない時間にも、直せたものは置かれている。,9,9,b_v2_band_sensitivity_codex_review_v1,codex_provisional,true,false,too_far,weak_connection,medium,false,false,false,false,false,"Codex provisional: the Line meaning '不可逆性と修復' has a conceivable bridge, but it is too indirect to support the Entry reliably."
E019/L055,E019,L055,部屋の配置を変えたら、前より使いやすいのに自分の部屋ではないみたいだ。,できなかった一つは、数え方を変える力が強い。,52,52,b_v2_band_sensitivity_codex_review_v1,codex_provisional,true,false,not_obserbing,unrelated,high,false,false,false,false,true,Codex provisional: the Line meaning '未達成による評価の偏り' does not provide a meaningful bridge to the Entry.
E019/L062,E019,L062,部屋の配置を変えたら、前より使いやすいのに自分の部屋ではないみたいだ。,便利になった場所にも、馴染むまでの影がある。,227,227,reflective_distance_codex_judgments_v1,codex_reassessment,true,false,too_close,direct_restatement,medium,false,false,false,false,false,便利になった場所にも馴染む時間が要るというEntryの緊張をほぼ直接説明する
E019/L068,E019,L068,部屋の配置を変えたら、前より使いやすいのに自分の部屋ではないみたいだ。,更新されたものには、更新されなかった部分がよく見える。,8,8,b_v2_band_sensitivity_codex_review_v1,codex_provisional,true,true,just_right,same_domain,low,true,false,false,false,false,Codex provisional: the Line meaning '変化と残存' provides a usable reflective bridge without merely restating the Entry.
E019/L074,E019,L074,部屋の配置を変えたら、前より使いやすいのに自分の部屋ではないみたいだ。,空になった場所は、前より広く見える。,37,37,reflective_distance_human_review_v1,human_review,false,false,too_far,weak_connection,human_confirmed,false,false,false,false,false,Product-owner decision normalized to reflective-distance-v1.
E019/L078,E019,L078,部屋の配置を変えたら、前より使いやすいのに自分の部屋ではないみたいだ。,不在は、ときどき物より先に部屋へ着く。,42,42,b_v2_band_sensitivity_codex_review_v1,codex_provisional,true,false,too_far,weak_connection,medium,false,false,false,false,false,"Codex provisional: the Line meaning '不在の感覚' has a conceivable bridge, but it is too indirect to support the Entry reliably."
E019/L085,E019,L085,部屋の配置を変えたら、前より使いやすいのに自分の部屋ではないみたいだ。,空席の数と、孤独の数は一致しない。,21,21,b_v2_band_sensitivity_codex_review_v1,codex_provisional,true,false,not_obserbing,unrelated,high,false,false,false,false,true,Codex provisional: the Line meaning '物理的単独と孤独感' does not provide a meaningful bridge to the Entry.
E019/L096,E019,L096,部屋の配置を変えたら、前より使いやすいのに自分の部屋ではないみたいだ。,順番が来ると、待っていた場所が少し惜しくなる。,39,39,b_v2_band_sensitivity_codex_review_v1,codex_provisional,true,false,not_obserbing,unrelated,high,false,false,false,false,true,Codex provisional: the Line meaning '待機終了の名残' does not provide a meaningful bridge to the Entry.
E019/L101,E019,L101,部屋の配置を変えたら、前より使いやすいのに自分の部屋ではないみたいだ。,主語のない期待も、肩には重さを残す。,26,26,b_v2_band_sensitivity_codex_review_v1,codex_provisional,true,false,too_far,weak_connection,medium,false,false,false,false,false,"Codex provisional: the Line meaning '出所不明の期待' has a conceivable bridge, but it is too indirect to support the Entry reliably."
E019/L108,E019,L108,部屋の配置を変えたら、前より使いやすいのに自分の部屋ではないみたいだ。,余った力と、使わなかった力は同じではない。,4,4,b_v2_band_sensitivity_codex_review_v1,codex_provisional,true,false,too_far,weak_connection,medium,false,false,false,false,false,"Codex provisional: the Line meaning '余力と自己評価' has a conceivable bridge, but it is too indirect to support the Entry reliably."
E020/L042,E020,L042,"長く使っていたものを新しくした。
不便はなくなった。
古い方を捨てる理由もできたのに、まだ箱に入れてある。",机には、終わった仕事より残った姿勢がある。,825,525,b_v2_integrated_codex_judgments_v1,codex_integrated_v1,true,true,just_right,analogical_transfer,high,false,false,false,false,false,A desk retaining posture after finished work maps the old object's lingering presence after its function ends.
E020/L043,E020,L043,"長く使っていたものを新しくした。
不便はなくなった。
古い方を捨てる理由もできたのに、まだ箱に入れてある。",会議が終わってから見つかる席もある。,150,150,b_v2_band_sensitivity_codex_review_v1,codex_provisional,true,false,not_obserbing,unrelated,high,false,false,false,false,true,Codex provisional: the Line meaning '会議後に気づく立場' does not provide a meaningful bridge to the Entry.
E020/L046,E020,L046,"長く使っていたものを新しくした。
不便はなくなった。
古い方を捨てる理由もできたのに、まだ箱に入れてある。",終わった項目の間に、一日の形が隠れている。,24,24,b_v2_band_sensitivity_codex_review_v1,codex_provisional,true,false,not_obserbing,unrelated,high,false,false,false,false,true,Codex provisional: the Line meaning 'タスクと一日' does not provide a meaningful bridge to the Entry.
E020/L053,E020,L053,"長く使っていたものを新しくした。
不便はなくなった。
古い方を捨てる理由もできたのに、まだ箱に入れてある。",戻れない時間にも、直せたものは置かれている。,173,173,b_v2_integrated_codex_judgments_v1,codex_integrated_v1,true,false,too_far,weak_connection,medium,false,false,false,false,false,Irreversible time and repaired things do not clearly connect to retaining a replaced object.
E020/L057,E020,L057,"長く使っていたものを新しくした。
不便はなくなった。
古い方を捨てる理由もできたのに、まだ箱に入れてある。",見つからなかった間違いと、見つけた自分は同時にいる。,14,14,b_v2_band_sensitivity_codex_review_v1,codex_provisional,true,false,too_far,weak_connection,medium,false,false,false,false,false,"Codex provisional: the Line meaning '発見と自己' has a conceivable bridge, but it is too indirect to support the Entry reliably."
E020/L063,E020,L063,"長く使っていたものを新しくした。
不便はなくなった。
古い方を捨てる理由もできたのに、まだ箱に入れてある。",新しいものの箱には、古いものの時間も入る。,30,30,b_v2_band_sensitivity_codex_review_v1,codex_provisional,true,false,too_close,direct_restatement,high,false,false,false,false,false,Codex provisional: the Line meaning '更新と過去' follows the Entry structure too directly to create reflective distance.
E020/L066,E020,L066,"長く使っていたものを新しくした。
不便はなくなった。
古い方を捨てる理由もできたのに、まだ箱に入れてある。",手放した場所に、手の形だけがしばらく残る。,6,6,b_v2_band_sensitivity_codex_review_v1,codex_provisional,true,true,just_right,same_domain,medium,false,false,false,false,false,Codex provisional: the Line meaning '手放しの余韻' provides a usable reflective bridge without merely restating the Entry.
E020/L068,E020,L068,"長く使っていたものを新しくした。
不便はなくなった。
古い方を捨てる理由もできたのに、まだ箱に入れてある。",更新されたものには、更新されなかった部分がよく見える。,167,167,b_v2_band_sensitivity_codex_review_v1,codex_provisional,true,true,just_right,same_domain,low,true,false,false,false,false,Codex provisional: the Line meaning '変化と残存' provides a usable reflective bridge without merely restating the Entry.
E020/L071,E020,L071,"長く使っていたものを新しくした。
不便はなくなった。
古い方を捨てる理由もできたのに、まだ箱に入れてある。",戻ってきたものにも、戻らなかった時間がある。,30,30,b_v2_band_sensitivity_codex_review_v1,codex_provisional,true,false,too_far,weak_connection,medium,false,false,false,false,false,"Codex provisional: the Line meaning '回復と失われた時間' has a conceivable bridge, but it is too indirect to support the Entry reliably."
E020/L072,E020,L072,"長く使っていたものを新しくした。
不便はなくなった。
古い方を捨てる理由もできたのに、まだ箱に入れてある。",消した記録は、消したという記録を残す。,6,6,reflective_distance_codex_judgments_v1,codex_reassessment,true,true,just_right,analogical_transfer,medium,false,false,false,false,false,手放す理由があっても古い物を残すことを削除行為自体が痕跡を残す構造へ移す
E020/L102,E020,L102,"長く使っていたものを新しくした。
不便はなくなった。
古い方を捨てる理由もできたのに、まだ箱に入れてある。",終えた三つより、始めなかった一つは声が大きい。,186,186,b_v2_band_sensitivity_codex_review_v1,codex_provisional,true,false,not_obserbing,unrelated,high,false,false,false,false,true,Codex provisional: the Line meaning '達成と追加期待' does not provide a meaningful bridge to the Entry.
E020/L105,E020,L105,"長く使っていたものを新しくした。
不便はなくなった。
古い方を捨てる理由もできたのに、まだ箱に入れてある。",満ちた器にも、次の一滴の場所を探す目がある。,34,34,b_v2_band_sensitivity_codex_review_v1,codex_provisional,true,false,too_far,weak_connection,medium,false,false,false,false,false,"Codex provisional: the Line meaning '達成後の不足探索' has a conceivable bridge, but it is too indirect to support the Entry reliably."
E020/L115,E020,L115,"長く使っていたものを新しくした。
不便はなくなった。
古い方を捨てる理由もできたのに、まだ箱に入れてある。",閉じた店の暗さも、帰り道の一部になる。,305,305,b_v2_integrated_codex_judgments_v1,codex_integrated_v1,true,true,just_right,analogical_transfer,medium,false,false,false,false,false,A closed shop remaining part of a route maps an obsolete object remaining part of one's environment.
E021/L014,E021,L014,変わりたかった頃の自分に、今の変化を見せたいとは思わない。,予想は、未来より今の輪郭を映す。,570,350,b_v2_band_sensitivity_codex_review_v1,codex_provisional,true,true,just_right,analogical_transfer,low,true,false,false,false,false,Codex provisional: the Line meaning '予想と現在認識' provides a usable reflective bridge without merely restating the Entry.
E021/L015,E021,L015,変わりたかった頃の自分に、今の変化を見せたいとは思わない。,まだ起きていないことにも、影はできる。,6,6,b_v2_band_sensitivity_codex_review_v1,codex_provisional,true,false,too_far,weak_connection,medium,false,false,false,false,false,"Codex provisional: the Line meaning '予期の影響' has a conceivable bridge, but it is too indirect to support the Entry reliably."
E021/L017,E021,L017,変わりたかった頃の自分に、今の変化を見せたいとは思わない。,地図の端は、道の端とは限らない。,69,69,b_v2_band_sensitivity_codex_review_v1,codex_provisional,true,false,too_far,weak_connection,medium,false,false,false,false,false,"Codex provisional: the Line meaning '認識範囲と可能性' has a conceivable bridge, but it is too indirect to support the Entry reliably."
E021/L022,E021,L022,変わりたかった頃の自分に、今の変化を見せたいとは思わない。,親しさにも、呼吸する間がある。,201,195,b_v2_integrated_codex_judgments_v1,codex_integrated_v1,true,false,not_obserbing,unrelated,high,false,false,false,false,true,A breathing interval in intimacy does not connect to the relation between past and present selves.
E021/L023,E021,L023,変わりたかった頃の自分に、今の変化を見せたいとは思わない。,同じ席にいても、見ている窓は違う。,22,22,b_v2_band_sensitivity_codex_review_v1,codex_provisional,true,true,just_right,analogical_transfer,low,true,false,false,false,false,Codex provisional: the Line meaning '共在と視点差' provides a usable reflective bridge without merely restating the Entry.
E021/L024,E021,L024,変わりたかった頃の自分に、今の変化を見せたいとは思わない。,返事のない時間も、関係の外ではない。,1,1,b_v2_band_sensitivity_codex_review_v1,codex_provisional,true,false,not_obserbing,unrelated,high,false,false,false,false,true,Codex provisional: the Line meaning '沈黙と関係' does not provide a meaningful bridge to the Entry.
E021/L025,E021,L025,変わりたかった頃の自分に、今の変化を見せたいとは思わない。,聞いていた言葉と、待っていた言葉は似ている。,58,58,b_v2_band_sensitivity_codex_review_v1,codex_provisional,true,false,too_far,weak_connection,medium,false,false,false,false,false,"Codex provisional: the Line meaning '聞くことと発話待ち' has a conceivable bridge, but it is too indirect to support the Entry reliably."
E021/L026,E021,L026,変わりたかった頃の自分に、今の変化を見せたいとは思わない。,近くにいる理由は、近さだけでは測れない。,48,48,b_v2_band_sensitivity_codex_review_v1,codex_provisional,true,false,too_far,weak_connection,medium,false,false,false,false,false,"Codex provisional: the Line meaning '接続理由と距離' has a conceivable bridge, but it is too indirect to support the Entry reliably."
E021/L031,E021,L031,変わりたかった頃の自分に、今の変化を見せたいとは思わない。,距離は、離れたときだけ生まれるものではない。,278,262,b_v2_integrated_codex_judgments_v1,codex_integrated_v1,true,true,just_right,same_domain,low,true,false,false,false,false,Distance that exists without physical separation may map distance from a former self but the reading is ambiguous.
E021/L033,E021,L033,変わりたかった頃の自分に、今の変化を見せたいとは思わない。,遠くから見える輪郭もある。,79,79,b_v2_band_sensitivity_codex_review_v1,codex_provisional,true,true,just_right,analogical_transfer,medium,false,false,false,false,false,Codex provisional: the Line meaning '距離による認識' provides a usable reflective bridge without merely restating the Entry.
E021/L035,E021,L035,変わりたかった頃の自分に、今の変化を見せたいとは思わない。,空いた席は、不在より先に距離を語る。,79,77,b_v2_band_sensitivity_codex_review_v1,codex_provisional,true,false,too_far,weak_connection,medium,false,false,false,false,false,"Codex provisional: the Line meaning '不在の可視化' has a conceivable bridge, but it is too indirect to support the Entry reliably."
E021/L036,E021,L036,変わりたかった頃の自分に、今の変化を見せたいとは思わない。,離れたあとで、近すぎた音が聞こえる。,209,209,b_v2_integrated_codex_judgments_v1,codex_integrated_v1,true,false,too_far,weak_connection,medium,false,false,false,false,false,Hearing a formerly close sound after distance does not clearly map reluctance to show change to a past self.
E021/L037,E021,L037,変わりたかった頃の自分に、今の変化を見せたいとは思わない。,境界は壁ではなく、二つの場所の名前でもある。,14,14,b_v2_band_sensitivity_codex_review_v1,codex_provisional,true,false,too_far,weak_connection,medium,false,false,false,false,false,"Codex provisional: the Line meaning '境界の両義性' has a conceivable bridge, but it is too indirect to support the Entry reliably."
E021/L044,E021,L044,変わりたかった頃の自分に、今の変化を見せたいとは思わない。,区切りは、仕事の量より光の変化に似ている。,11,10,b_v2_band_sensitivity_codex_review_v1,codex_provisional,true,false,not_obserbing,unrelated,high,false,false,false,false,true,Codex provisional: the Line meaning '終業感覚' does not provide a meaningful bridge to the Entry.
E021/L045,E021,L045,変わりたかった頃の自分に、今の変化を見せたいとは思わない。,反対しなかった声も、賛成の中には溶けきらない。,18,18,b_v2_band_sensitivity_codex_review_v1,codex_provisional,true,false,too_far,weak_connection,medium,false,false,false,false,false,"Codex provisional: the Line meaning '沈黙と立場' has a conceivable bridge, but it is too indirect to support the Entry reliably."
E021/L048,E021,L048,変わりたかった頃の自分に、今の変化を見せたいとは思わない。,進捗のない日にも、使われた時間の跡はある。,6,6,b_v2_band_sensitivity_codex_review_v1,codex_provisional,true,false,too_far,weak_connection,medium,false,false,false,false,false,"Codex provisional: the Line meaning '成果と時間の分離' has a conceivable bridge, but it is too indirect to support the Entry reliably."
E021/L064,E021,L064,変わりたかった頃の自分に、今の変化を見せたいとは思わない。,変わったあとで、望んでいた形が見直される。,96,96,reflective_distance_codex_judgments_v1,codex_reassessment,true,false,too_close,direct_restatement,high,false,false,false,false,false,望んだ変化を変化後に見直すというEntryの内容を直接要約する
E021/L065,E021,L065,変わりたかった頃の自分に、今の変化を見せたいとは思わない。,慣れは、変化より少し遅れて到着する。,210,210,b_v2_band_sensitivity_codex_review_v1,codex_provisional,true,true,just_right,same_domain,medium,false,false,false,false,false,Codex provisional: the Line meaning '変化と適応の時差' provides a usable reflective bridge without merely restating the Entry.
E021/L082,E021,L082,変わりたかった頃の自分に、今の変化を見せたいとは思わない。,静かな日は、自分の声の距離がよくわかる。,100,95,b_v2_band_sensitivity_codex_review_v1,codex_provisional,true,true,just_right,analogical_transfer,medium,false,false,false,false,false,Codex provisional: the Line meaning '静けさと自己の声' provides a usable reflective bridge without merely restating the Entry.
E022/L004,E022,L004,なくした鍵は見つかった。でも探していた二時間だけがまだ戻ってこない感じがする。,分かれ道は、通り過ぎても消えない。,7,7,b_v2_band_sensitivity_codex_review_v1,codex_provisional,true,false,too_far,weak_connection,medium,false,false,false,false,false,"Codex provisional: the Line meaning '選択の記憶' has a conceivable bridge, but it is too indirect to support the Entry reliably."
E022/L005,E022,L005,なくした鍵は見つかった。でも探していた二時間だけがまだ戻ってこない感じがする。,答えより先に、選んだという事実が残る。,52,52,b_v2_band_sensitivity_codex_review_v1,codex_provisional,true,false,too_far,weak_connection,medium,false,false,false,false,false,"Codex provisional: the Line meaning '決定の事実性' has a conceivable bridge, but it is too indirect to support the Entry reliably."
E022/L007,E022,L007,なくした鍵は見つかった。でも探していた二時間だけがまだ戻ってこない感じがする。,扉は、開ける音より閉じる音の方が長く残る。,171,171,b_v2_integrated_codex_judgments_v1,codex_integrated_v1,true,false,too_far,weak_connection,medium,false,false,false,false,false,A closing sound lingering is too generic to illuminate recovered property and unrecovered time.
E022/L008,E022,L008,なくした鍵は見つかった。でも探していた二時間だけがまだ戻ってこない感じがする。,決めかけた言葉には、まだ余白がある。,13,13,b_v2_band_sensitivity_codex_review_v1,codex_provisional,true,false,not_obserbing,unrelated,high,false,false,false,false,true,Codex provisional: the Line meaning '決定と留保' does not provide a meaningful bridge to the Entry.
E022/L024,E022,L024,なくした鍵は見つかった。でも探していた二時間だけがまだ戻ってこない感じがする。,返事のない時間も、関係の外ではない。,1,1,b_v2_band_sensitivity_codex_review_v1,codex_provisional,true,false,not_obserbing,unrelated,high,false,false,false,false,true,Codex provisional: the Line meaning '沈黙と関係' does not provide a meaningful bridge to the Entry.
E022/L027,E022,L027,なくした鍵は見つかった。でも探していた二時間だけがまだ戻ってこない感じがする。,一緒に笑った時間は、次の約束を要求しない。,205,198,b_v2_band_sensitivity_codex_review_v1,codex_provisional,true,false,not_obserbing,unrelated,high,false,false,false,false,true,Codex provisional: the Line meaning '楽しさと継続義務の分離' does not provide a meaningful bridge to the Entry.
E022/L031,E022,L031,なくした鍵は見つかった。でも探していた二時間だけがまだ戻ってこない感じがする。,距離は、離れたときだけ生まれるものではない。,30,30,b_v2_band_sensitivity_codex_review_v1,codex_provisional,true,false,too_far,weak_connection,medium,false,false,false,false,false,"Codex provisional: the Line meaning '心理的距離の多様性' has a conceivable bridge, but it is too indirect to support the Entry reliably."
E022/L032,E022,L032,なくした鍵は見つかった。でも探していた二時間だけがまだ戻ってこない感じがする。,返さなかった言葉のぶん、静かな場所ができる。,8,8,b_v2_band_sensitivity_codex_review_v1,codex_provisional,true,false,too_far,weak_connection,medium,false,false,false,false,false,"Codex provisional: the Line meaning '未返信と静けさ' has a conceivable bridge, but it is too indirect to support the Entry reliably."
E022/L037,E022,L037,なくした鍵は見つかった。でも探していた二時間だけがまだ戻ってこない感じがする。,境界は壁ではなく、二つの場所の名前でもある。,1,1,b_v2_band_sensitivity_codex_review_v1,codex_provisional,true,false,not_obserbing,unrelated,high,false,false,false,false,true,Codex provisional: the Line meaning '境界の両義性' does not provide a meaningful bridge to the Entry.
E022/L041,E022,L041,なくした鍵は見つかった。でも探していた二時間だけがまだ戻ってこない感じがする。,忙しさは、進んだ距離と同じ単位では測れない。,3,3,b_v2_band_sensitivity_codex_review_v1,codex_provisional,true,false,too_far,weak_connection,low,true,false,false,false,false,"Codex provisional: the Line meaning '活動量と進捗のずれ' has a conceivable bridge, but it is too indirect to support the Entry reliably."
E022/L042,E022,L042,なくした鍵は見つかった。でも探していた二時間だけがまだ戻ってこない感じがする。,机には、終わった仕事より残った姿勢がある。,2,2,b_v2_band_sensitivity_codex_review_v1,codex_provisional,true,true,just_right,analogical_transfer,medium,false,false,false,false,false,Codex provisional: the Line meaning '作業後の身体感覚' provides a usable reflective bridge without merely restating the Entry.
E022/L043,E022,L043,なくした鍵は見つかった。でも探していた二時間だけがまだ戻ってこない感じがする。,会議が終わってから見つかる席もある。,100,100,b_v2_band_sensitivity_codex_review_v1,codex_provisional,true,false,not_obserbing,unrelated,high,false,false,false,false,true,Codex provisional: the Line meaning '会議後に気づく立場' does not provide a meaningful bridge to the Entry.
E022/L046,E022,L046,なくした鍵は見つかった。でも探していた二時間だけがまだ戻ってこない感じがする。,終わった項目の間に、一日の形が隠れている。,8,8,b_v2_band_sensitivity_codex_review_v1,codex_provisional,true,true,just_right,analogical_transfer,medium,false,false,false,false,false,Codex provisional: the Line meaning 'タスクと一日' provides a usable reflective bridge without merely restating the Entry.
E022/L047,E022,L047,なくした鍵は見つかった。でも探していた二時間だけがまだ戻ってこない感じがする。,手を止めても、考えていた速度はすぐには止まらない。,24,24,b_v2_band_sensitivity_codex_review_v1,codex_provisional,true,true,just_right,analogical_transfer,medium,false,false,false,false,false,Codex provisional: the Line meaning '作業後の慣性' provides a usable reflective bridge without merely restating the Entry.
E022/L048,E022,L048,なくした鍵は見つかった。でも探していた二時間だけがまだ戻ってこない感じがする。,進捗のない日にも、使われた時間の跡はある。,538,363,b_v2_integrated_codex_judgments_v1,codex_integrated_v1,true,true,just_right,analogical_transfer,high,false,false,false,false,false,Used time leaving a trace despite no progress maps the two search hours that remain after the key is found.
E022/L051,E022,L051,なくした鍵は見つかった。でも探していた二時間だけがまだ戻ってこない感じがする。,直した跡は、間違いがあった場所だけに残る。,8,8,b_v2_band_sensitivity_codex_review_v1,codex_provisional,true,true,just_right,analogical_transfer,medium,false,false,false,false,false,Codex provisional: the Line meaning '修復の痕跡' provides a usable reflective bridge without merely restating the Entry.
E022/L053,E022,L053,なくした鍵は見つかった。でも探していた二時間だけがまだ戻ってこない感じがする。,戻れない時間にも、直せたものは置かれている。,362,258,reflective_distance_codex_judgments_v1,codex_reassessment,true,true,just_right,same_domain,high,false,false,false,false,false,戻った鍵と戻らない時間を直せた物と戻れない時間の共存として角度を変える
E022/L054,E022,L054,なくした鍵は見つかった。でも探していた二時間だけがまだ戻ってこない感じがする。,失敗のあとに普通の声がすると、世界の続きが見える。,214,214,b_v2_band_sensitivity_codex_review_v1,codex_provisional,true,false,not_obserbing,unrelated,high,false,false,false,false,true,Codex provisional: the Line meaning '失敗後の平常' does not provide a meaningful bridge to the Entry.
E022/L057,E022,L057,なくした鍵は見つかった。でも探していた二時間だけがまだ戻ってこない感じがする。,見つからなかった間違いと、見つけた自分は同時にいる。,89,89,b_v2_integrated_codex_judgments_v1,codex_integrated_v1,true,false,too_far,weak_connection,medium,false,false,false,false,false,A found mistake and the person who found it share discovery but not the irretrievable search time.
E022/L058,E022,L058,なくした鍵は見つかった。でも探していた二時間だけがまだ戻ってこない感じがする。,転んだ場所は、立った場所にもなる。,45,45,b_v2_band_sensitivity_codex_review_v1,codex_provisional,true,false,too_far,weak_connection,medium,false,false,false,false,false,"Codex provisional: the Line meaning '失敗と再開' has a conceivable bridge, but it is too indirect to support the Entry reliably."
E022/L063,E022,L063,なくした鍵は見つかった。でも探していた二時間だけがまだ戻ってこない感じがする。,新しいものの箱には、古いものの時間も入る。,135,103,b_v2_band_sensitivity_codex_review_v1,codex_provisional,true,true,just_right,analogical_transfer,low,true,false,false,false,false,Codex provisional: the Line meaning '更新と過去' provides a usable reflective bridge without merely restating the Entry.
E022/L066,E022,L066,なくした鍵は見つかった。でも探していた二時間だけがまだ戻ってこない感じがする。,手放した場所に、手の形だけがしばらく残る。,10,10,b_v2_band_sensitivity_codex_review_v1,codex_provisional,true,false,too_far,weak_connection,medium,false,false,false,false,false,"Codex provisional: the Line meaning '手放しの余韻' has a conceivable bridge, but it is too indirect to support the Entry reliably."
E022/L071,E022,L071,なくした鍵は見つかった。でも探していた二時間だけがまだ戻ってこない感じがする。,戻ってきたものにも、戻らなかった時間がある。,160,80,reflective_distance_codex_judgments_v1,codex_reassessment,true,false,too_close,direct_restatement,high,false,false,false,false,false,戻った鍵と戻らない時間をEntryと同じ対比で直接まとめる
E022/L075,E022,L075,なくした鍵は見つかった。でも探していた二時間だけがまだ戻ってこない感じがする。,なくしたものの大きさは、探した時間にも宿る。,15,5,b_v2_band_sensitivity_codex_review_v1,codex_provisional,true,false,too_close,direct_restatement,high,false,false,false,false,false,Codex provisional: the Line meaning '探索時間と価値' follows the Entry structure too directly to create reflective distance.
E022/L093,E022,L093,なくした鍵は見つかった。でも探していた二時間だけがまだ戻ってこない感じがする。,十二枚の紙にも、長かった午後は折りたためない。,48,24,b_v2_band_sensitivity_codex_review_v1,codex_provisional,true,true,just_right,same_domain,medium,false,false,false,false,false,Codex provisional: the Line meaning '暦と体感時間' provides a usable reflective bridge without merely restating the Entry.
E023/L005,E023,L005,"もう使わない場所の写真を消した。
容量はほとんど変わらなかった。
消したという事実だけが少し大きい。",答えより先に、選んだという事実が残る。,21,21,b_v2_band_sensitivity_codex_review_v1,codex_provisional,true,true,just_right,analogical_transfer,medium,false,false,false,false,false,Codex provisional: the Line meaning '決定の事実性' provides a usable reflective bridge without merely restating the Entry.
E023/L007,E023,L007,"もう使わない場所の写真を消した。
容量はほとんど変わらなかった。
消したという事実だけが少し大きい。",扉は、開ける音より閉じる音の方が長く残る。,6,6,b_v2_band_sensitivity_codex_review_v1,codex_provisional,true,true,just_right,analogical_transfer,medium,false,false,false,false,false,Codex provisional: the Line meaning '決定と喪失' provides a usable reflective bridge without merely restating the Entry.
E023/L008,E023,L008,"もう使わない場所の写真を消した。
容量はほとんど変わらなかった。
消したという事実だけが少し大きい。",決めかけた言葉には、まだ余白がある。,36,36,b_v2_band_sensitivity_codex_review_v1,codex_provisional,true,false,too_far,weak_connection,medium,false,false,false,false,false,"Codex provisional: the Line meaning '決定と留保' has a conceivable bridge, but it is too indirect to support the Entry reliably."
E023/L043,E023,L043,"もう使わない場所の写真を消した。
容量はほとんど変わらなかった。
消したという事実だけが少し大きい。",会議が終わってから見つかる席もある。,30,30,b_v2_band_sensitivity_codex_review_v1,codex_provisional,true,false,not_obserbing,unrelated,high,false,false,false,false,true,Codex provisional: the Line meaning '会議後に気づく立場' does not provide a meaningful bridge to the Entry.
E023/L048,E023,L048,"もう使わない場所の写真を消した。
容量はほとんど変わらなかった。
消したという事実だけが少し大きい。",進捗のない日にも、使われた時間の跡はある。,72,72,b_v2_band_sensitivity_codex_review_v1,codex_provisional,true,false,too_far,weak_connection,medium,false,false,false,false,false,"Codex provisional: the Line meaning '成果と時間の分離' has a conceivable bridge, but it is too indirect to support the Entry reliably."
E023/L051,E023,L051,"もう使わない場所の写真を消した。
容量はほとんど変わらなかった。
消したという事実だけが少し大きい。",直した跡は、間違いがあった場所だけに残る。,74,74,b_v2_band_sensitivity_codex_review_v1,codex_provisional,true,true,just_right,analogical_transfer,low,true,false,false,false,false,Codex provisional: the Line meaning '修復の痕跡' provides a usable reflective bridge without merely restating the Entry.
E023/L053,E023,L053,"もう使わない場所の写真を消した。
容量はほとんど変わらなかった。
消したという事実だけが少し大きい。",戻れない時間にも、直せたものは置かれている。,12,12,b_v2_band_sensitivity_codex_review_v1,codex_provisional,true,false,too_far,weak_connection,medium,false,false,false,false,false,"Codex provisional: the Line meaning '不可逆性と修復' has a conceivable bridge, but it is too indirect to support the Entry reliably."
E023/L057,E023,L057,"もう使わない場所の写真を消した。
容量はほとんど変わらなかった。
消したという事実だけが少し大きい。",見つからなかった間違いと、見つけた自分は同時にいる。,60,60,b_v2_band_sensitivity_codex_review_v1,codex_provisional,true,false,not_obserbing,unrelated,high,false,false,false,false,true,Codex provisional: the Line meaning '発見と自己' does not provide a meaningful bridge to the Entry.
E023/L062,E023,L062,"もう使わない場所の写真を消した。
容量はほとんど変わらなかった。
消したという事実だけが少し大きい。",便利になった場所にも、馴染むまでの影がある。,46,46,b_v2_band_sensitivity_codex_review_v1,codex_provisional,true,false,too_far,weak_connection,medium,false,false,false,false,false,"Codex provisional: the Line meaning '改善と馴染み' has a conceivable bridge, but it is too indirect to support the Entry reliably."
E023/L063,E023,L063,"もう使わない場所の写真を消した。
容量はほとんど変わらなかった。
消したという事実だけが少し大きい。",新しいものの箱には、古いものの時間も入る。,8,8,b_v2_band_sensitivity_codex_review_v1,codex_provisional,true,true,just_right,analogical_transfer,low,true,false,false,false,false,Codex provisional: the Line meaning '更新と過去' provides a usable reflective bridge without merely restating the Entry.
E023/L066,E023,L066,"もう使わない場所の写真を消した。
容量はほとんど変わらなかった。
消したという事実だけが少し大きい。",手放した場所に、手の形だけがしばらく残る。,164,164,b_v2_band_sensitivity_codex_review_v1,codex_provisional,true,true,just_right,analogical_transfer,medium,false,false,false,false,false,Codex provisional: the Line meaning '手放しの余韻' provides a usable reflective bridge without merely restating the Entry.
E023/L068,E023,L068,"もう使わない場所の写真を消した。
容量はほとんど変わらなかった。
消したという事実だけが少し大きい。",更新されたものには、更新されなかった部分がよく見える。,277,231,b_v2_band_sensitivity_codex_review_v1,codex_provisional,true,false,too_far,weak_connection,medium,false,false,false,false,false,"Codex provisional: the Line meaning '変化と残存' has a conceivable bridge, but it is too indirect to support the Entry reliably."
E023/L072,E023,L072,"もう使わない場所の写真を消した。
容量はほとんど変わらなかった。
消したという事実だけが少し大きい。",消した記録は、消したという記録を残す。,176,96,b_v2_integrated_codex_judgments_v1,codex_integrated_v1,true,false,too_close,direct_restatement,high,false,false,false,false,false,A deleted record leaving a deletion record directly restates the Entry's central observation.
E023/L077,E023,L077,"もう使わない場所の写真を消した。
容量はほとんど変わらなかった。
消したという事実だけが少し大きい。",捨てなかった箱は、まだ決めていない時間を守る。,22,22,b_v2_band_sensitivity_codex_review_v1,codex_provisional,true,false,too_far,weak_connection,medium,false,false,false,false,false,"Codex provisional: the Line meaning '保留された手放し' has a conceivable bridge, but it is too indirect to support the Entry reliably."
E023/L102,E023,L102,"もう使わない場所の写真を消した。
容量はほとんど変わらなかった。
消したという事実だけが少し大きい。",終えた三つより、始めなかった一つは声が大きい。,121,43,b_v2_band_sensitivity_codex_review_v1,codex_provisional,true,false,not_obserbing,unrelated,high,false,false,false,false,true,Codex provisional: the Line meaning '達成と追加期待' does not provide a meaningful bridge to the Entry.
E024/L004,E024,L004,終わったことに名前をつけると、まだ続いていた部分まで終わる気がする。,分かれ道は、通り過ぎても消えない。,510,510,b_v2_integrated_codex_judgments_v1,codex_integrated_v1,true,true,just_right,analogical_transfer,low,true,false,false,false,false,A fork remaining after it is passed may map residual continuation after naming an end but the direction is ambiguous.
E024/L005,E024,L005,終わったことに名前をつけると、まだ続いていた部分まで終わる気がする。,答えより先に、選んだという事実が残る。,65,65,b_v2_band_sensitivity_codex_review_v1,codex_provisional,true,true,just_right,analogical_transfer,medium,false,false,false,false,false,Codex provisional: the Line meaning '決定の事実性' provides a usable reflective bridge without merely restating the Entry.
E024/L007,E024,L007,終わったことに名前をつけると、まだ続いていた部分まで終わる気がする。,扉は、開ける音より閉じる音の方が長く残る。,614,389,b_v2_band_sensitivity_codex_review_v1,codex_provisional,true,true,just_right,analogical_transfer,medium,false,false,false,false,false,Codex provisional: the Line meaning '決定と喪失' provides a usable reflective bridge without merely restating the Entry.
E024/L008,E024,L008,終わったことに名前をつけると、まだ続いていた部分まで終わる気がする。,決めかけた言葉には、まだ余白がある。,63,63,b_v2_band_sensitivity_codex_review_v1,codex_provisional,true,true,just_right,analogical_transfer,medium,false,false,false,false,false,Codex provisional: the Line meaning '決定と留保' provides a usable reflective bridge without merely restating the Entry.
E024/L021,E024,L021,終わったことに名前をつけると、まだ続いていた部分まで終わる気がする。,会話のあとに残る声は、話した人のものだけではない。,15,15,b_v2_band_sensitivity_codex_review_v1,codex_provisional,true,false,too_far,weak_connection,medium,false,false,false,false,false,"Codex provisional: the Line meaning '対話後の余韻' has a conceivable bridge, but it is too indirect to support the Entry reliably."
E024/L025,E024,L025,終わったことに名前をつけると、まだ続いていた部分まで終わる気がする。,聞いていた言葉と、待っていた言葉は似ている。,18,18,b_v2_band_sensitivity_codex_review_v1,codex_provisional,true,false,not_obserbing,unrelated,high,false,false,false,false,true,Codex provisional: the Line meaning '聞くことと発話待ち' does not provide a meaningful bridge to the Entry.
E024/L032,E024,L032,終わったことに名前をつけると、まだ続いていた部分まで終わる気がする。,返さなかった言葉のぶん、静かな場所ができる。,217,217,b_v2_integrated_codex_judgments_v1,codex_integrated_v1,true,false,not_obserbing,unrelated,high,false,false,false,false,true,Unreturned words creating silence does not connect to naming an ending.
E024/L036,E024,L036,終わったことに名前をつけると、まだ続いていた部分まで終わる気がする。,離れたあとで、近すぎた音が聞こえる。,6,6,b_v2_band_sensitivity_codex_review_v1,codex_provisional,true,false,too_far,weak_connection,medium,false,false,false,false,false,"Codex provisional: the Line meaning '距離後の再評価' has a conceivable bridge, but it is too indirect to support the Entry reliably."
E024/L037,E024,L037,終わったことに名前をつけると、まだ続いていた部分まで終わる気がする。,境界は壁ではなく、二つの場所の名前でもある。,34,34,b_v2_band_sensitivity_codex_review_v1,codex_provisional,true,true,just_right,analogical_transfer,low,true,false,false,false,false,Codex provisional: the Line meaning '境界の両義性' provides a usable reflective bridge without merely restating the Entry.
E024/L042,E024,L042,終わったことに名前をつけると、まだ続いていた部分まで終わる気がする。,机には、終わった仕事より残った姿勢がある。,18,18,b_v2_band_sensitivity_codex_review_v1,codex_provisional,true,true,just_right,analogical_transfer,medium,false,false,false,false,false,Codex provisional: the Line meaning '作業後の身体感覚' provides a usable reflective bridge without merely restating the Entry.
E024/L043,E024,L043,終わったことに名前をつけると、まだ続いていた部分まで終わる気がする。,会議が終わってから見つかる席もある。,18,18,b_v2_band_sensitivity_codex_review_v1,codex_provisional,true,false,not_obserbing,unrelated,high,false,false,false,false,true,Codex provisional: the Line meaning '会議後に気づく立場' does not provide a meaningful bridge to the Entry.
E024/L044,E024,L044,終わったことに名前をつけると、まだ続いていた部分まで終わる気がする。,区切りは、仕事の量より光の変化に似ている。,24,24,b_v2_band_sensitivity_codex_review_v1,codex_provisional,true,true,just_right,analogical_transfer,medium,false,false,false,false,false,Codex provisional: the Line meaning '終業感覚' provides a usable reflective bridge without merely restating the Entry.
E024/L062,E024,L062,終わったことに名前をつけると、まだ続いていた部分まで終わる気がする。,便利になった場所にも、馴染むまでの影がある。,9,9,b_v2_band_sensitivity_codex_review_v1,codex_provisional,true,false,not_obserbing,unrelated,high,false,false,false,false,true,Codex provisional: the Line meaning '改善と馴染み' does not provide a meaningful bridge to the Entry.
E024/L068,E024,L068,終わったことに名前をつけると、まだ続いていた部分まで終わる気がする。,更新されたものには、更新されなかった部分がよく見える。,173,173,b_v2_band_sensitivity_codex_review_v1,codex_provisional,true,false,too_far,weak_connection,medium,false,false,false,false,false,"Codex provisional: the Line meaning '変化と残存' has a conceivable bridge, but it is too indirect to support the Entry reliably."
E024/L073,E024,L073,終わったことに名前をつけると、まだ続いていた部分まで終わる気がする。,名前をつけると、終わりの輪郭が濃くなる。,28,28,reflective_distance_codex_judgments_v1,codex_reassessment,true,false,too_close,direct_restatement,high,false,false,false,false,false,終わりに名前をつけると輪郭が濃くなるというEntryをほぼそのまま繰り返す
E024/L076,E024,L076,終わったことに名前をつけると、まだ続いていた部分まで終わる気がする。,終わった線の先にも、同じ紙が続いている。,170,126,reflective_distance_codex_judgments_v1,codex_reassessment,true,true,just_right,analogical_transfer,high,false,false,false,false,false,名付けた終わりの外にも続く部分があることを線の先にも続く紙へ転写する
E024/L078,E024,L078,終わったことに名前をつけると、まだ続いていた部分まで終わる気がする。,不在は、ときどき物より先に部屋へ着く。,6,6,b_v2_band_sensitivity_codex_review_v1,codex_provisional,true,true,just_right,same_domain,medium,false,false,false,false,false,Codex provisional: the Line meaning '不在の感覚' provides a usable reflective bridge without merely restating the Entry.
E024/L083,E024,L083,終わったことに名前をつけると、まだ続いていた部分まで終わる気がする。,選んだ一人にも、選ばなかった誰かの気配がある。,32,32,b_v2_band_sensitivity_codex_review_v1,codex_provisional,true,true,just_right,analogical_transfer,low,true,false,false,false,false,Codex provisional: the Line meaning '選択した孤独と他者' provides a usable reflective bridge without merely restating the Entry.
E024/L092,E024,L092,終わったことに名前をつけると、まだ続いていた部分まで終わる気がする。,待つ時間は、終わる直前に形を変える。,99,99,b_v2_integrated_codex_judgments_v1,codex_integrated_v1,true,true,just_right,same_domain,medium,false,false,false,false,false,Waiting changing at the edge of an ending reflects how naming an ending can close what still continued.
E024/L093,E024,L093,終わったことに名前をつけると、まだ続いていた部分まで終わる気がする。,十二枚の紙にも、長かった午後は折りたためない。,150,150,b_v2_band_sensitivity_codex_review_v1,codex_provisional,true,false,too_far,weak_connection,medium,false,false,false,false,false,"Codex provisional: the Line meaning '暦と体感時間' has a conceivable bridge, but it is too indirect to support the Entry reliably."
E024/L094,E024,L094,終わったことに名前をつけると、まだ続いていた部分まで終わる気がする。,時計は同じ幅で進み、日は違う深さで残る。,23,23,b_v2_band_sensitivity_codex_review_v1,codex_provisional,true,false,too_far,weak_connection,medium,false,false,false,false,false,"Codex provisional: the Line meaning '客観時間と体感' has a conceivable bridge, but it is too indirect to support the Entry reliably."
E024/L095,E024,L095,終わったことに名前をつけると、まだ続いていた部分まで終わる気がする。,過ぎたあとで長くなる時間もある。,15,15,b_v2_band_sensitivity_codex_review_v1,codex_provisional,true,false,too_far,weak_connection,medium,false,false,false,false,false,"Codex provisional: the Line meaning '回想による時間変化' has a conceivable bridge, but it is too indirect to support the Entry reliably."
E024/L097,E024,L097,終わったことに名前をつけると、まだ続いていた部分まで終わる気がする。,未来を見ている間も、足元は静かに通り過ぎる。,18,18,b_v2_band_sensitivity_codex_review_v1,codex_provisional,true,false,not_obserbing,unrelated,high,false,false,false,false,true,Codex provisional: the Line meaning '未来と現在の通過' does not provide a meaningful bridge to the Entry.
E025/L007,E025,L007,一人で食べるのは平気だった。おいしかったと誰にも言わないのが少しだけ残った。,扉は、開ける音より閉じる音の方が長く残る。,80,80,b_v2_band_sensitivity_codex_review_v1,codex_provisional,true,false,too_far,weak_connection,medium,false,false,false,false,false,"Codex provisional: the Line meaning '決定と喪失' has a conceivable bridge, but it is too indirect to support the Entry reliably."
E025/L032,E025,L032,一人で食べるのは平気だった。おいしかったと誰にも言わないのが少しだけ残った。,返さなかった言葉のぶん、静かな場所ができる。,154,154,b_v2_band_sensitivity_codex_review_v1,codex_provisional,true,true,just_right,analogical_transfer,medium,false,false,false,false,false,Codex provisional: the Line meaning '未返信と静けさ' provides a usable reflective bridge without merely restating the Entry.
E025/L048,E025,L048,一人で食べるのは平気だった。おいしかったと誰にも言わないのが少しだけ残った。,進捗のない日にも、使われた時間の跡はある。,2,2,b_v2_band_sensitivity_codex_review_v1,codex_provisional,true,false,too_far,weak_connection,medium,false,false,false,false,false,"Codex provisional: the Line meaning '成果と時間の分離' has a conceivable bridge, but it is too indirect to support the Entry reliably."
E025/L052,E025,L052,一人で食べるのは平気だった。おいしかったと誰にも言わないのが少しだけ残った。,小さな欠けは、広い面の中でよく光る。,440,352,b_v2_integrated_codex_judgments_v1,codex_integrated_v1,true,true,just_right,analogical_transfer,high,false,false,false,false,false,A small missing part shining within a satisfactory whole maps the absent act of sharing an enjoyable meal.
E025/L055,E025,L055,一人で食べるのは平気だった。おいしかったと誰にも言わないのが少しだけ残った。,できなかった一つは、数え方を変える力が強い。,37,37,b_v2_band_sensitivity_codex_review_v1,codex_provisional,true,true,just_right,analogical_transfer,low,true,false,false,false,false,Codex provisional: the Line meaning '未達成による評価の偏り' provides a usable reflective bridge without merely restating the Entry.
E025/L057,E025,L057,一人で食べるのは平気だった。おいしかったと誰にも言わないのが少しだけ残った。,見つからなかった間違いと、見つけた自分は同時にいる。,48,48,b_v2_band_sensitivity_codex_review_v1,codex_provisional,true,false,not_obserbing,unrelated,high,false,false,false,false,true,Codex provisional: the Line meaning '発見と自己' does not provide a meaningful bridge to the Entry.
E025/L066,E025,L066,一人で食べるのは平気だった。おいしかったと誰にも言わないのが少しだけ残った。,手放した場所に、手の形だけがしばらく残る。,154,154,b_v2_integrated_codex_judgments_v1,codex_integrated_v1,true,false,too_far,weak_connection,medium,false,false,false,false,false,A hand-shape left at a released place does not clearly map the unshared comment after eating alone.
E025/L068,E025,L068,一人で食べるのは平気だった。おいしかったと誰にも言わないのが少しだけ残った。,更新されたものには、更新されなかった部分がよく見える。,10,10,b_v2_band_sensitivity_codex_review_v1,codex_provisional,true,false,too_far,weak_connection,medium,false,false,false,false,false,"Codex provisional: the Line meaning '変化と残存' has a conceivable bridge, but it is too indirect to support the Entry reliably."
E025/L072,E025,L072,一人で食べるのは平気だった。おいしかったと誰にも言わないのが少しだけ残った。,消した記録は、消したという記録を残す。,73,73,b_v2_band_sensitivity_codex_review_v1,codex_provisional,true,false,too_far,weak_connection,medium,false,false,false,false,false,"Codex provisional: the Line meaning '削除の痕跡' has a conceivable bridge, but it is too indirect to support the Entry reliably."
E025/L076,E025,L076,一人で食べるのは平気だった。おいしかったと誰にも言わないのが少しだけ残った。,終わった線の先にも、同じ紙が続いている。,141,129,b_v2_band_sensitivity_codex_review_v1,codex_provisional,true,true,just_right,analogical_transfer,low,true,false,false,false,false,Codex provisional: the Line meaning '終結と継続' provides a usable reflective bridge without merely restating the Entry.
E025/L078,E025,L078,一人で食べるのは平気だった。おいしかったと誰にも言わないのが少しだけ残った。,不在は、ときどき物より先に部屋へ着く。,20,20,b_v2_band_sensitivity_codex_review_v1,codex_provisional,true,true,just_right,analogical_transfer,medium,false,false,false,false,false,Codex provisional: the Line meaning '不在の感覚' provides a usable reflective bridge without merely restating the Entry.
E025/L081,E025,L081,一人で食べるのは平気だった。おいしかったと誰にも言わないのが少しだけ残った。,一人分の食卓にも、二つ目の言葉が置かれる場所がある。,30,30,reflective_distance_codex_judgments_v1,codex_reassessment,true,true,just_right,same_domain,high,false,false,false,false,false,一人の食卓に誰かへ渡したい言葉の場所が残る像で共有されない余韻を照らす
E025/L085,E025,L085,一人で食べるのは平気だった。おいしかったと誰にも言わないのが少しだけ残った。,空席の数と、孤独の数は一致しない。,160,159,b_v2_band_sensitivity_codex_review_v1,codex_provisional,true,true,just_right,same_domain,medium,false,false,false,false,false,Codex provisional: the Line meaning '物理的単独と孤独感' provides a usable reflective bridge without merely restating the Entry.
E025/L088,E025,L088,一人で食べるのは平気だった。おいしかったと誰にも言わないのが少しだけ残った。,共有しなかった出来事にも、同じ一日の重さがある。,6,6,reflective_distance_codex_judgments_v1,codex_reassessment,true,true,just_right,same_domain,medium,false,false,false,false,false,共有しなかった小さな出来事にも一日の重さがあると余韻を別角度から残す
E025/L101,E025,L101,一人で食べるのは平気だった。おいしかったと誰にも言わないのが少しだけ残った。,主語のない期待も、肩には重さを残す。,136,136,b_v2_integrated_codex_judgments_v1,codex_integrated_v1,true,false,too_far,weak_connection,medium,false,false,false,false,false,Ownerless expectation and its weight do not provide a discoverable bridge to wanting to share taste.
E025/L105,E025,L105,一人で食べるのは平気だった。おいしかったと誰にも言わないのが少しだけ残った。,満ちた器にも、次の一滴の場所を探す目がある。,84,84,b_v2_band_sensitivity_codex_review_v1,codex_provisional,true,true,just_right,analogical_transfer,medium,false,false,false,false,false,Codex provisional: the Line meaning '達成後の不足探索' provides a usable reflective bridge without merely restating the Entry.
E026/L007,E026,L007,"休日は誰にも会わなかった。
静かでよかった。
夜になって、今日の声を自分しか聞いていないことに気づいた。",扉は、開ける音より閉じる音の方が長く残る。,172,156,b_v2_integrated_codex_judgments_v1,codex_integrated_v1,true,false,too_far,weak_connection,medium,false,false,false,false,false,A closing sound lingering only weakly connects to a silent day without social contact.
E026/L013,E026,L013,"休日は誰にも会わなかった。
静かでよかった。
夜になって、今日の声を自分しか聞いていないことに気づいた。",霧の中では、近いものまで遠く見える。,50,50,b_v2_band_sensitivity_codex_review_v1,codex_provisional,true,false,too_far,weak_connection,medium,false,false,false,false,false,"Codex provisional: the Line meaning '不確実性による距離感' has a conceivable bridge, but it is too indirect to support the Entry reliably."
E026/L022,E026,L022,"休日は誰にも会わなかった。
静かでよかった。
夜になって、今日の声を自分しか聞いていないことに気づいた。",親しさにも、呼吸する間がある。,30,30,b_v2_band_sensitivity_codex_review_v1,codex_provisional,true,false,too_far,weak_connection,medium,false,false,false,false,false,"Codex provisional: the Line meaning '親しさと間隔' has a conceivable bridge, but it is too indirect to support the Entry reliably."
E026/L025,E026,L025,"休日は誰にも会わなかった。
静かでよかった。
夜になって、今日の声を自分しか聞いていないことに気づいた。",聞いていた言葉と、待っていた言葉は似ている。,155,155,b_v2_band_sensitivity_codex_review_v1,codex_provisional,true,false,too_far,weak_connection,medium,false,false,false,false,false,"Codex provisional: the Line meaning '聞くことと発話待ち' has a conceivable bridge, but it is too indirect to support the Entry reliably."
E026/L031,E026,L031,"休日は誰にも会わなかった。
静かでよかった。
夜になって、今日の声を自分しか聞いていないことに気づいた。",距離は、離れたときだけ生まれるものではない。,2,2,b_v2_band_sensitivity_codex_review_v1,codex_provisional,true,false,too_far,weak_connection,medium,false,false,false,false,false,"Codex provisional: the Line meaning '心理的距離の多様性' has a conceivable bridge, but it is too indirect to support the Entry reliably."
E026/L032,E026,L032,"休日は誰にも会わなかった。
静かでよかった。
夜になって、今日の声を自分しか聞いていないことに気づいた。",返さなかった言葉のぶん、静かな場所ができる。,302,215,b_v2_band_sensitivity_codex_review_v1,codex_provisional,true,true,just_right,analogical_transfer,medium,false,false,false,false,false,Codex provisional: the Line meaning '未返信と静けさ' provides a usable reflective bridge without merely restating the Entry.
E026/L043,E026,L043,"休日は誰にも会わなかった。
静かでよかった。
夜になって、今日の声を自分しか聞いていないことに気づいた。",会議が終わってから見つかる席もある。,155,155,b_v2_integrated_codex_judgments_v1,codex_integrated_v1,true,false,too_far,weak_connection,medium,false,false,false,false,false,A seat discovered after a meeting is too remote from noticing that only oneself heard the day's voice.
E026/L046,E026,L046,"休日は誰にも会わなかった。
静かでよかった。
夜になって、今日の声を自分しか聞いていないことに気づいた。",終わった項目の間に、一日の形が隠れている。,49,49,b_v2_band_sensitivity_codex_review_v1,codex_provisional,true,false,too_far,weak_connection,medium,false,false,false,false,false,"Codex provisional: the Line meaning 'タスクと一日' has a conceivable bridge, but it is too indirect to support the Entry reliably."
E026/L047,E026,L047,"休日は誰にも会わなかった。
静かでよかった。
夜になって、今日の声を自分しか聞いていないことに気づいた。",手を止めても、考えていた速度はすぐには止まらない。,82,82,b_v2_band_sensitivity_codex_review_v1,codex_provisional,true,false,not_obserbing,unrelated,high,false,false,false,false,true,Codex provisional: the Line meaning '作業後の慣性' does not provide a meaningful bridge to the Entry.
E026/L082,E026,L082,"休日は誰にも会わなかった。
静かでよかった。
夜になって、今日の声を自分しか聞いていないことに気づいた。",静かな日は、自分の声の距離がよくわかる。,130,130,reflective_distance_codex_judgments_v1,codex_reassessment,true,false,too_close,direct_restatement,high,false,false,false,false,false,静かな一日と自分の声の距離をEntryの具体に沿って直接言い換える
E026/L085,E026,L085,"休日は誰にも会わなかった。
静かでよかった。
夜になって、今日の声を自分しか聞いていないことに気づいた。",空席の数と、孤独の数は一致しない。,54,54,b_v2_band_sensitivity_codex_review_v1,codex_provisional,true,false,too_close,direct_restatement,high,false,false,false,false,false,Codex provisional: the Line meaning '物理的単独と孤独感' follows the Entry structure too directly to create reflective distance.
E026/L086,E026,L086,"休日は誰にも会わなかった。
静かでよかった。
夜になって、今日の声を自分しか聞いていないことに気づいた。",一人の夜には、時計の音が少し近い。,40,40,b_v2_band_sensitivity_codex_review_v1,codex_provisional,true,true,just_right,same_domain,medium,false,false,false,false,false,Codex provisional: the Line meaning '単独時の感覚' provides a usable reflective bridge without merely restating the Entry.
E026/L087,E026,L087,"休日は誰にも会わなかった。
静かでよかった。
夜になって、今日の声を自分しか聞いていないことに気づいた。",静けさを望んだ耳も、静けさを確かめる。,65,65,reflective_distance_codex_judgments_v1,codex_reassessment,true,false,too_close,direct_restatement,medium,false,false,false,false,false,静けさを望みながら後で確かめるというEntryの転回をそのまま要約する
E026/L101,E026,L101,"休日は誰にも会わなかった。
静かでよかった。
夜になって、今日の声を自分しか聞いていないことに気づいた。",主語のない期待も、肩には重さを残す。,38,38,b_v2_band_sensitivity_codex_review_v1,codex_provisional,true,false,not_obserbing,unrelated,high,false,false,false,false,true,Codex provisional: the Line meaning '出所不明の期待' does not provide a meaningful bridge to the Entry.
E026/L111,E026,L111,"休日は誰にも会わなかった。
静かでよかった。
夜になって、今日の声を自分しか聞いていないことに気づいた。",よく乾いた布には、その日の光が少し残る。,43,43,b_v2_band_sensitivity_codex_review_v1,codex_provisional,true,true,just_right,analogical_transfer,low,true,false,false,false,false,Codex provisional: the Line meaning '小さな生活の充足' provides a usable reflective bridge without merely restating the Entry.
E026/L114,E026,L114,"休日は誰にも会わなかった。
静かでよかった。
夜になって、今日の声を自分しか聞いていないことに気づいた。",小さな出来事ほど、一日の底で長く光る。,211,211,b_v2_integrated_codex_judgments_v1,codex_integrated_v1,true,true,just_right,same_domain,high,false,false,false,false,false,A small event glowing at the bottom of a day reframes the significance of a quiet day heard only by oneself.
E026/L116,E026,L116,"休日は誰にも会わなかった。
静かでよかった。
夜になって、今日の声を自分しか聞いていないことに気づいた。",覚えておくほどでもない日は、静かに覚えられる。,298,298,b_v2_band_sensitivity_codex_review_v1,codex_provisional,true,true,just_right,analogical_transfer,low,true,false,false,false,false,Codex provisional: the Line meaning '平凡な日の記録' provides a usable reflective bridge without merely restating the Entry.
E027/L012,E027,L012,一人になりたかったのに、一人になったことを確認している。,わからなさは、空白ではなく形の途中かもしれない。,21,21,b_v2_band_sensitivity_codex_review_v1,codex_provisional,true,false,too_far,weak_connection,medium,false,false,false,false,false,"Codex provisional: the Line meaning '未確定な状態' has a conceivable bridge, but it is too indirect to support the Entry reliably."
E027/L013,E027,L013,一人になりたかったのに、一人になったことを確認している。,霧の中では、近いものまで遠く見える。,29,29,b_v2_band_sensitivity_codex_review_v1,codex_provisional,true,false,too_far,weak_connection,medium,false,false,false,false,false,"Codex provisional: the Line meaning '不確実性による距離感' has a conceivable bridge, but it is too indirect to support the Entry reliably."
E027/L022,E027,L022,一人になりたかったのに、一人になったことを確認している。,親しさにも、呼吸する間がある。,156,120,b_v2_band_sensitivity_codex_review_v1,codex_provisional,true,false,too_far,weak_connection,medium,false,false,false,false,false,"Codex provisional: the Line meaning '親しさと間隔' has a conceivable bridge, but it is too indirect to support the Entry reliably."
E027/L023,E027,L023,一人になりたかったのに、一人になったことを確認している。,同じ席にいても、見ている窓は違う。,271,271,b_v2_integrated_codex_judgments_v1,codex_integrated_v1,true,false,too_far,weak_connection,medium,false,false,false,false,false,Different views from the same seat do not clearly map wanting and then monitoring solitude.
E027/L031,E027,L031,一人になりたかったのに、一人になったことを確認している。,距離は、離れたときだけ生まれるものではない。,723,397,b_v2_integrated_codex_judgments_v1,codex_integrated_v1,true,true,just_right,same_domain,high,false,false,false,false,false,It opens the distinction between desired solitude and the felt distance one keeps checking.
E027/L082,E027,L082,一人になりたかったのに、一人になったことを確認している。,静かな日は、自分の声の距離がよくわかる。,600,300,b_v2_band_sensitivity_codex_review_v1,codex_provisional,true,true,just_right,same_domain,low,true,false,false,false,false,Codex provisional: the Line meaning '静けさと自己の声' provides a usable reflective bridge without merely restating the Entry.
E027/L085,E027,L085,一人になりたかったのに、一人になったことを確認している。,空席の数と、孤独の数は一致しない。,210,140,b_v2_band_sensitivity_codex_review_v1,codex_provisional,true,true,just_right,same_domain,low,true,false,false,false,false,Codex provisional: the Line meaning '物理的単独と孤独感' provides a usable reflective bridge without merely restating the Entry.
E028/L014,E028,L014,来週の予定ばかり見ていたら、今日がもう夜になっていた。,予想は、未来より今の輪郭を映す。,188,188,reflective_distance_codex_judgments_v1,codex_reassessment,true,true,just_right,analogical_transfer,high,false,false,false,false,false,未来への予想が現在の見え方を変える構造として今日を見失う状態を照らす
E028/L015,E028,L015,来週の予定ばかり見ていたら、今日がもう夜になっていた。,まだ起きていないことにも、影はできる。,58,58,b_v2_band_sensitivity_codex_review_v1,codex_provisional,true,true,just_right,analogical_transfer,medium,false,false,false,false,false,Codex provisional: the Line meaning '予期の影響' provides a usable reflective bridge without merely restating the Entry.
E028/L027,E028,L027,来週の予定ばかり見ていたら、今日がもう夜になっていた。,一緒に笑った時間は、次の約束を要求しない。,72,72,b_v2_band_sensitivity_codex_review_v1,codex_provisional,true,false,not_obserbing,unrelated,high,false,false,false,false,true,Codex provisional: the Line meaning '楽しさと継続義務の分離' does not provide a meaningful bridge to the Entry.
E028/L035,E028,L035,来週の予定ばかり見ていたら、今日がもう夜になっていた。,空いた席は、不在より先に距離を語る。,42,42,b_v2_band_sensitivity_codex_review_v1,codex_provisional,true,false,not_obserbing,unrelated,high,false,false,false,false,true,Codex provisional: the Line meaning '不在の可視化' does not provide a meaningful bridge to the Entry.
E028/L091,E028,L091,来週の予定ばかり見ていたら、今日がもう夜になっていた。,先の予定をめくる指の下で、今日も一枚になっていく。,340,340,b_v2_integrated_codex_judgments_v1,codex_integrated_v1,true,false,too_close,direct_restatement,high,false,false,false,false,false,Future calendar pages turning today into a page closely paraphrases the Entry.
E028/L097,E028,L097,来週の予定ばかり見ていたら、今日がもう夜になっていた。,未来を見ている間も、足元は静かに通り過ぎる。,1122,647,reflective_distance_codex_judgments_v1,codex_reassessment,true,false,too_close,direct_restatement,high,false,false,false,false,false,未来を見ている間に今日が過ぎるというEntryの時間関係を直接言い換える
E028/L098,E028,L098,来週の予定ばかり見ていたら、今日がもう夜になっていた。,区切った時間の隙間に、区切れない一日がある。,28,28,b_v2_band_sensitivity_codex_review_v1,codex_provisional,true,true,just_right,same_domain,low,true,false,false,false,false,Codex provisional: the Line meaning '時間単位と連続性' provides a usable reflective bridge without merely restating the Entry.
E028/L101,E028,L101,来週の予定ばかり見ていたら、今日がもう夜になっていた。,主語のない期待も、肩には重さを残す。,2,2,b_v2_band_sensitivity_codex_review_v1,codex_provisional,true,false,too_far,weak_connection,medium,false,false,false,false,false,"Codex provisional: the Line meaning '出所不明の期待' has a conceivable bridge, but it is too indirect to support the Entry reliably."
E028/L102,E028,L102,来週の予定ばかり見ていたら、今日がもう夜になっていた。,終えた三つより、始めなかった一つは声が大きい。,199,167,b_v2_band_sensitivity_codex_review_v1,codex_provisional,true,false,too_far,weak_connection,medium,false,false,false,false,false,"Codex provisional: the Line meaning '達成と追加期待' has a conceivable bridge, but it is too indirect to support the Entry reliably."
E028/L103,E028,L103,来週の予定ばかり見ていたら、今日がもう夜になっていた。,『もっと』は、いつも少し早く席に着いている。,66,57,b_v2_band_sensitivity_codex_review_v1,codex_provisional,true,false,too_far,weak_connection,medium,false,false,false,false,false,"Codex provisional: the Line meaning '常在する追加要求' has a conceivable bridge, but it is too indirect to support the Entry reliably."
E028/L107,E028,L107,来週の予定ばかり見ていたら、今日がもう夜になっていた。,期待の影は、持ち主より先に伸びることがある。,358,340,reflective_distance_codex_judgments_v1,codex_reassessment,true,true,just_right,analogical_transfer,high,false,false,false,false,false,先の予定が現在を先取りする構造を持ち主より先に伸びる影へ転写する
E029/L013,E029,L013,"待ち時間が長いと思っていた。
順番が来たら、もう少し待っていてもよかった気がした。",霧の中では、近いものまで遠く見える。,60,60,b_v2_band_sensitivity_codex_review_v1,codex_provisional,true,true,just_right,analogical_transfer,low,true,false,false,false,false,Codex provisional: the Line meaning '不確実性による距離感' provides a usable reflective bridge without merely restating the Entry.
E029/L014,E029,L014,"待ち時間が長いと思っていた。
順番が来たら、もう少し待っていてもよかった気がした。",予想は、未来より今の輪郭を映す。,70,70,b_v2_band_sensitivity_codex_review_v1,codex_provisional,true,false,too_far,weak_connection,medium,false,false,false,false,false,"Codex provisional: the Line meaning '予想と現在認識' has a conceivable bridge, but it is too indirect to support the Entry reliably."
E029/L017,E029,L017,"待ち時間が長いと思っていた。
順番が来たら、もう少し待っていてもよかった気がした。",地図の端は、道の端とは限らない。,275,275,b_v2_band_sensitivity_codex_review_v1,codex_provisional,true,false,too_far,weak_connection,medium,false,false,false,false,false,"Codex provisional: the Line meaning '認識範囲と可能性' has a conceivable bridge, but it is too indirect to support the Entry reliably."
E029/L023,E029,L023,"待ち時間が長いと思っていた。
順番が来たら、もう少し待っていてもよかった気がした。",同じ席にいても、見ている窓は違う。,10,10,b_v2_band_sensitivity_codex_review_v1,codex_provisional,true,false,not_obserbing,unrelated,high,false,false,false,false,true,Codex provisional: the Line meaning '共在と視点差' does not provide a meaningful bridge to the Entry.
E029/L025,E029,L025,"待ち時間が長いと思っていた。
順番が来たら、もう少し待っていてもよかった気がした。",聞いていた言葉と、待っていた言葉は似ている。,58,58,b_v2_band_sensitivity_codex_review_v1,codex_provisional,true,false,too_far,weak_connection,medium,false,false,false,false,false,"Codex provisional: the Line meaning '聞くことと発話待ち' has a conceivable bridge, but it is too indirect to support the Entry reliably."
E029/L026,E029,L026,"待ち時間が長いと思っていた。
順番が来たら、もう少し待っていてもよかった気がした。",近くにいる理由は、近さだけでは測れない。,55,55,b_v2_band_sensitivity_codex_review_v1,codex_provisional,true,false,too_far,weak_connection,medium,false,false,false,false,false,"Codex provisional: the Line meaning '接続理由と距離' has a conceivable bridge, but it is too indirect to support the Entry reliably."
E029/L031,E029,L031,"待ち時間が長いと思っていた。
順番が来たら、もう少し待っていてもよかった気がした。",距離は、離れたときだけ生まれるものではない。,50,50,b_v2_band_sensitivity_codex_review_v1,codex_provisional,true,true,just_right,analogical_transfer,medium,false,false,false,false,false,Codex provisional: the Line meaning '心理的距離の多様性' provides a usable reflective bridge without merely restating the Entry.
E029/L033,E029,L033,"待ち時間が長いと思っていた。
順番が来たら、もう少し待っていてもよかった気がした。",遠くから見える輪郭もある。,166,154,b_v2_integrated_codex_judgments_v1,codex_integrated_v1,true,true,just_right,analogical_transfer,medium,false,false,false,false,false,A contour visible from afar maps recognizing the value of waiting once the turn arrives.
E029/L034,E029,L034,"待ち時間が長いと思っていた。
順番が来たら、もう少し待っていてもよかった気がした。",近さを測る物差しは、日によって伸び縮みする。,281,241,b_v2_band_sensitivity_codex_review_v1,codex_provisional,true,true,just_right,analogical_transfer,medium,false,false,false,false,false,Codex provisional: the Line meaning '距離感の変動' provides a usable reflective bridge without merely restating the Entry.
E029/L036,E029,L036,"待ち時間が長いと思っていた。
順番が来たら、もう少し待っていてもよかった気がした。",離れたあとで、近すぎた音が聞こえる。,203,198,b_v2_integrated_codex_judgments_v1,codex_integrated_v1,true,true,just_right,analogical_transfer,medium,false,false,false,false,false,Hearing former closeness after moving away maps valuing the wait only after it ends.
E029/L037,E029,L037,"待ち時間が長いと思っていた。
順番が来たら、もう少し待っていてもよかった気がした。",境界は壁ではなく、二つの場所の名前でもある。,14,14,b_v2_band_sensitivity_codex_review_v1,codex_provisional,true,false,too_far,weak_connection,medium,false,false,false,false,false,"Codex provisional: the Line meaning '境界の両義性' has a conceivable bridge, but it is too indirect to support the Entry reliably."
E029/L038,E029,L038,"待ち時間が長いと思っていた。
順番が来たら、もう少し待っていてもよかった気がした。",間を置くと、途切れたものと続いているものが分かれる。,9,9,b_v2_band_sensitivity_codex_review_v1,codex_provisional,true,true,just_right,analogical_transfer,low,true,false,false,false,false,Codex provisional: the Line meaning '間隔による関係の識別' provides a usable reflective bridge without merely restating the Entry.
E029/L041,E029,L041,"待ち時間が長いと思っていた。
順番が来たら、もう少し待っていてもよかった気がした。",忙しさは、進んだ距離と同じ単位では測れない。,18,18,b_v2_band_sensitivity_codex_review_v1,codex_provisional,true,false,not_obserbing,unrelated,high,false,false,false,false,true,Codex provisional: the Line meaning '活動量と進捗のずれ' does not provide a meaningful bridge to the Entry.
E029/L091,E029,L091,"待ち時間が長いと思っていた。
順番が来たら、もう少し待っていてもよかった気がした。",先の予定をめくる指の下で、今日も一枚になっていく。,16,16,b_v2_band_sensitivity_codex_review_v1,codex_provisional,true,false,too_far,weak_connection,medium,false,false,false,false,false,"Codex provisional: the Line meaning '未来への注視と現在' has a conceivable bridge, but it is too indirect to support the Entry reliably."
E029/L095,E029,L095,"待ち時間が長いと思っていた。
順番が来たら、もう少し待っていてもよかった気がした。",過ぎたあとで長くなる時間もある。,160,120,reflective_distance_codex_judgments_v1,codex_reassessment,true,true,just_right,same_domain,high,false,false,false,false,false,待ち時間が終わってから惜しくなる逆転を過ぎた後に長くなる時間として開く
E029/L103,E029,L103,"待ち時間が長いと思っていた。
順番が来たら、もう少し待っていてもよかった気がした。",『もっと』は、いつも少し早く席に着いている。,100,100,b_v2_band_sensitivity_codex_review_v1,codex_provisional,true,false,too_far,weak_connection,medium,false,false,false,false,false,"Codex provisional: the Line meaning '常在する追加要求' has a conceivable bridge, but it is too indirect to support the Entry reliably."
E029/L117,E029,L117,"待ち時間が長いと思っていた。
順番が来たら、もう少し待っていてもよかった気がした。",湯気が消えるまでの時間にも、一日は流れている。,255,255,b_v2_integrated_codex_judgments_v1,codex_integrated_v1,true,true,just_right,analogical_transfer,medium,false,false,false,false,false,Time flowing while steam disappears reframes waiting as lived time rather than an empty delay.
E029/L118,E029,L118,"待ち時間が長いと思っていた。
順番が来たら、もう少し待っていてもよかった気がした。",同じ景色を通るたび、同じではないものが増える。,45,45,b_v2_band_sensitivity_codex_review_v1,codex_provisional,true,false,too_far,weak_connection,medium,false,false,false,false,false,"Codex provisional: the Line meaning '反復と変化' has a conceivable bridge, but it is too indirect to support the Entry reliably."
E030/L034,E030,L034,昔は長かった一年を、今は予定表の十二枚として見ている。,近さを測る物差しは、日によって伸び縮みする。,8,8,b_v2_band_sensitivity_codex_review_v1,codex_provisional,true,true,just_right,analogical_transfer,low,true,false,false,false,false,Codex provisional: the Line meaning '距離感の変動' provides a usable reflective bridge without merely restating the Entry.
E030/L035,E030,L035,昔は長かった一年を、今は予定表の十二枚として見ている。,空いた席は、不在より先に距離を語る。,10,10,b_v2_band_sensitivity_codex_review_v1,codex_provisional,true,false,not_obserbing,unrelated,high,false,false,false,false,true,Codex provisional: the Line meaning '不在の可視化' does not provide a meaningful bridge to the Entry.
E030/L036,E030,L036,昔は長かった一年を、今は予定表の十二枚として見ている。,離れたあとで、近すぎた音が聞こえる。,18,18,b_v2_band_sensitivity_codex_review_v1,codex_provisional,true,false,too_far,weak_connection,medium,false,false,false,false,false,"Codex provisional: the Line meaning '距離後の再評価' has a conceivable bridge, but it is too indirect to support the Entry reliably."
E030/L038,E030,L038,昔は長かった一年を、今は予定表の十二枚として見ている。,間を置くと、途切れたものと続いているものが分かれる。,65,65,b_v2_band_sensitivity_codex_review_v1,codex_provisional,true,true,just_right,analogical_transfer,low,true,false,false,false,false,Codex provisional: the Line meaning '間隔による関係の識別' provides a usable reflective bridge without merely restating the Entry.
E030/L044,E030,L044,昔は長かった一年を、今は予定表の十二枚として見ている。,区切りは、仕事の量より光の変化に似ている。,90,90,b_v2_band_sensitivity_codex_review_v1,codex_provisional,true,true,just_right,analogical_transfer,medium,false,false,false,false,false,Codex provisional: the Line meaning '終業感覚' provides a usable reflective bridge without merely restating the Entry.
E030/L065,E030,L065,昔は長かった一年を、今は予定表の十二枚として見ている。,慣れは、変化より少し遅れて到着する。,488,394,reflective_distance_human_review_v1,human_review,false,true,just_right,analogical_transfer,human_confirmed,false,false,false,false,false,Product-owner decision normalized to reflective-distance-v1.
E030/L091,E030,L091,昔は長かった一年を、今は予定表の十二枚として見ている。,先の予定をめくる指の下で、今日も一枚になっていく。,64,64,b_v2_band_sensitivity_codex_review_v1,codex_provisional,true,true,just_right,same_domain,medium,false,false,false,false,false,Codex provisional: the Line meaning '未来への注視と現在' provides a usable reflective bridge without merely restating the Entry.
E030/L093,E030,L093,昔は長かった一年を、今は予定表の十二枚として見ている。,十二枚の紙にも、長かった午後は折りたためない。,56,56,reflective_distance_codex_judgments_v1,codex_reassessment,true,true,just_right,same_domain,medium,false,false,false,false,false,予定表の十二枚へ縮んだ一年に折りたためない経験時間を対置して余白を作る
E030/L094,E030,L094,昔は長かった一年を、今は予定表の十二枚として見ている。,時計は同じ幅で進み、日は違う深さで残る。,88,71,reflective_distance_codex_judgments_v1,codex_reassessment,true,true,just_right,same_domain,medium,false,false,false,false,false,均等な時計と異なる日の深さを対比し予定表に縮んだ一年の外へ経験時間を開く
E030/L096,E030,L096,昔は長かった一年を、今は予定表の十二枚として見ている。,順番が来ると、待っていた場所が少し惜しくなる。,4,4,b_v2_band_sensitivity_codex_review_v1,codex_provisional,true,false,too_far,weak_connection,medium,false,false,false,false,false,"Codex provisional: the Line meaning '待機終了の名残' has a conceivable bridge, but it is too indirect to support the Entry reliably."
E030/L097,E030,L097,昔は長かった一年を、今は予定表の十二枚として見ている。,未来を見ている間も、足元は静かに通り過ぎる。,123,95,b_v2_band_sensitivity_codex_review_v1,codex_provisional,true,true,just_right,same_domain,medium,false,false,false,false,false,Codex provisional: the Line meaning '未来と現在の通過' provides a usable reflective bridge without merely restating the Entry.
E030/L098,E030,L098,昔は長かった一年を、今は予定表の十二枚として見ている。,区切った時間の隙間に、区切れない一日がある。,1134,610,reflective_distance_codex_judgments_v1,codex_reassessment,true,true,just_right,same_domain,high,false,false,false,false,false,予定表で区切った時間と区切れない経験の時間を対比してEntryの見方をずらす
E030/L103,E030,L103,昔は長かった一年を、今は予定表の十二枚として見ている。,『もっと』は、いつも少し早く席に着いている。,45,45,b_v2_band_sensitivity_codex_review_v1,codex_provisional,true,false,not_obserbing,unrelated,high,false,false,false,false,true,Codex provisional: the Line meaning '常在する追加要求' does not provide a meaningful bridge to the Entry.
E030/L107,E030,L107,昔は長かった一年を、今は予定表の十二枚として見ている。,期待の影は、持ち主より先に伸びることがある。,113,75,b_v2_integrated_codex_judgments_v1,codex_integrated_v1,true,false,too_far,weak_connection,medium,false,false,false,false,false,Expectation casting a shadow does not connect clearly to a year's changing perceived length.
E030/L108,E030,L108,昔は長かった一年を、今は予定表の十二枚として見ている。,余った力と、使わなかった力は同じではない。,3,2,b_v2_band_sensitivity_codex_review_v1,codex_provisional,true,false,not_obserbing,unrelated,high,false,false,false,false,true,Codex provisional: the Line meaning '余力と自己評価' does not provide a meaningful bridge to the Entry.
E030/L117,E030,L117,昔は長かった一年を、今は予定表の十二枚として見ている。,湯気が消えるまでの時間にも、一日は流れている。,106,69,b_v2_band_sensitivity_codex_review_v1,codex_provisional,true,true,just_right,analogical_transfer,medium,false,false,false,false,false,Codex provisional: the Line meaning '小さな時間の経過' provides a usable reflective bridge without merely restating the Entry.
E031/L014,E031,L014,誰にも頼まれていないのに、期待に足りない気がする。誰の期待なのかはわからない。,予想は、未来より今の輪郭を映す。,40,40,b_v2_band_sensitivity_codex_review_v1,codex_provisional,true,true,just_right,analogical_transfer,low,true,false,false,false,false,Codex provisional: the Line meaning '予想と現在認識' provides a usable reflective bridge without merely restating the Entry.
E031/L052,E031,L052,誰にも頼まれていないのに、期待に足りない気がする。誰の期待なのかはわからない。,小さな欠けは、広い面の中でよく光る。,160,160,b_v2_band_sensitivity_codex_review_v1,codex_provisional,true,true,just_right,analogical_transfer,medium,false,false,false,false,false,Codex provisional: the Line meaning '欠点への注目' provides a usable reflective bridge without merely restating the Entry.
E031/L054,E031,L054,誰にも頼まれていないのに、期待に足りない気がする。誰の期待なのかはわからない。,失敗のあとに普通の声がすると、世界の続きが見える。,32,32,b_v2_band_sensitivity_codex_review_v1,codex_provisional,true,false,not_obserbing,unrelated,high,false,false,false,false,true,Codex provisional: the Line meaning '失敗後の平常' does not provide a meaningful bridge to the Entry.
E031/L055,E031,L055,誰にも頼まれていないのに、期待に足りない気がする。誰の期待なのかはわからない。,できなかった一つは、数え方を変える力が強い。,68,68,b_v2_band_sensitivity_codex_review_v1,codex_provisional,true,true,just_right,analogical_transfer,medium,false,false,false,false,false,Codex provisional: the Line meaning '未達成による評価の偏り' provides a usable reflective bridge without merely restating the Entry.
E031/L064,E031,L064,誰にも頼まれていないのに、期待に足りない気がする。誰の期待なのかはわからない。,変わったあとで、望んでいた形が見直される。,32,32,b_v2_band_sensitivity_codex_review_v1,codex_provisional,true,false,too_far,weak_connection,medium,false,false,false,false,false,"Codex provisional: the Line meaning '変化後の願望再評価' has a conceivable bridge, but it is too indirect to support the Entry reliably."
E031/L078,E031,L078,誰にも頼まれていないのに、期待に足りない気がする。誰の期待なのかはわからない。,不在は、ときどき物より先に部屋へ着く。,48,48,b_v2_band_sensitivity_codex_review_v1,codex_provisional,true,false,not_obserbing,unrelated,high,false,false,false,false,true,Codex provisional: the Line meaning '不在の感覚' does not provide a meaningful bridge to the Entry.
E031/L082,E031,L082,誰にも頼まれていないのに、期待に足りない気がする。誰の期待なのかはわからない。,静かな日は、自分の声の距離がよくわかる。,52,52,b_v2_band_sensitivity_codex_review_v1,codex_provisional,true,true,just_right,analogical_transfer,low,true,false,false,false,false,Codex provisional: the Line meaning '静けさと自己の声' provides a usable reflective bridge without merely restating the Entry.
E031/L085,E031,L085,誰にも頼まれていないのに、期待に足りない気がする。誰の期待なのかはわからない。,空席の数と、孤独の数は一致しない。,57,57,b_v2_band_sensitivity_codex_review_v1,codex_provisional,true,false,not_obserbing,unrelated,high,false,false,false,false,true,Codex provisional: the Line meaning '物理的単独と孤独感' does not provide a meaningful bridge to the Entry.
E031/L091,E031,L091,誰にも頼まれていないのに、期待に足りない気がする。誰の期待なのかはわからない。,先の予定をめくる指の下で、今日も一枚になっていく。,18,18,b_v2_band_sensitivity_codex_review_v1,codex_provisional,true,false,not_obserbing,unrelated,high,false,false,false,false,true,Codex provisional: the Line meaning '未来への注視と現在' does not provide a meaningful bridge to the Entry.
E031/L092,E031,L092,誰にも頼まれていないのに、期待に足りない気がする。誰の期待なのかはわからない。,待つ時間は、終わる直前に形を変える。,75,61,b_v2_band_sensitivity_codex_review_v1,codex_provisional,true,false,not_obserbing,unrelated,high,false,false,false,false,true,Codex provisional: the Line meaning '待ち時間の反転' does not provide a meaningful bridge to the Entry.
E031/L095,E031,L095,誰にも頼まれていないのに、期待に足りない気がする。誰の期待なのかはわからない。,過ぎたあとで長くなる時間もある。,38,38,b_v2_band_sensitivity_codex_review_v1,codex_provisional,true,false,too_far,weak_connection,medium,false,false,false,false,false,"Codex provisional: the Line meaning '回想による時間変化' has a conceivable bridge, but it is too indirect to support the Entry reliably."
E031/L097,E031,L097,誰にも頼まれていないのに、期待に足りない気がする。誰の期待なのかはわからない。,未来を見ている間も、足元は静かに通り過ぎる。,7,7,b_v2_band_sensitivity_codex_review_v1,codex_provisional,true,false,too_far,weak_connection,medium,false,false,false,false,false,"Codex provisional: the Line meaning '未来と現在の通過' has a conceivable bridge, but it is too indirect to support the Entry reliably."
E031/L101,E031,L101,誰にも頼まれていないのに、期待に足りない気がする。誰の期待なのかはわからない。,主語のない期待も、肩には重さを残す。,553,294,reflective_distance_codex_judgments_v1,codex_reassessment,true,false,too_close,direct_restatement,high,false,false,false,false,false,誰のものかわからない期待が重いというEntryを主語と重さで直接まとめる
E031/L102,E031,L102,誰にも頼まれていないのに、期待に足りない気がする。誰の期待なのかはわからない。,終えた三つより、始めなかった一つは声が大きい。,128,128,b_v2_band_sensitivity_codex_review_v1,codex_provisional,true,true,just_right,same_domain,medium,false,false,false,false,false,Codex provisional: the Line meaning '達成と追加期待' provides a usable reflective bridge without merely restating the Entry.
E031/L105,E031,L105,誰にも頼まれていないのに、期待に足りない気がする。誰の期待なのかはわからない。,満ちた器にも、次の一滴の場所を探す目がある。,365,282,b_v2_integrated_codex_judgments_v1,codex_integrated_v1,true,true,just_right,analogical_transfer,high,false,false,false,false,false,A full vessel still seeking another drop maps feeling insufficient despite no actual request.
E031/L107,E031,L107,誰にも頼まれていないのに、期待に足りない気がする。誰の期待なのかはわからない。,期待の影は、持ち主より先に伸びることがある。,57,57,b_v2_band_sensitivity_codex_review_v1,codex_provisional,true,false,too_close,direct_restatement,high,false,false,false,false,false,Codex provisional: the Line meaning '期待と主体' follows the Entry structure too directly to create reflective distance.
E031/L116,E031,L116,誰にも頼まれていないのに、期待に足りない気がする。誰の期待なのかはわからない。,覚えておくほどでもない日は、静かに覚えられる。,30,30,b_v2_band_sensitivity_codex_review_v1,codex_provisional,true,false,not_obserbing,unrelated,high,false,false,false,false,true,Codex provisional: the Line meaning '平凡な日の記録' does not provide a meaningful bridge to the Entry.
E031/L117,E031,L117,誰にも頼まれていないのに、期待に足りない気がする。誰の期待なのかはわからない。,湯気が消えるまでの時間にも、一日は流れている。,60,60,b_v2_band_sensitivity_codex_review_v1,codex_provisional,true,false,not_obserbing,unrelated,high,false,false,false,false,true,Codex provisional: the Line meaning '小さな時間の経過' does not provide a meaningful bridge to the Entry.
E032/L004,E032,L004,"今日は予定していた三つを終えた。
四つ目を始めなかったことだけが、帰るときに残った。",分かれ道は、通り過ぎても消えない。,64,64,b_v2_band_sensitivity_codex_review_v1,codex_provisional,true,false,too_far,weak_connection,medium,false,false,false,false,false,"Codex provisional: the Line meaning '選択の記憶' has a conceivable bridge, but it is too indirect to support the Entry reliably."
E032/L005,E032,L005,"今日は予定していた三つを終えた。
四つ目を始めなかったことだけが、帰るときに残った。",答えより先に、選んだという事実が残る。,121,121,b_v2_band_sensitivity_codex_review_v1,codex_provisional,true,false,too_far,weak_connection,medium,false,false,false,false,false,"Codex provisional: the Line meaning '決定の事実性' has a conceivable bridge, but it is too indirect to support the Entry reliably."
E032/L008,E032,L008,"今日は予定していた三つを終えた。
四つ目を始めなかったことだけが、帰るときに残った。",決めかけた言葉には、まだ余白がある。,42,42,b_v2_integrated_codex_judgments_v1,codex_integrated_v1,true,false,too_far,weak_connection,medium,false,false,false,false,false,Unfinished wording and remaining room do not clearly map fixation on an unstarted extra task.
E032/L037,E032,L037,"今日は予定していた三つを終えた。
四つ目を始めなかったことだけが、帰るときに残った。",境界は壁ではなく、二つの場所の名前でもある。,1,1,b_v2_band_sensitivity_codex_review_v1,codex_provisional,true,false,not_obserbing,unrelated,high,false,false,false,false,true,Codex provisional: the Line meaning '境界の両義性' does not provide a meaningful bridge to the Entry.
E032/L041,E032,L041,"今日は予定していた三つを終えた。
四つ目を始めなかったことだけが、帰るときに残った。",忙しさは、進んだ距離と同じ単位では測れない。,1,1,b_v2_band_sensitivity_codex_review_v1,codex_provisional,true,false,too_far,weak_connection,medium,false,false,false,false,false,"Codex provisional: the Line meaning '活動量と進捗のずれ' has a conceivable bridge, but it is too indirect to support the Entry reliably."
E032/L042,E032,L042,"今日は予定していた三つを終えた。
四つ目を始めなかったことだけが、帰るときに残った。",机には、終わった仕事より残った姿勢がある。,586,424,b_v2_band_sensitivity_codex_review_v1,codex_provisional,true,true,just_right,analogical_transfer,medium,false,false,false,false,false,Codex provisional: the Line meaning '作業後の身体感覚' provides a usable reflective bridge without merely restating the Entry.
E032/L043,E032,L043,"今日は予定していた三つを終えた。
四つ目を始めなかったことだけが、帰るときに残った。",会議が終わってから見つかる席もある。,68,65,b_v2_integrated_codex_judgments_v1,codex_integrated_v1,true,true,just_right,analogical_transfer,low,true,false,false,false,false,A seat found only after a meeting may map the unstarted fourth task appearing at departure but the bridge is ambiguous.
E032/L046,E032,L046,"今日は予定していた三つを終えた。
四つ目を始めなかったことだけが、帰るときに残った。",終わった項目の間に、一日の形が隠れている。,348,348,b_v2_band_sensitivity_codex_review_v1,codex_provisional,true,true,just_right,analogical_transfer,low,true,false,false,false,false,Codex provisional: the Line meaning 'タスクと一日' provides a usable reflective bridge without merely restating the Entry.
E032/L047,E032,L047,"今日は予定していた三つを終えた。
四つ目を始めなかったことだけが、帰るときに残った。",手を止めても、考えていた速度はすぐには止まらない。,115,115,b_v2_band_sensitivity_codex_review_v1,codex_provisional,true,true,just_right,analogical_transfer,medium,false,false,false,false,false,Codex provisional: the Line meaning '作業後の慣性' provides a usable reflective bridge without merely restating the Entry.
E032/L048,E032,L048,"今日は予定していた三つを終えた。
四つ目を始めなかったことだけが、帰るときに残った。",進捗のない日にも、使われた時間の跡はある。,36,36,b_v2_band_sensitivity_codex_review_v1,codex_provisional,true,false,too_far,weak_connection,medium,false,false,false,false,false,"Codex provisional: the Line meaning '成果と時間の分離' has a conceivable bridge, but it is too indirect to support the Entry reliably."
E032/L053,E032,L053,"今日は予定していた三つを終えた。
四つ目を始めなかったことだけが、帰るときに残った。",戻れない時間にも、直せたものは置かれている。,8,8,b_v2_band_sensitivity_codex_review_v1,codex_provisional,true,false,too_far,weak_connection,medium,false,false,false,false,false,"Codex provisional: the Line meaning '不可逆性と修復' has a conceivable bridge, but it is too indirect to support the Entry reliably."
E032/L068,E032,L068,"今日は予定していた三つを終えた。
四つ目を始めなかったことだけが、帰るときに残った。",更新されたものには、更新されなかった部分がよく見える。,8,4,b_v2_band_sensitivity_codex_review_v1,codex_provisional,true,true,just_right,analogical_transfer,low,true,false,false,false,false,Codex provisional: the Line meaning '変化と残存' provides a usable reflective bridge without merely restating the Entry.
E032/L076,E032,L076,"今日は予定していた三つを終えた。
四つ目を始めなかったことだけが、帰るときに残った。",終わった線の先にも、同じ紙が続いている。,163,163,b_v2_band_sensitivity_codex_review_v1,codex_provisional,true,false,too_far,weak_connection,medium,false,false,false,false,false,"Codex provisional: the Line meaning '終結と継続' has a conceivable bridge, but it is too indirect to support the Entry reliably."
E032/L077,E032,L077,"今日は予定していた三つを終えた。
四つ目を始めなかったことだけが、帰るときに残った。",捨てなかった箱は、まだ決めていない時間を守る。,9,9,b_v2_band_sensitivity_codex_review_v1,codex_provisional,true,false,too_far,weak_connection,medium,false,false,false,false,false,"Codex provisional: the Line meaning '保留された手放し' has a conceivable bridge, but it is too indirect to support the Entry reliably."
E032/L092,E032,L092,"今日は予定していた三つを終えた。
四つ目を始めなかったことだけが、帰るときに残った。",待つ時間は、終わる直前に形を変える。,51,51,b_v2_band_sensitivity_codex_review_v1,codex_provisional,true,false,not_obserbing,unrelated,high,false,false,false,false,true,Codex provisional: the Line meaning '待ち時間の反転' does not provide a meaningful bridge to the Entry.
E032/L097,E032,L097,"今日は予定していた三つを終えた。
四つ目を始めなかったことだけが、帰るときに残った。",未来を見ている間も、足元は静かに通り過ぎる。,24,24,b_v2_band_sensitivity_codex_review_v1,codex_provisional,true,false,too_far,weak_connection,medium,false,false,false,false,false,"Codex provisional: the Line meaning '未来と現在の通過' has a conceivable bridge, but it is too indirect to support the Entry reliably."
E032/L102,E032,L102,"今日は予定していた三つを終えた。
四つ目を始めなかったことだけが、帰るときに残った。",終えた三つより、始めなかった一つは声が大きい。,432,392,reflective_distance_codex_judgments_v1,codex_reassessment,true,false,too_close,direct_restatement,high,false,false,false,false,false,Entryの三つの完了と四つ目の未着手を同じ数量でそのまま言い換える
E032/L103,E032,L103,"今日は予定していた三つを終えた。
四つ目を始めなかったことだけが、帰るときに残った。",『もっと』は、いつも少し早く席に着いている。,7,7,b_v2_band_sensitivity_codex_review_v1,codex_provisional,true,true,just_right,same_domain,medium,false,false,false,false,false,Codex provisional: the Line meaning '常在する追加要求' provides a usable reflective bridge without merely restating the Entry.
E032/L105,E032,L105,"今日は予定していた三つを終えた。
四つ目を始めなかったことだけが、帰るときに残った。",満ちた器にも、次の一滴の場所を探す目がある。,100,100,b_v2_band_sensitivity_codex_review_v1,codex_provisional,true,true,just_right,same_domain,medium,false,false,false,false,false,Codex provisional: the Line meaning '達成後の不足探索' provides a usable reflective bridge without merely restating the Entry.
E032/L106,E032,L106,"今日は予定していた三つを終えた。
四つ目を始めなかったことだけが、帰るときに残った。",できたことは静かで、できなかったことはよく響く。,60,60,b_v2_band_sensitivity_codex_review_v1,codex_provisional,true,false,too_close,direct_restatement,high,false,false,false,false,false,Codex provisional: the Line meaning '未達成への注意' follows the Entry structure too directly to create reflective distance.
E032/L107,E032,L107,"今日は予定していた三つを終えた。
四つ目を始めなかったことだけが、帰るときに残った。",期待の影は、持ち主より先に伸びることがある。,9,9,b_v2_band_sensitivity_codex_review_v1,codex_provisional,true,false,too_far,weak_connection,medium,false,false,false,false,false,"Codex provisional: the Line meaning '期待と主体' has a conceivable bridge, but it is too indirect to support the Entry reliably."
E033/L004,E033,L004,もっとできたはず、という言葉だけはいつも準備がいい。,分かれ道は、通り過ぎても消えない。,15,15,b_v2_band_sensitivity_codex_review_v1,codex_provisional,true,false,too_far,weak_connection,medium,false,false,false,false,false,"Codex provisional: the Line meaning '選択の記憶' has a conceivable bridge, but it is too indirect to support the Entry reliably."
E033/L005,E033,L005,もっとできたはず、という言葉だけはいつも準備がいい。,答えより先に、選んだという事実が残る。,458,458,b_v2_integrated_codex_judgments_v1,codex_integrated_v1,true,false,too_far,weak_connection,medium,false,false,false,false,false,The fact of choosing that remains does not illuminate the automatic thought that more should have been done.
E033/L007,E033,L007,もっとできたはず、という言葉だけはいつも準備がいい。,扉は、開ける音より閉じる音の方が長く残る。,17,17,b_v2_band_sensitivity_codex_review_v1,codex_provisional,true,false,too_far,weak_connection,medium,false,false,false,false,false,"Codex provisional: the Line meaning '決定と喪失' has a conceivable bridge, but it is too indirect to support the Entry reliably."
E033/L011,E033,L011,もっとできたはず、という言葉だけはいつも準備がいい。,見えない先にも、同じだけ朝は来る。,14,14,b_v2_band_sensitivity_codex_review_v1,codex_provisional,true,false,not_obserbing,unrelated,high,false,false,false,false,true,Codex provisional: the Line meaning '不確実な未来の継続' does not provide a meaningful bridge to the Entry.
E033/L012,E033,L012,もっとできたはず、という言葉だけはいつも準備がいい。,わからなさは、空白ではなく形の途中かもしれない。,21,21,b_v2_band_sensitivity_codex_review_v1,codex_provisional,true,false,too_far,weak_connection,medium,false,false,false,false,false,"Codex provisional: the Line meaning '未確定な状態' has a conceivable bridge, but it is too indirect to support the Entry reliably."
E033/L035,E033,L035,もっとできたはず、という言葉だけはいつも準備がいい。,空いた席は、不在より先に距離を語る。,190,190,b_v2_band_sensitivity_codex_review_v1,codex_provisional,true,false,not_obserbing,unrelated,high,false,false,false,false,true,Codex provisional: the Line meaning '不在の可視化' does not provide a meaningful bridge to the Entry.
E033/L036,E033,L036,もっとできたはず、という言葉だけはいつも準備がいい。,離れたあとで、近すぎた音が聞こえる。,13,13,b_v2_band_sensitivity_codex_review_v1,codex_provisional,true,false,too_far,weak_connection,medium,false,false,false,false,false,"Codex provisional: the Line meaning '距離後の再評価' has a conceivable bridge, but it is too indirect to support the Entry reliably."
E033/L055,E033,L055,もっとできたはず、という言葉だけはいつも準備がいい。,できなかった一つは、数え方を変える力が強い。,210,210,b_v2_integrated_codex_judgments_v1,codex_integrated_v1,true,false,too_close,direct_restatement,high,false,false,false,false,false,One undone thing changing the count closely paraphrases the ready thought that more could have been done.
E033/L058,E033,L058,もっとできたはず、という言葉だけはいつも準備がいい。,転んだ場所は、立った場所にもなる。,136,136,b_v2_band_sensitivity_codex_review_v1,codex_provisional,true,false,too_far,weak_connection,medium,false,false,false,false,false,"Codex provisional: the Line meaning '失敗と再開' has a conceivable bridge, but it is too indirect to support the Entry reliably."
E033/L076,E033,L076,もっとできたはず、という言葉だけはいつも準備がいい。,終わった線の先にも、同じ紙が続いている。,17,17,b_v2_band_sensitivity_codex_review_v1,codex_provisional,true,false,too_far,weak_connection,medium,false,false,false,false,false,"Codex provisional: the Line meaning '終結と継続' has a conceivable bridge, but it is too indirect to support the Entry reliably."
E033/L082,E033,L082,もっとできたはず、という言葉だけはいつも準備がいい。,静かな日は、自分の声の距離がよくわかる。,52,52,b_v2_band_sensitivity_codex_review_v1,codex_provisional,true,false,too_far,weak_connection,medium,false,false,false,false,false,"Codex provisional: the Line meaning '静けさと自己の声' has a conceivable bridge, but it is too indirect to support the Entry reliably."
E033/L095,E033,L095,もっとできたはず、という言葉だけはいつも準備がいい。,過ぎたあとで長くなる時間もある。,52,52,b_v2_band_sensitivity_codex_review_v1,codex_provisional,true,false,too_far,weak_connection,medium,false,false,false,false,false,"Codex provisional: the Line meaning '回想による時間変化' has a conceivable bridge, but it is too indirect to support the Entry reliably."
E033/L105,E033,L105,もっとできたはず、という言葉だけはいつも準備がいい。,満ちた器にも、次の一滴の場所を探す目がある。,32,32,b_v2_band_sensitivity_codex_review_v1,codex_provisional,true,true,just_right,same_domain,low,true,false,false,false,false,Codex provisional: the Line meaning '達成後の不足探索' provides a usable reflective bridge without merely restating the Entry.
E033/L106,E033,L106,もっとできたはず、という言葉だけはいつも準備がいい。,できたことは静かで、できなかったことはよく響く。,403,403,reflective_distance_codex_judgments_v1,codex_reassessment,true,true,just_right,analogical_transfer,high,false,false,false,false,false,達成より未達が強く残る一般的な構造へ移し具体数量をユーザー事実として断定しない
E033/L107,E033,L107,もっとできたはず、という言葉だけはいつも準備がいい。,期待の影は、持ち主より先に伸びることがある。,135,135,reflective_distance_codex_judgments_v1,codex_reassessment,true,true,just_right,analogical_transfer,medium,false,false,false,false,false,実際の達成より先に期待が自己評価へ影を落とす構造としてもっとできたという声を照らす
E034/L015,E034,L015,洗濯物がよく乾いた。それだけの日だったと言うには、少しちゃんとした日だった。,まだ起きていないことにも、影はできる。,8,8,b_v2_band_sensitivity_codex_review_v1,codex_provisional,true,false,not_obserbing,unrelated,high,false,false,false,false,true,Codex provisional: the Line meaning '予期の影響' does not provide a meaningful bridge to the Entry.
E034/L046,E034,L046,洗濯物がよく乾いた。それだけの日だったと言うには、少しちゃんとした日だった。,終わった項目の間に、一日の形が隠れている。,270,270,b_v2_band_sensitivity_codex_review_v1,codex_provisional,true,true,just_right,analogical_transfer,low,true,false,false,false,false,Codex provisional: the Line meaning 'タスクと一日' provides a usable reflective bridge without merely restating the Entry.
E034/L048,E034,L048,洗濯物がよく乾いた。それだけの日だったと言うには、少しちゃんとした日だった。,進捗のない日にも、使われた時間の跡はある。,3,3,b_v2_band_sensitivity_codex_review_v1,codex_provisional,true,true,just_right,analogical_transfer,medium,false,false,false,false,false,Codex provisional: the Line meaning '成果と時間の分離' provides a usable reflective bridge without merely restating the Entry.
E034/L052,E034,L052,洗濯物がよく乾いた。それだけの日だったと言うには、少しちゃんとした日だった。,小さな欠けは、広い面の中でよく光る。,15,15,b_v2_band_sensitivity_codex_review_v1,codex_provisional,true,false,too_far,weak_connection,medium,false,false,false,false,false,"Codex provisional: the Line meaning '欠点への注目' has a conceivable bridge, but it is too indirect to support the Entry reliably."
E034/L054,E034,L054,洗濯物がよく乾いた。それだけの日だったと言うには、少しちゃんとした日だった。,失敗のあとに普通の声がすると、世界の続きが見える。,359,317,b_v2_integrated_codex_judgments_v1,codex_integrated_v1,true,false,not_obserbing,unrelated,high,false,false,false,false,true,Ordinary speech after failure has no connection to a modestly satisfying day marked by dry laundry.
E034/L057,E034,L057,洗濯物がよく乾いた。それだけの日だったと言うには、少しちゃんとした日だった。,見つからなかった間違いと、見つけた自分は同時にいる。,15,15,b_v2_band_sensitivity_codex_review_v1,codex_provisional,true,false,not_obserbing,unrelated,high,false,false,false,false,true,Codex provisional: the Line meaning '発見と自己' does not provide a meaningful bridge to the Entry.
E034/L065,E034,L065,洗濯物がよく乾いた。それだけの日だったと言うには、少しちゃんとした日だった。,慣れは、変化より少し遅れて到着する。,10,10,b_v2_band_sensitivity_codex_review_v1,codex_provisional,true,false,not_obserbing,unrelated,high,false,false,false,false,true,Codex provisional: the Line meaning '変化と適応の時差' does not provide a meaningful bridge to the Entry.
E034/L067,E034,L067,洗濯物がよく乾いた。それだけの日だったと言うには、少しちゃんとした日だった。,同じ道の景色が変わると、歩幅も少し変わる。,6,6,b_v2_band_sensitivity_codex_review_v1,codex_provisional,true,false,too_far,weak_connection,medium,false,false,false,false,false,"Codex provisional: the Line meaning '環境変化と感覚' has a conceivable bridge, but it is too indirect to support the Entry reliably."
E034/L088,E034,L088,洗濯物がよく乾いた。それだけの日だったと言うには、少しちゃんとした日だった。,共有しなかった出来事にも、同じ一日の重さがある。,60,60,reflective_distance_human_review_v1,human_review,false,true,just_right,same_domain,human_confirmed,false,false,false,false,false,Product-owner decision normalized to reflective-distance-v1.
E034/L091,E034,L091,洗濯物がよく乾いた。それだけの日だったと言うには、少しちゃんとした日だった。,先の予定をめくる指の下で、今日も一枚になっていく。,6,6,b_v2_band_sensitivity_codex_review_v1,codex_provisional,true,false,too_far,weak_connection,medium,false,false,false,false,false,"Codex provisional: the Line meaning '未来への注視と現在' has a conceivable bridge, but it is too indirect to support the Entry reliably."
E034/L098,E034,L098,洗濯物がよく乾いた。それだけの日だったと言うには、少しちゃんとした日だった。,区切った時間の隙間に、区切れない一日がある。,3,3,b_v2_band_sensitivity_codex_review_v1,codex_provisional,true,true,just_right,analogical_transfer,low,true,false,false,false,false,Codex provisional: the Line meaning '時間単位と連続性' provides a usable reflective bridge without merely restating the Entry.
E034/L105,E034,L105,洗濯物がよく乾いた。それだけの日だったと言うには、少しちゃんとした日だった。,満ちた器にも、次の一滴の場所を探す目がある。,12,12,b_v2_band_sensitivity_codex_review_v1,codex_provisional,true,false,too_far,weak_connection,medium,false,false,false,false,false,"Codex provisional: the Line meaning '達成後の不足探索' has a conceivable bridge, but it is too indirect to support the Entry reliably."
E034/L111,E034,L111,洗濯物がよく乾いた。それだけの日だったと言うには、少しちゃんとした日だった。,よく乾いた布には、その日の光が少し残る。,70,70,reflective_distance_codex_judgments_v1,codex_reassessment,true,true,just_right,same_domain,medium,false,false,false,false,false,乾いた洗濯物に一日の光が残るという像で小さな一日の充実を開いたまま照らす
E034/L113,E034,L113,洗濯物がよく乾いた。それだけの日だったと言うには、少しちゃんとした日だった。,何もなかった日は、何も壊れなかった日でもある。,15,15,b_v2_band_sensitivity_codex_review_v1,codex_provisional,true,true,just_right,same_domain,medium,false,false,false,false,false,Codex provisional: the Line meaning '無事な一日' provides a usable reflective bridge without merely restating the Entry.
E034/L114,E034,L114,洗濯物がよく乾いた。それだけの日だったと言うには、少しちゃんとした日だった。,小さな出来事ほど、一日の底で長く光る。,965,471,b_v2_band_sensitivity_codex_review_v1,codex_provisional,true,false,too_close,direct_restatement,high,false,false,false,false,false,Codex provisional: the Line meaning '平凡な出来事の余韻' follows the Entry structure too directly to create reflective distance.
E034/L116,E034,L116,洗濯物がよく乾いた。それだけの日だったと言うには、少しちゃんとした日だった。,覚えておくほどでもない日は、静かに覚えられる。,78,78,b_v2_band_sensitivity_codex_review_v1,codex_provisional,true,false,too_close,direct_restatement,high,false,false,false,false,false,Codex provisional: the Line meaning '平凡な日の記録' follows the Entry structure too directly to create reflective distance.
E034/L117,E034,L117,洗濯物がよく乾いた。それだけの日だったと言うには、少しちゃんとした日だった。,湯気が消えるまでの時間にも、一日は流れている。,340,178,reflective_distance_codex_judgments_v1,codex_reassessment,true,true,just_right,analogical_transfer,high,false,false,false,false,false,洗濯物が乾く小さな時間にも一日が宿ることを湯気が消える時間へ転写する
E035/L013,E035,L013,"帰り道の店が閉まっていた。
困らなかったけれど、いつも明るかった場所が暗いと道が少し短く感じた。",霧の中では、近いものまで遠く見える。,150,150,b_v2_band_sensitivity_codex_review_v1,codex_provisional,true,true,just_right,analogical_transfer,low,true,false,false,false,false,Codex provisional: the Line meaning '不確実性による距離感' provides a usable reflective bridge without merely restating the Entry.
E035/L054,E035,L054,"帰り道の店が閉まっていた。
困らなかったけれど、いつも明るかった場所が暗いと道が少し短く感じた。",失敗のあとに普通の声がすると、世界の続きが見える。,5,5,b_v2_band_sensitivity_codex_review_v1,codex_provisional,true,false,not_obserbing,unrelated,high,false,false,false,false,true,Codex provisional: the Line meaning '失敗後の平常' does not provide a meaningful bridge to the Entry.
E035/L068,E035,L068,"帰り道の店が閉まっていた。
困らなかったけれど、いつも明るかった場所が暗いと道が少し短く感じた。",更新されたものには、更新されなかった部分がよく見える。,9,9,b_v2_band_sensitivity_codex_review_v1,codex_provisional,true,true,just_right,same_domain,low,true,false,false,false,false,Codex provisional: the Line meaning '変化と残存' provides a usable reflective bridge without merely restating the Entry.
E035/L072,E035,L072,"帰り道の店が閉まっていた。
困らなかったけれど、いつも明るかった場所が暗いと道が少し短く感じた。",消した記録は、消したという記録を残す。,164,131,b_v2_integrated_codex_judgments_v1,codex_integrated_v1,true,false,too_far,weak_connection,medium,false,false,false,false,false,A deleted record leaving a record of deletion only loosely connects to a closed shop changing a familiar road.
E035/L078,E035,L078,"帰り道の店が閉まっていた。
困らなかったけれど、いつも明るかった場所が暗いと道が少し短く感じた。",不在は、ときどき物より先に部屋へ着く。,16,16,b_v2_band_sensitivity_codex_review_v1,codex_provisional,true,true,just_right,analogical_transfer,medium,false,false,false,false,false,Codex provisional: the Line meaning '不在の感覚' provides a usable reflective bridge without merely restating the Entry.
E035/L082,E035,L082,"帰り道の店が閉まっていた。
困らなかったけれど、いつも明るかった場所が暗いと道が少し短く感じた。",静かな日は、自分の声の距離がよくわかる。,38,38,b_v2_band_sensitivity_codex_review_v1,codex_provisional,true,false,too_far,weak_connection,medium,false,false,false,false,false,"Codex provisional: the Line meaning '静けさと自己の声' has a conceivable bridge, but it is too indirect to support the Entry reliably."
E035/L085,E035,L085,"帰り道の店が閉まっていた。
困らなかったけれど、いつも明るかった場所が暗いと道が少し短く感じた。",空席の数と、孤独の数は一致しない。,66,66,b_v2_band_sensitivity_codex_review_v1,codex_provisional,true,false,not_obserbing,unrelated,high,false,false,false,false,true,Codex provisional: the Line meaning '物理的単独と孤独感' does not provide a meaningful bridge to the Entry.
E035/L087,E035,L087,"帰り道の店が閉まっていた。
困らなかったけれど、いつも明るかった場所が暗いと道が少し短く感じた。",静けさを望んだ耳も、静けさを確かめる。,12,12,b_v2_band_sensitivity_codex_review_v1,codex_provisional,true,false,too_far,weak_connection,medium,false,false,false,false,false,"Codex provisional: the Line meaning '望んだ孤独の確認' has a conceivable bridge, but it is too indirect to support the Entry reliably."
E035/L092,E035,L092,"帰り道の店が閉まっていた。
困らなかったけれど、いつも明るかった場所が暗いと道が少し短く感じた。",待つ時間は、終わる直前に形を変える。,9,9,b_v2_band_sensitivity_codex_review_v1,codex_provisional,true,false,not_obserbing,unrelated,high,false,false,false,false,true,Codex provisional: the Line meaning '待ち時間の反転' does not provide a meaningful bridge to the Entry.
E035/L095,E035,L095,"帰り道の店が閉まっていた。
困らなかったけれど、いつも明るかった場所が暗いと道が少し短く感じた。",過ぎたあとで長くなる時間もある。,307,230,b_v2_integrated_codex_judgments_v1,codex_integrated_v1,true,true,just_right,analogical_transfer,low,true,false,false,false,false,Time becoming longer afterward may map a familiar road changing length after a closure but the direction is ambiguous.
E035/L111,E035,L111,"帰り道の店が閉まっていた。
困らなかったけれど、いつも明るかった場所が暗いと道が少し短く感じた。",よく乾いた布には、その日の光が少し残る。,405,219,b_v2_integrated_codex_judgments_v1,codex_integrated_v1,true,true,just_right,analogical_transfer,medium,false,false,false,false,false,Light remaining in dried cloth maps the usual shop light continuing to shape the road after it is gone.
E035/L112,E035,L112,"帰り道の店が閉まっていた。
困らなかったけれど、いつも明るかった場所が暗いと道が少し短く感じた。",いつもの灯りがないだけで、道は別の長さになる。,405,215,reflective_distance_codex_judgments_v1,codex_reassessment,true,false,too_close,direct_restatement,high,false,false,false,false,false,灯りがなく道の長さが変わるというEntryの表現を直接反復する
E035/L116,E035,L116,"帰り道の店が閉まっていた。
困らなかったけれど、いつも明るかった場所が暗いと道が少し短く感じた。",覚えておくほどでもない日は、静かに覚えられる。,4,4,b_v2_band_sensitivity_codex_review_v1,codex_provisional,true,false,too_far,weak_connection,medium,false,false,false,false,false,"Codex provisional: the Line meaning '平凡な日の記録' has a conceivable bridge, but it is too indirect to support the Entry reliably."
E036/L046,E036,L046,特に何もなかったことを、今日はわざわざ覚えておきたい。,終わった項目の間に、一日の形が隠れている。,120,120,b_v2_band_sensitivity_codex_review_v1,codex_provisional,true,true,just_right,analogical_transfer,low,true,false,false,false,false,Codex provisional: the Line meaning 'タスクと一日' provides a usable reflective bridge without merely restating the Entry.
E036/L054,E036,L054,特に何もなかったことを、今日はわざわざ覚えておきたい。,失敗のあとに普通の声がすると、世界の続きが見える。,135,135,b_v2_band_sensitivity_codex_review_v1,codex_provisional,true,false,not_obserbing,unrelated,high,false,false,false,false,true,Codex provisional: the Line meaning '失敗後の平常' does not provide a meaningful bridge to the Entry.
E036/L063,E036,L063,特に何もなかったことを、今日はわざわざ覚えておきたい。,新しいものの箱には、古いものの時間も入る。,2,2,b_v2_band_sensitivity_codex_review_v1,codex_provisional,true,false,too_far,weak_connection,medium,false,false,false,false,false,"Codex provisional: the Line meaning '更新と過去' has a conceivable bridge, but it is too indirect to support the Entry reliably."
E036/L064,E036,L064,特に何もなかったことを、今日はわざわざ覚えておきたい。,変わったあとで、望んでいた形が見直される。,9,9,b_v2_band_sensitivity_codex_review_v1,codex_provisional,true,false,not_obserbing,unrelated,high,false,false,false,false,true,Codex provisional: the Line meaning '変化後の願望再評価' does not provide a meaningful bridge to the Entry.
E036/L065,E036,L065,特に何もなかったことを、今日はわざわざ覚えておきたい。,慣れは、変化より少し遅れて到着する。,45,45,b_v2_band_sensitivity_codex_review_v1,codex_provisional,true,false,not_obserbing,unrelated,high,false,false,false,false,true,Codex provisional: the Line meaning '変化と適応の時差' does not provide a meaningful bridge to the Entry.
E036/L066,E036,L066,特に何もなかったことを、今日はわざわざ覚えておきたい。,手放した場所に、手の形だけがしばらく残る。,6,6,b_v2_band_sensitivity_codex_review_v1,codex_provisional,true,false,too_far,weak_connection,medium,false,false,false,false,false,"Codex provisional: the Line meaning '手放しの余韻' has a conceivable bridge, but it is too indirect to support the Entry reliably."
E036/L067,E036,L067,特に何もなかったことを、今日はわざわざ覚えておきたい。,同じ道の景色が変わると、歩幅も少し変わる。,12,12,b_v2_band_sensitivity_codex_review_v1,codex_provisional,true,false,too_far,weak_connection,medium,false,false,false,false,false,"Codex provisional: the Line meaning '環境変化と感覚' has a conceivable bridge, but it is too indirect to support the Entry reliably."
E036/L068,E036,L068,特に何もなかったことを、今日はわざわざ覚えておきたい。,更新されたものには、更新されなかった部分がよく見える。,515,465,b_v2_integrated_codex_judgments_v1,codex_integrated_v1,true,false,too_far,weak_connection,medium,false,false,false,false,false,An update highlighting unchanged parts does not clearly connect to deliberately remembering an uneventful day.
E036/L071,E036,L071,特に何もなかったことを、今日はわざわざ覚えておきたい。,戻ってきたものにも、戻らなかった時間がある。,12,12,b_v2_band_sensitivity_codex_review_v1,codex_provisional,true,false,too_far,weak_connection,medium,false,false,false,false,false,"Codex provisional: the Line meaning '回復と失われた時間' has a conceivable bridge, but it is too indirect to support the Entry reliably."
E036/L091,E036,L091,特に何もなかったことを、今日はわざわざ覚えておきたい。,先の予定をめくる指の下で、今日も一枚になっていく。,28,28,b_v2_band_sensitivity_codex_review_v1,codex_provisional,true,false,too_far,weak_connection,medium,false,false,false,false,false,"Codex provisional: the Line meaning '未来への注視と現在' has a conceivable bridge, but it is too indirect to support the Entry reliably."
E036/L111,E036,L111,特に何もなかったことを、今日はわざわざ覚えておきたい。,よく乾いた布には、その日の光が少し残る。,96,96,b_v2_band_sensitivity_codex_review_v1,codex_provisional,true,true,just_right,same_domain,low,true,false,false,false,false,Codex provisional: the Line meaning '小さな生活の充足' provides a usable reflective bridge without merely restating the Entry.
E036/L114,E036,L114,特に何もなかったことを、今日はわざわざ覚えておきたい。,小さな出来事ほど、一日の底で長く光る。,350,310,b_v2_integrated_codex_judgments_v1,codex_integrated_v1,true,false,too_close,direct_restatement,high,false,false,false,false,false,A small event glowing through the day nearly supplies the Entry's intended meaning.
E036/L116,E036,L116,特に何もなかったことを、今日はわざわざ覚えておきたい。,覚えておくほどでもない日は、静かに覚えられる。,468,234,reflective_distance_codex_judgments_v1,codex_reassessment,true,false,too_close,direct_restatement,high,false,false,false,false,false,何もない日を覚えておきたいというEntryをほぼそのまま逆説化する
E036/L117,E036,L117,特に何もなかったことを、今日はわざわざ覚えておきたい。,湯気が消えるまでの時間にも、一日は流れている。,282,274,b_v2_integrated_codex_judgments_v1,codex_integrated_v1,true,true,just_right,analogical_transfer,medium,false,false,false,false,false,Time passing through vanishing steam gives an ordinary interval a form worth noticing.
E036/L118,E036,L118,特に何もなかったことを、今日はわざわざ覚えておきたい。,同じ景色を通るたび、同じではないものが増える。,30,30,b_v2_band_sensitivity_codex_review_v1,codex_provisional,true,false,too_far,weak_connection,medium,false,false,false,false,false,"Codex provisional: the Line meaning '反復と変化' has a conceivable bridge, but it is too indirect to support the Entry reliably."
